2026-09-01 11:32:49,025 [INFO] ==================================================
2026-09-01 11:32:49,028 [INFO]   Polymarket 真實損益 · 唯讀狀態伺服器
2026-09-01 11:32:49,030 [INFO]   WebSocket: ws://localhost:8767
2026-09-01 11:32:49,032 [INFO]   純唯讀查詢，不會下單、不會動用任何資金
2026-09-01 11:32:49,034 [INFO]   開啟 web/polymarket_live.html 查看
2026-09-01 11:32:49,036 [INFO] ==================================================
2026-09-01 11:32:49,050 [INFO] server listening on [::1]:8767
2026-09-01 11:32:49,052 [INFO] server listening on 127.0.0.1:8767
2026-09-01 11:32:49,733 [INFO] 連線到 https://clob.polymarket.com（chain_id=137, signature_type=3）...
2026-09-01 11:32:50,108 [INFO] HTTP Request: POST https://clob.polymarket.com/auth/api-key "HTTP/2 400 Bad Request"
2026-09-01 11:32:50,109 [ERROR] [py_clob_client_v2] request error status=400 url=https://clob.polymarket.com/auth/api-key body={"error":"Could not create api key"}

2026-09-01 11:32:50,381 [INFO] HTTP Request: GET https://clob.polymarket.com/auth/derive-api-key "HTTP/2 200 OK"
2026-09-01 11:32:50,383 [INFO] API 憑證取得成功
2026-09-01 11:32:50,655 [INFO] HTTP Request: GET https://clob.polymarket.com/balance-allowance?signature_type=3&asset_type=COLLATERAL "HTTP/2 200 OK"
2026-09-01 11:32:50,924 [INFO] HTTP Request: GET https://clob.polymarket.com/data/orders?next_cursor=MA%3D%3D "HTTP/2 200 OK"
2026-09-01 11:32:51,220 [INFO] HTTP Request: GET https://clob.polymarket.com/data/trades?next_cursor=MA%3D%3D "HTTP/2 200 OK"
2026-09-01 11:32:51,961 [INFO] HTTP Request: GET https://clob.polymarket.com/balance-allowance?signature_type=3&asset_type=CONDITIONAL&token_id=18492538775219554547348214188594610629789600656558072239962607194323831777030 "HTTP/2 200 OK"
2026-09-01 11:32:52,232 [INFO] HTTP Request: GET https://clob.polymarket.com/midpoint?token_id=18492538775219554547348214188594610629789600656558072239962607194323831777030 "HTTP/2 200 OK"
2026-09-01 11:32:52,503 [INFO] HTTP Request: GET https://clob.polymarket.com/balance-allowance?signature_type=3&asset_type=CONDITIONAL&token_id=26476877693084651121621184216158038808086127859124156881728124490165576523451 "HTTP/2 200 OK"
2026-09-01 11:32:52,774 [INFO] HTTP Request: GET https://clob.polymarket.com/balance-allowance?signature_type=3&asset_type=CONDITIONAL&token_id=1209100588465112785678818703438506470483599541553020185250221908965218772872 "HTTP/2 200 OK"
2026-09-01 11:32:53,051 [INFO] HTTP Request: GET https://clob.polymarket.com/balance-allowance?signature_type=3&asset_type=CONDITIONAL&token_id=93916878111672268481252206262845735261798466120756180735892780967004183463197 "HTTP/2 200 OK"
2026-09-01 11:32:53,323 [INFO] HTTP Request: GET https://clob.polymarket.com/midpoint?token_id=93916878111672268481252206262845735261798466120756180735892780967004183463197 "HTTP/2 404 Not Found"
2026-09-01 11:32:53,324 [ERROR] [py_clob_client_v2] request error status=404 url=https://clob.polymarket.com/midpoint body={"error":"No orderbook exists for the requested token id"}

2026-09-01 11:32:53,601 [INFO] HTTP Request: GET https://clob.polymarket.com/balance-allowance?signature_type=3&asset_type=CONDITIONAL&token_id=28954351601602517116578143135946836170457660396784135870164340162656431805667 "HTTP/2 200 OK"
2026-09-01 11:32:53,776 [INFO] connection open
2026-09-01 11:32:53,776 [INFO] 真實損益頁面已連接（共 1 個客戶端）
2026-09-01 11:32:53,921 [INFO] HTTP Request: GET https://clob.polymarket.com/balance-allowance?signature_type=3&asset_type=CONDITIONAL&token_id=12484443029638413509502910860782421850450630566092261670297734882124129927945 "HTTP/2 200 OK"
2026-09-01 11:32:54,190 [INFO] HTTP Request: GET https://clob.polymarket.com/balance-allowance?signature_type=3&asset_type=CONDITIONAL&token_id=7315630279356402451607528102757966574517160483320315701818416523780415559343 "HTTP/2 200 OK"
2026-09-01 11:32:54,460 [INFO] HTTP Request: GET https://clob.polymarket.com/midpoint?token_id=7315630279356402451607528102757966574517160483320315701818416523780415559343 "HTTP/2 404 Not Found"
2026-09-01 11:32:54,462 [ERROR] [py_clob_client_v2] request error status=404 url=https://clob.polymarket.com/midpoint body={"error":"No orderbook exists for the requested token id"}

2026-09-01 11:32:54,730 [INFO] HTTP Request: GET https://clob.polymarket.com/balance-allowance?signature_type=3&asset_type=CONDITIONAL&token_id=45243531243564914870359178704260032346567195670486694098991320431632066084959 "HTTP/2 200 OK"
2026-09-01 11:32:55,001 [INFO] HTTP Request: GET https://clob.polymarket.com/balance-allowance?signature_type=3&asset_type=CONDITIONAL&token_id=63063177066554368528220916797358300516904875685438223115936204251079189797073 "HTTP/2 200 OK"
2026-09-01 11:32:55,271 [INFO] HTTP Request: GET https://clob.polymarket.com/balance-allowance?signature_type=3&asset_type=CONDITIONAL&token_id=80716710641755692474427312329576514729077570693382730749808679909860426915321 "HTTP/2 200 OK"
2026-09-01 11:32:55,274 [INFO] 真實帳戶狀態：餘額 $54.49，持有部位 1 個，成交 30 筆
2026-09-01 11:33:05,872 [INFO] HTTP Request: GET https://clob.polymarket.com/balance-allowance?signature_type=3&asset_type=COLLATERAL "HTTP/2 200 OK"
2026-09-01 11:33:06,144 [INFO] HTTP Request: GET https://clob.polymarket.com/data/orders?next_cursor=MA%3D%3D "HTTP/2 200 OK"
2026-09-01 11:33:06,427 [INFO] HTTP Request: GET https://clob.polymarket.com/data/trades?next_cursor=MA%3D%3D "HTTP/2 200 OK"
2026-09-01 11:33:06,759 [INFO] HTTP Request: GET https://clob.polymarket.com/balance-allowance?signature_type=3&asset_type=CONDITIONAL&token_id=18492538775219554547348214188594610629789600656558072239962607194323831777030 "HTTP/2 200 OK"
2026-09-01 11:33:07,030 [INFO] HTTP Request: GET https://clob.polymarket.com/midpoint?token_id=18492538775219554547348214188594610629789600656558072239962607194323831777030 "HTTP/2 200 OK"
2026-09-01 11:33:07,314 [INFO] HTTP Request: GET https://clob.polymarket.com/balance-allowance?signature_type=3&asset_type=CONDITIONAL&token_id=26476877693084651121621184216158038808086127859124156881728124490165576523451 "HTTP/2 200 OK"
2026-09-01 11:33:07,592 [INFO] HTTP Request: GET https://clob.polymarket.com/balance-allowance?signature_type=3&asset_type=CONDITIONAL&token_id=1209100588465112785678818703438506470483599541553020185250221908965218772872 "HTTP/2 200 OK"
2026-09-01 11:33:07,866 [INFO] HTTP Request: GET https://clob.polymarket.com/balance-allowance?signature_type=3&asset_type=CONDITIONAL&token_id=28954351601602517116578143135946836170457660396784135870164340162656431805667 "HTTP/2 200 OK"
2026-09-01 11:33:08,147 [INFO] HTTP Request: GET https://clob.polymarket.com/balance-allowance?signature_type=3&asset_type=CONDITIONAL&token_id=12484443029638413509502910860782421850450630566092261670297734882124129927945 "HTTP/2 200 OK"
2026-09-01 11:33:08,420 [INFO] HTTP Request: GET https://clob.polymarket.com/balance-allowance?signature_type=3&asset_type=CONDITIONAL&token_id=45243531243564914870359178704260032346567195670486694098991320431632066084959 "HTTP/2 200 OK"
2026-09-01 11:33:08,694 [INFO] HTTP Request: GET https://clob.polymarket.com/balance-allowance?signature_type=3&asset_type=CONDITIONAL&token_id=63063177066554368528220916797358300516904875685438223115936204251079189797073 "HTTP/2 200 OK"
2026-09-01 11:33:08,976 [INFO] HTTP Request: GET https://clob.polymarket.com/balance-allowance?signature_type=3&asset_type=CONDITIONAL&token_id=80716710641755692474427312329576514729077570693382730749808679909860426915321 "HTTP/2 200 OK"
2026-09-01 11:33:08,980 [INFO] 真實帳戶狀態：餘額 $54.49，持有部位 1 個，成交 30 筆
2026-09-01 11:33:19,337 [INFO] HTTP Request: GET https://clob.polymarket.com/balance-allowance?signature_type=3&asset_type=COLLATERAL "HTTP/2 200 OK"
2026-09-01 11:33:19,608 [INFO] HTTP Request: GET https://clob.polymarket.com/data/orders?next_cursor=MA%3D%3D "HTTP/2 200 OK"
2026-09-01 11:33:19,893 [INFO] HTTP Request: GET https://clob.polymarket.com/data/trades?next_cursor=MA%3D%3D "HTTP/2 200 OK"
2026-09-01 11:33:20,640 [INFO] HTTP Request: GET https://clob.polymarket.com/balance-allowance?signature_type=3&asset_type=CONDITIONAL&token_id=18492538775219554547348214188594610629789600656558072239962607194323831777030 "HTTP/2 200 OK"
2026-09-01 11:33:20,920 [INFO] HTTP Request: GET https://clob.polymarket.com/midpoint?token_id=18492538775219554547348214188594610629789600656558072239962607194323831777030 "HTTP/2 200 OK"
2026-09-01 11:33:21,196 [INFO] HTTP Request: GET https://clob.polymarket.com/balance-allowance?signature_type=3&asset_type=CONDITIONAL&token_id=26476877693084651121621184216158038808086127859124156881728124490165576523451 "HTTP/2 200 OK"
2026-09-01 11:33:21,472 [INFO] HTTP Request: GET https://clob.polymarket.com/balance-allowance?signature_type=3&asset_type=CONDITIONAL&token_id=1209100588465112785678818703438506470483599541553020185250221908965218772872 "HTTP/2 200 OK"
2026-09-01 11:33:21,744 [INFO] HTTP Request: GET https://clob.polymarket.com/balance-allowance?signature_type=3&asset_type=CONDITIONAL&token_id=28954351601602517116578143135946836170457660396784135870164340162656431805667 "HTTP/2 200 OK"
2026-09-01 11:33:22,016 [INFO] HTTP Request: GET https://clob.polymarket.com/balance-allowance?signature_type=3&asset_type=CONDITIONAL&token_id=12484443029638413509502910860782421850450630566092261670297734882124129927945 "HTTP/2 200 OK"
2026-09-01 11:33:22,288 [INFO] HTTP Request: GET https://clob.polymarket.com/balance-allowance?signature_type=3&asset_type=CONDITIONAL&token_id=45243531243564914870359178704260032346567195670486694098991320431632066084959 "HTTP/2 200 OK"
2026-09-01 11:33:22,570 [INFO] HTTP Request: GET https://clob.polymarket.com/balance-allowance?signature_type=3&asset_type=CONDITIONAL&token_id=63063177066554368528220916797358300516904875685438223115936204251079189797073 "HTTP/2 200 OK"
2026-09-01 11:33:22,845 [INFO] HTTP Request: GET https://clob.polymarket.com/balance-allowance?signature_type=3&asset_type=CONDITIONAL&token_id=80716710641755692474427312329576514729077570693382730749808679909860426915321 "HTTP/2 200 OK"
2026-09-01 11:33:22,849 [INFO] 真實帳戶狀態：餘額 $54.49，持有部位 1 個，成交 30 筆
2026-09-01 11:33:33,230 [INFO] HTTP Request: GET https://clob.polymarket.com/balance-allowance?signature_type=3&asset_type=COLLATERAL "HTTP/2 200 OK"
2026-09-01 11:33:33,498 [INFO] HTTP Request: GET https://clob.polymarket.com/data/orders?next_cursor=MA%3D%3D "HTTP/2 200 OK"
2026-09-01 11:33:33,776 [INFO] HTTP Request: GET https://clob.polymarket.com/data/trades?next_cursor=MA%3D%3D "HTTP/2 200 OK"
2026-09-01 11:33:34,105 [INFO] HTTP Request: GET https://clob.polymarket.com/balance-allowance?signature_type=3&asset_type=CONDITIONAL&token_id=18492538775219554547348214188594610629789600656558072239962607194323831777030 "HTTP/2 200 OK"
2026-09-01 11:33:34,374 [INFO] HTTP Request: GET https://clob.polymarket.com/midpoint?token_id=18492538775219554547348214188594610629789600656558072239962607194323831777030 "HTTP/2 200 OK"
2026-09-01 11:33:34,656 [INFO] HTTP Request: GET https://clob.polymarket.com/balance-allowance?signature_type=3&asset_type=CONDITIONAL&token_id=26476877693084651121621184216158038808086127859124156881728124490165576523451 "HTTP/2 200 OK"
2026-09-01 11:33:34,927 [INFO] HTTP Request: GET https://clob.polymarket.com/balance-allowance?signature_type=3&asset_type=CONDITIONAL&token_id=1209100588465112785678818703438506470483599541553020185250221908965218772872 "HTTP/2 200 OK"
2026-09-01 11:33:35,200 [INFO] HTTP Request: GET https://clob.polymarket.com/balance-allowance?signature_type=3&asset_type=CONDITIONAL&token_id=28954351601602517116578143135946836170457660396784135870164340162656431805667 "HTTP/2 200 OK"
2026-09-01 11:33:35,473 [INFO] HTTP Request: GET https://clob.polymarket.com/balance-allowance?signature_type=3&asset_type=CONDITIONAL&token_id=12484443029638413509502910860782421850450630566092261670297734882124129927945 "HTTP/2 200 OK"
2026-09-01 11:33:35,748 [INFO] HTTP Request: GET https://clob.polymarket.com/balance-allowance?signature_type=3&asset_type=CONDITIONAL&token_id=45243531243564914870359178704260032346567195670486694098991320431632066084959 "HTTP/2 200 OK"
2026-09-01 11:33:36,036 [INFO] HTTP Request: GET https://clob.polymarket.com/balance-allowance?signature_type=3&asset_type=CONDITIONAL&token_id=63063177066554368528220916797358300516904875685438223115936204251079189797073 "HTTP/2 200 OK"
2026-09-01 11:33:36,306 [INFO] HTTP Request: GET https://clob.polymarket.com/balance-allowance?signature_type=3&asset_type=CONDITIONAL&token_id=80716710641755692474427312329576514729077570693382730749808679909860426915321 "HTTP/2 200 OK"
2026-09-01 11:33:36,310 [INFO] 真實帳戶狀態：餘額 $54.49，持有部位 1 個，成交 30 筆
2026-09-01 11:33:46,673 [INFO] HTTP Request: GET https://clob.polymarket.com/balance-allowance?signature_type=3&asset_type=COLLATERAL "HTTP/2 200 OK"
2026-09-01 11:33:46,947 [INFO] HTTP Request: GET https://clob.polymarket.com/data/orders?next_cursor=MA%3D%3D "HTTP/2 200 OK"
2026-09-01 11:33:47,242 [INFO] HTTP Request: GET https://clob.polymarket.com/data/trades?next_cursor=MA%3D%3D "HTTP/2 200 OK"
2026-09-01 11:33:47,742 [INFO] HTTP Request: GET https://clob.polymarket.com/balance-allowance?signature_type=3&asset_type=CONDITIONAL&token_id=18492538775219554547348214188594610629789600656558072239962607194323831777030 "HTTP/2 200 OK"
2026-09-01 11:33:48,017 [INFO] HTTP Request: GET https://clob.polymarket.com/midpoint?token_id=18492538775219554547348214188594610629789600656558072239962607194323831777030 "HTTP/2 200 OK"
2026-09-01 11:33:48,296 [INFO] HTTP Request: GET https://clob.polymarket.com/balance-allowance?signature_type=3&asset_type=CONDITIONAL&token_id=26476877693084651121621184216158038808086127859124156881728124490165576523451 "HTTP/2 200 OK"
2026-09-01 11:33:48,576 [INFO] HTTP Request: GET https://clob.polymarket.com/balance-allowance?signature_type=3&asset_type=CONDITIONAL&token_id=1209100588465112785678818703438506470483599541553020185250221908965218772872 "HTTP/2 200 OK"
2026-09-01 11:33:48,853 [INFO] HTTP Request: GET https://clob.polymarket.com/balance-allowance?signature_type=3&asset_type=CONDITIONAL&token_id=28954351601602517116578143135946836170457660396784135870164340162656431805667 "HTTP/2 200 OK"
2026-09-01 11:33:49,129 [INFO] HTTP Request: GET https://clob.polymarket.com/balance-allowance?signature_type=3&asset_type=CONDITIONAL&token_id=12484443029638413509502910860782421850450630566092261670297734882124129927945 "HTTP/2 200 OK"
2026-09-01 11:33:49,405 [INFO] HTTP Request: GET https://clob.polymarket.com/balance-allowance?signature_type=3&asset_type=CONDITIONAL&token_id=45243531243564914870359178704260032346567195670486694098991320431632066084959 "HTTP/2 200 OK"
2026-09-01 11:33:49,685 [INFO] HTTP Request: GET https://clob.polymarket.com/balance-allowance?signature_type=3&asset_type=CONDITIONAL&token_id=63063177066554368528220916797358300516904875685438223115936204251079189797073 "HTTP/2 200 OK"
2026-09-01 11:33:49,966 [INFO] HTTP Request: GET https://clob.polymarket.com/balance-allowance?signature_type=3&asset_type=CONDITIONAL&token_id=80716710641755692474427312329576514729077570693382730749808679909860426915321 "HTTP/2 200 OK"
2026-09-01 11:33:49,970 [INFO] 真實帳戶狀態：餘額 $54.49，持有部位 1 個，成交 30 筆
2026-09-01 11:34:00,341 [INFO] HTTP Request: GET https://clob.polymarket.com/balance-allowance?signature_type=3&asset_type=COLLATERAL "HTTP/2 200 OK"
2026-09-01 11:34:00,618 [INFO] HTTP Request: GET https://clob.polymarket.com/data/orders?next_cursor=MA%3D%3D "HTTP/2 200 OK"
2026-09-01 11:34:00,903 [INFO] HTTP Request: GET https://clob.polymarket.com/data/trades?next_cursor=MA%3D%3D "HTTP/2 200 OK"
2026-09-01 11:34:01,229 [INFO] HTTP Request: GET https://clob.polymarket.com/balance-allowance?signature_type=3&asset_type=CONDITIONAL&token_id=18492538775219554547348214188594610629789600656558072239962607194323831777030 "HTTP/2 200 OK"
2026-09-01 11:34:01,510 [INFO] HTTP Request: GET https://clob.polymarket.com/midpoint?token_id=18492538775219554547348214188594610629789600656558072239962607194323831777030 "HTTP/2 200 OK"
2026-09-01 11:34:01,792 [INFO] HTTP Request: GET https://clob.polymarket.com/balance-allowance?signature_type=3&asset_type=CONDITIONAL&token_id=26476877693084651121621184216158038808086127859124156881728124490165576523451 "HTTP/2 200 OK"
2026-09-01 11:34:02,072 [INFO] HTTP Request: GET https://clob.polymarket.com/balance-allowance?signature_type=3&asset_type=CONDITIONAL&token_id=1209100588465112785678818703438506470483599541553020185250221908965218772872 "HTTP/2 200 OK"
2026-09-01 11:34:02,361 [INFO] HTTP Request: GET https://clob.polymarket.com/balance-allowance?signature_type=3&asset_type=CONDITIONAL&token_id=28954351601602517116578143135946836170457660396784135870164340162656431805667 "HTTP/2 200 OK"
2026-09-01 11:34:02,637 [INFO] HTTP Request: GET https://clob.polymarket.com/balance-allowance?signature_type=3&asset_type=CONDITIONAL&token_id=12484443029638413509502910860782421850450630566092261670297734882124129927945 "HTTP/2 200 OK"
2026-09-01 11:34:02,914 [INFO] HTTP Request: GET https://clob.polymarket.com/balance-allowance?signature_type=3&asset_type=CONDITIONAL&token_id=45243531243564914870359178704260032346567195670486694098991320431632066084959 "HTTP/2 200 OK"
2026-09-01 11:34:03,189 [INFO] HTTP Request: GET https://clob.polymarket.com/balance-allowance?signature_type=3&asset_type=CONDITIONAL&token_id=63063177066554368528220916797358300516904875685438223115936204251079189797073 "HTTP/2 200 OK"
2026-09-01 11:34:03,467 [INFO] HTTP Request: GET https://clob.polymarket.com/balance-allowance?signature_type=3&asset_type=CONDITIONAL&token_id=80716710641755692474427312329576514729077570693382730749808679909860426915321 "HTTP/2 200 OK"
2026-09-01 11:34:03,472 [INFO] 真實帳戶狀態：餘額 $54.49，持有部位 1 個，成交 30 筆
2026-09-01 11:34:13,841 [INFO] HTTP Request: GET https://clob.polymarket.com/balance-allowance?signature_type=3&asset_type=COLLATERAL "HTTP/2 200 OK"
2026-09-01 11:34:14,123 [INFO] HTTP Request: GET https://clob.polymarket.com/data/orders?next_cursor=MA%3D%3D "HTTP/2 200 OK"
2026-09-01 11:34:14,429 [INFO] HTTP Request: GET https://clob.polymarket.com/data/trades?next_cursor=MA%3D%3D "HTTP/2 200 OK"
2026-09-01 11:34:14,763 [INFO] HTTP Request: GET https://clob.polymarket.com/balance-allowance?signature_type=3&asset_type=CONDITIONAL&token_id=18492538775219554547348214188594610629789600656558072239962607194323831777030 "HTTP/2 200 OK"
2026-09-01 11:34:15,044 [INFO] HTTP Request: GET https://clob.polymarket.com/midpoint?token_id=18492538775219554547348214188594610629789600656558072239962607194323831777030 "HTTP/2 200 OK"
2026-09-01 11:34:15,333 [INFO] HTTP Request: GET https://clob.polymarket.com/balance-allowance?signature_type=3&asset_type=CONDITIONAL&token_id=26476877693084651121621184216158038808086127859124156881728124490165576523451 "HTTP/2 200 OK"
2026-09-01 11:34:15,622 [INFO] HTTP Request: GET https://clob.polymarket.com/balance-allowance?signature_type=3&asset_type=CONDITIONAL&token_id=1209100588465112785678818703438506470483599541553020185250221908965218772872 "HTTP/2 200 OK"
2026-09-01 11:34:15,910 [INFO] HTTP Request: GET https://clob.polymarket.com/balance-allowance?signature_type=3&asset_type=CONDITIONAL&token_id=28954351601602517116578143135946836170457660396784135870164340162656431805667 "HTTP/2 200 OK"
2026-09-01 11:34:16,190 [INFO] HTTP Request: GET https://clob.polymarket.com/balance-allowance?signature_type=3&asset_type=CONDITIONAL&token_id=12484443029638413509502910860782421850450630566092261670297734882124129927945 "HTTP/2 200 OK"
2026-09-01 11:34:16,472 [INFO] HTTP Request: GET https://clob.polymarket.com/balance-allowance?signature_type=3&asset_type=CONDITIONAL&token_id=45243531243564914870359178704260032346567195670486694098991320431632066084959 "HTTP/2 200 OK"
2026-09-01 11:34:16,769 [INFO] HTTP Request: GET https://clob.polymarket.com/balance-allowance?signature_type=3&asset_type=CONDITIONAL&token_id=63063177066554368528220916797358300516904875685438223115936204251079189797073 "HTTP/2 200 OK"
2026-09-01 11:34:17,057 [INFO] HTTP Request: GET https://clob.polymarket.com/balance-allowance?signature_type=3&asset_type=CONDITIONAL&token_id=80716710641755692474427312329576514729077570693382730749808679909860426915321 "HTTP/2 200 OK"
2026-09-01 11:34:17,061 [INFO] 真實帳戶狀態：餘額 $54.49，持有部位 1 個，成交 30 筆
2026-09-01 11:34:27,434 [INFO] HTTP Request: GET https://clob.polymarket.com/balance-allowance?signature_type=3&asset_type=COLLATERAL "HTTP/2 200 OK"
2026-09-01 11:34:27,710 [INFO] HTTP Request: GET https://clob.polymarket.com/data/orders?next_cursor=MA%3D%3D "HTTP/2 200 OK"
2026-09-01 11:34:27,990 [INFO] HTTP Request: GET https://clob.polymarket.com/data/trades?next_cursor=MA%3D%3D "HTTP/2 200 OK"
2026-09-01 11:34:28,324 [INFO] HTTP Request: GET https://clob.polymarket.com/balance-allowance?signature_type=3&asset_type=CONDITIONAL&token_id=18492538775219554547348214188594610629789600656558072239962607194323831777030 "HTTP/2 200 OK"
2026-09-01 11:34:28,592 [INFO] HTTP Request: GET https://clob.polymarket.com/midpoint?token_id=18492538775219554547348214188594610629789600656558072239962607194323831777030 "HTTP/2 200 OK"
2026-09-01 11:34:28,881 [INFO] HTTP Request: GET https://clob.polymarket.com/balance-allowance?signature_type=3&asset_type=CONDITIONAL&token_id=26476877693084651121621184216158038808086127859124156881728124490165576523451 "HTTP/2 200 OK"
2026-09-01 11:34:29,152 [INFO] HTTP Request: GET https://clob.polymarket.com/balance-allowance?signature_type=3&asset_type=CONDITIONAL&token_id=1209100588465112785678818703438506470483599541553020185250221908965218772872 "HTTP/2 200 OK"
2026-09-01 11:34:29,424 [INFO] HTTP Request: GET https://clob.polymarket.com/balance-allowance?signature_type=3&asset_type=CONDITIONAL&token_id=28954351601602517116578143135946836170457660396784135870164340162656431805667 "HTTP/2 200 OK"
2026-09-01 11:34:29,700 [INFO] HTTP Request: GET https://clob.polymarket.com/balance-allowance?signature_type=3&asset_type=CONDITIONAL&token_id=12484443029638413509502910860782421850450630566092261670297734882124129927945 "HTTP/2 200 OK"
2026-09-01 11:34:29,970 [INFO] HTTP Request: GET https://clob.polymarket.com/balance-allowance?signature_type=3&asset_type=CONDITIONAL&token_id=45243531243564914870359178704260032346567195670486694098991320431632066084959 "HTTP/2 200 OK"
2026-09-01 11:34:30,260 [INFO] HTTP Request: GET https://clob.polymarket.com/balance-allowance?signature_type=3&asset_type=CONDITIONAL&token_id=63063177066554368528220916797358300516904875685438223115936204251079189797073 "HTTP/2 200 OK"
2026-09-01 11:34:30,531 [INFO] HTTP Request: GET https://clob.polymarket.com/balance-allowance?signature_type=3&asset_type=CONDITIONAL&token_id=80716710641755692474427312329576514729077570693382730749808679909860426915321 "HTTP/2 200 OK"
2026-09-01 11:34:30,536 [INFO] 真實帳戶狀態：餘額 $54.49，持有部位 1 個，成交 30 筆
2026-09-01 11:34:40,929 [INFO] HTTP Request: GET https://clob.polymarket.com/balance-allowance?signature_type=3&asset_type=COLLATERAL "HTTP/2 200 OK"
2026-09-01 11:34:41,211 [INFO] HTTP Request: GET https://clob.polymarket.com/data/orders?next_cursor=MA%3D%3D "HTTP/2 200 OK"
2026-09-01 11:34:41,500 [INFO] HTTP Request: GET https://clob.polymarket.com/data/trades?next_cursor=MA%3D%3D "HTTP/2 200 OK"
2026-09-01 11:34:41,858 [INFO] HTTP Request: GET https://clob.polymarket.com/balance-allowance?signature_type=3&asset_type=CONDITIONAL&token_id=18492538775219554547348214188594610629789600656558072239962607194323831777030 "HTTP/2 200 OK"
2026-09-01 11:34:42,156 [INFO] HTTP Request: GET https://clob.polymarket.com/midpoint?token_id=18492538775219554547348214188594610629789600656558072239962607194323831777030 "HTTP/2 200 OK"
2026-09-01 11:34:42,456 [INFO] HTTP Request: GET https://clob.polymarket.com/balance-allowance?signature_type=3&asset_type=CONDITIONAL&token_id=26476877693084651121621184216158038808086127859124156881728124490165576523451 "HTTP/2 200 OK"
2026-09-01 11:34:42,749 [INFO] HTTP Request: GET https://clob.polymarket.com/balance-allowance?signature_type=3&asset_type=CONDITIONAL&token_id=1209100588465112785678818703438506470483599541553020185250221908965218772872 "HTTP/2 200 OK"
2026-09-01 11:34:43,037 [INFO] HTTP Request: GET https://clob.polymarket.com/balance-allowance?signature_type=3&asset_type=CONDITIONAL&token_id=28954351601602517116578143135946836170457660396784135870164340162656431805667 "HTTP/2 200 OK"
2026-09-01 11:34:43,321 [INFO] HTTP Request: GET https://clob.polymarket.com/balance-allowance?signature_type=3&asset_type=CONDITIONAL&token_id=12484443029638413509502910860782421850450630566092261670297734882124129927945 "HTTP/2 200 OK"
2026-09-01 11:34:43,618 [INFO] HTTP Request: GET https://clob.polymarket.com/balance-allowance?signature_type=3&asset_type=CONDITIONAL&token_id=45243531243564914870359178704260032346567195670486694098991320431632066084959 "HTTP/2 200 OK"
2026-09-01 11:34:43,900 [INFO] HTTP Request: GET https://clob.polymarket.com/balance-allowance?signature_type=3&asset_type=CONDITIONAL&token_id=63063177066554368528220916797358300516904875685438223115936204251079189797073 "HTTP/2 200 OK"
2026-09-01 11:34:44,180 [INFO] HTTP Request: GET https://clob.polymarket.com/balance-allowance?signature_type=3&asset_type=CONDITIONAL&token_id=80716710641755692474427312329576514729077570693382730749808679909860426915321 "HTTP/2 200 OK"
2026-09-01 11:34:44,184 [INFO] 真實帳戶狀態：餘額 $54.49，持有部位 1 個，成交 30 筆
2026-09-01 11:34:54,558 [INFO] HTTP Request: GET https://clob.polymarket.com/balance-allowance?signature_type=3&asset_type=COLLATERAL "HTTP/2 200 OK"
2026-09-01 11:34:54,828 [INFO] HTTP Request: GET https://clob.polymarket.com/data/orders?next_cursor=MA%3D%3D "HTTP/2 200 OK"
2026-09-01 11:34:55,103 [INFO] HTTP Request: GET https://clob.polymarket.com/data/trades?next_cursor=MA%3D%3D "HTTP/2 200 OK"
2026-09-01 11:34:55,427 [INFO] HTTP Request: GET https://clob.polymarket.com/balance-allowance?signature_type=3&asset_type=CONDITIONAL&token_id=18492538775219554547348214188594610629789600656558072239962607194323831777030 "HTTP/2 200 OK"
2026-09-01 11:34:55,696 [INFO] HTTP Request: GET https://clob.polymarket.com/midpoint?token_id=18492538775219554547348214188594610629789600656558072239962607194323831777030 "HTTP/2 200 OK"
2026-09-01 11:34:55,981 [INFO] HTTP Request: GET https://clob.polymarket.com/balance-allowance?signature_type=3&asset_type=CONDITIONAL&token_id=26476877693084651121621184216158038808086127859124156881728124490165576523451 "HTTP/2 200 OK"
2026-09-01 11:34:56,251 [INFO] HTTP Request: GET https://clob.polymarket.com/balance-allowance?signature_type=3&asset_type=CONDITIONAL&token_id=1209100588465112785678818703438506470483599541553020185250221908965218772872 "HTTP/2 200 OK"
2026-09-01 11:34:56,540 [INFO] HTTP Request: GET https://clob.polymarket.com/balance-allowance?signature_type=3&asset_type=CONDITIONAL&token_id=28954351601602517116578143135946836170457660396784135870164340162656431805667 "HTTP/2 200 OK"
2026-09-01 11:34:56,822 [INFO] HTTP Request: GET https://clob.polymarket.com/balance-allowance?signature_type=3&asset_type=CONDITIONAL&token_id=12484443029638413509502910860782421850450630566092261670297734882124129927945 "HTTP/2 200 OK"
2026-09-01 11:34:57,101 [INFO] HTTP Request: GET https://clob.polymarket.com/balance-allowance?signature_type=3&asset_type=CONDITIONAL&token_id=45243531243564914870359178704260032346567195670486694098991320431632066084959 "HTTP/2 200 OK"
2026-09-01 11:34:57,374 [INFO] HTTP Request: GET https://clob.polymarket.com/balance-allowance?signature_type=3&asset_type=CONDITIONAL&token_id=63063177066554368528220916797358300516904875685438223115936204251079189797073 "HTTP/2 200 OK"
2026-09-01 11:34:57,643 [INFO] HTTP Request: GET https://clob.polymarket.com/balance-allowance?signature_type=3&asset_type=CONDITIONAL&token_id=80716710641755692474427312329576514729077570693382730749808679909860426915321 "HTTP/2 200 OK"
2026-09-01 11:34:57,647 [INFO] 真實帳戶狀態：餘額 $54.49，持有部位 1 個，成交 30 筆
2026-09-01 11:35:08,014 [INFO] HTTP Request: GET https://clob.polymarket.com/balance-allowance?signature_type=3&asset_type=COLLATERAL "HTTP/2 200 OK"
2026-09-01 11:35:08,293 [INFO] HTTP Request: GET https://clob.polymarket.com/data/orders?next_cursor=MA%3D%3D "HTTP/2 200 OK"
2026-09-01 11:35:08,576 [INFO] HTTP Request: GET https://clob.polymarket.com/data/trades?next_cursor=MA%3D%3D "HTTP/2 200 OK"
2026-09-01 11:35:08,903 [INFO] HTTP Request: GET https://clob.polymarket.com/balance-allowance?signature_type=3&asset_type=CONDITIONAL&token_id=18492538775219554547348214188594610629789600656558072239962607194323831777030 "HTTP/2 200 OK"
2026-09-01 11:35:09,181 [INFO] HTTP Request: GET https://clob.polymarket.com/midpoint?token_id=18492538775219554547348214188594610629789600656558072239962607194323831777030 "HTTP/2 200 OK"
2026-09-01 11:35:09,467 [INFO] HTTP Request: GET https://clob.polymarket.com/balance-allowance?signature_type=3&asset_type=CONDITIONAL&token_id=26476877693084651121621184216158038808086127859124156881728124490165576523451 "HTTP/2 200 OK"
2026-09-01 11:35:09,758 [INFO] HTTP Request: GET https://clob.polymarket.com/balance-allowance?signature_type=3&asset_type=CONDITIONAL&token_id=1209100588465112785678818703438506470483599541553020185250221908965218772872 "HTTP/2 200 OK"
2026-09-01 11:35:10,036 [INFO] HTTP Request: GET https://clob.polymarket.com/balance-allowance?signature_type=3&asset_type=CONDITIONAL&token_id=28954351601602517116578143135946836170457660396784135870164340162656431805667 "HTTP/2 200 OK"
2026-09-01 11:35:10,318 [INFO] HTTP Request: GET https://clob.polymarket.com/balance-allowance?signature_type=3&asset_type=CONDITIONAL&token_id=12484443029638413509502910860782421850450630566092261670297734882124129927945 "HTTP/2 200 OK"
2026-09-01 11:35:10,606 [INFO] HTTP Request: GET https://clob.polymarket.com/balance-allowance?signature_type=3&asset_type=CONDITIONAL&token_id=45243531243564914870359178704260032346567195670486694098991320431632066084959 "HTTP/2 200 OK"
2026-09-01 11:35:10,889 [INFO] HTTP Request: GET https://clob.polymarket.com/balance-allowance?signature_type=3&asset_type=CONDITIONAL&token_id=63063177066554368528220916797358300516904875685438223115936204251079189797073 "HTTP/2 200 OK"
2026-09-01 11:35:11,194 [INFO] HTTP Request: GET https://clob.polymarket.com/balance-allowance?signature_type=3&asset_type=CONDITIONAL&token_id=80716710641755692474427312329576514729077570693382730749808679909860426915321 "HTTP/2 200 OK"
2026-09-01 11:35:11,198 [INFO] 真實帳戶狀態：餘額 $54.49，持有部位 1 個，成交 30 筆
2026-09-01 11:35:21,579 [INFO] HTTP Request: GET https://clob.polymarket.com/balance-allowance?signature_type=3&asset_type=COLLATERAL "HTTP/2 200 OK"
2026-09-01 11:35:21,859 [INFO] HTTP Request: GET https://clob.polymarket.com/data/orders?next_cursor=MA%3D%3D "HTTP/2 200 OK"
2026-09-01 11:35:22,156 [INFO] HTTP Request: GET https://clob.polymarket.com/data/trades?next_cursor=MA%3D%3D "HTTP/2 200 OK"
2026-09-01 11:35:22,490 [INFO] HTTP Request: GET https://clob.polymarket.com/balance-allowance?signature_type=3&asset_type=CONDITIONAL&token_id=63957181209834270379232468692499917700538324241870258162076846932030627980396 "HTTP/2 200 OK"
2026-09-01 11:35:22,782 [INFO] HTTP Request: GET https://clob.polymarket.com/midpoint?token_id=63957181209834270379232468692499917700538324241870258162076846932030627980396 "HTTP/2 200 OK"
2026-09-01 11:35:23,071 [INFO] HTTP Request: GET https://clob.polymarket.com/balance-allowance?signature_type=3&asset_type=CONDITIONAL&token_id=18492538775219554547348214188594610629789600656558072239962607194323831777030 "HTTP/2 200 OK"
2026-09-01 11:35:23,355 [INFO] HTTP Request: GET https://clob.polymarket.com/midpoint?token_id=18492538775219554547348214188594610629789600656558072239962607194323831777030 "HTTP/2 200 OK"
2026-09-01 11:35:23,634 [INFO] HTTP Request: GET https://clob.polymarket.com/balance-allowance?signature_type=3&asset_type=CONDITIONAL&token_id=26476877693084651121621184216158038808086127859124156881728124490165576523451 "HTTP/2 200 OK"
2026-09-01 11:35:23,929 [INFO] HTTP Request: GET https://clob.polymarket.com/balance-allowance?signature_type=3&asset_type=CONDITIONAL&token_id=1209100588465112785678818703438506470483599541553020185250221908965218772872 "HTTP/2 200 OK"
2026-09-01 11:35:24,221 [INFO] HTTP Request: GET https://clob.polymarket.com/balance-allowance?signature_type=3&asset_type=CONDITIONAL&token_id=28954351601602517116578143135946836170457660396784135870164340162656431805667 "HTTP/2 200 OK"
2026-09-01 11:35:24,511 [INFO] HTTP Request: GET https://clob.polymarket.com/balance-allowance?signature_type=3&asset_type=CONDITIONAL&token_id=12484443029638413509502910860782421850450630566092261670297734882124129927945 "HTTP/2 200 OK"
2026-09-01 11:35:24,790 [INFO] HTTP Request: GET https://clob.polymarket.com/balance-allowance?signature_type=3&asset_type=CONDITIONAL&token_id=45243531243564914870359178704260032346567195670486694098991320431632066084959 "HTTP/2 200 OK"
2026-09-01 11:35:25,077 [INFO] HTTP Request: GET https://clob.polymarket.com/balance-allowance?signature_type=3&asset_type=CONDITIONAL&token_id=63063177066554368528220916797358300516904875685438223115936204251079189797073 "HTTP/2 200 OK"
2026-09-01 11:35:25,080 [INFO] 真實帳戶狀態：餘額 $49.84，持有部位 2 個，成交 30 筆
2026-09-01 11:35:35,442 [INFO] HTTP Request: GET https://clob.polymarket.com/balance-allowance?signature_type=3&asset_type=COLLATERAL "HTTP/2 200 OK"
2026-09-01 11:35:35,711 [INFO] HTTP Request: GET https://clob.polymarket.com/data/orders?next_cursor=MA%3D%3D "HTTP/2 200 OK"
2026-09-01 11:35:35,994 [INFO] HTTP Request: GET https://clob.polymarket.com/data/trades?next_cursor=MA%3D%3D "HTTP/2 200 OK"
2026-09-01 11:35:36,332 [INFO] HTTP Request: GET https://clob.polymarket.com/balance-allowance?signature_type=3&asset_type=CONDITIONAL&token_id=63957181209834270379232468692499917700538324241870258162076846932030627980396 "HTTP/2 200 OK"
2026-09-01 11:35:36,603 [INFO] HTTP Request: GET https://clob.polymarket.com/midpoint?token_id=63957181209834270379232468692499917700538324241870258162076846932030627980396 "HTTP/2 200 OK"
2026-09-01 11:35:36,884 [INFO] HTTP Request: GET https://clob.polymarket.com/balance-allowance?signature_type=3&asset_type=CONDITIONAL&token_id=18492538775219554547348214188594610629789600656558072239962607194323831777030 "HTTP/2 200 OK"
2026-09-01 11:35:37,152 [INFO] HTTP Request: GET https://clob.polymarket.com/midpoint?token_id=18492538775219554547348214188594610629789600656558072239962607194323831777030 "HTTP/2 200 OK"
2026-09-01 11:35:37,426 [INFO] HTTP Request: GET https://clob.polymarket.com/balance-allowance?signature_type=3&asset_type=CONDITIONAL&token_id=26476877693084651121621184216158038808086127859124156881728124490165576523451 "HTTP/2 200 OK"
2026-09-01 11:35:37,710 [INFO] HTTP Request: GET https://clob.polymarket.com/balance-allowance?signature_type=3&asset_type=CONDITIONAL&token_id=1209100588465112785678818703438506470483599541553020185250221908965218772872 "HTTP/2 200 OK"
2026-09-01 11:35:37,985 [INFO] HTTP Request: GET https://clob.polymarket.com/balance-allowance?signature_type=3&asset_type=CONDITIONAL&token_id=28954351601602517116578143135946836170457660396784135870164340162656431805667 "HTTP/2 200 OK"
2026-09-01 11:35:38,263 [INFO] HTTP Request: GET https://clob.polymarket.com/balance-allowance?signature_type=3&asset_type=CONDITIONAL&token_id=12484443029638413509502910860782421850450630566092261670297734882124129927945 "HTTP/2 200 OK"
2026-09-01 11:35:38,536 [INFO] HTTP Request: GET https://clob.polymarket.com/balance-allowance?signature_type=3&asset_type=CONDITIONAL&token_id=45243531243564914870359178704260032346567195670486694098991320431632066084959 "HTTP/2 200 OK"
2026-09-01 11:35:38,808 [INFO] HTTP Request: GET https://clob.polymarket.com/balance-allowance?signature_type=3&asset_type=CONDITIONAL&token_id=63063177066554368528220916797358300516904875685438223115936204251079189797073 "HTTP/2 200 OK"
2026-09-01 11:35:38,812 [INFO] 真實帳戶狀態：餘額 $49.84，持有部位 2 個，成交 30 筆
2026-09-01 11:35:49,209 [INFO] HTTP Request: GET https://clob.polymarket.com/balance-allowance?signature_type=3&asset_type=COLLATERAL "HTTP/2 200 OK"
2026-09-01 11:35:49,481 [INFO] HTTP Request: GET https://clob.polymarket.com/data/orders?next_cursor=MA%3D%3D "HTTP/2 200 OK"
2026-09-01 11:35:49,755 [INFO] HTTP Request: GET https://clob.polymarket.com/data/trades?next_cursor=MA%3D%3D "HTTP/2 200 OK"
2026-09-01 11:35:50,081 [INFO] HTTP Request: GET https://clob.polymarket.com/balance-allowance?signature_type=3&asset_type=CONDITIONAL&token_id=63957181209834270379232468692499917700538324241870258162076846932030627980396 "HTTP/2 200 OK"
2026-09-01 11:35:50,351 [INFO] HTTP Request: GET https://clob.polymarket.com/midpoint?token_id=63957181209834270379232468692499917700538324241870258162076846932030627980396 "HTTP/2 200 OK"
2026-09-01 11:35:50,629 [INFO] HTTP Request: GET https://clob.polymarket.com/balance-allowance?signature_type=3&asset_type=CONDITIONAL&token_id=18492538775219554547348214188594610629789600656558072239962607194323831777030 "HTTP/2 200 OK"
2026-09-01 11:35:50,896 [INFO] HTTP Request: GET https://clob.polymarket.com/midpoint?token_id=18492538775219554547348214188594610629789600656558072239962607194323831777030 "HTTP/2 200 OK"
2026-09-01 11:35:51,168 [INFO] HTTP Request: GET https://clob.polymarket.com/balance-allowance?signature_type=3&asset_type=CONDITIONAL&token_id=26476877693084651121621184216158038808086127859124156881728124490165576523451 "HTTP/2 200 OK"
2026-09-01 11:35:51,444 [INFO] HTTP Request: GET https://clob.polymarket.com/balance-allowance?signature_type=3&asset_type=CONDITIONAL&token_id=1209100588465112785678818703438506470483599541553020185250221908965218772872 "HTTP/2 200 OK"
2026-09-01 11:35:51,715 [INFO] HTTP Request: GET https://clob.polymarket.com/balance-allowance?signature_type=3&asset_type=CONDITIONAL&token_id=28954351601602517116578143135946836170457660396784135870164340162656431805667 "HTTP/2 200 OK"
2026-09-01 11:35:51,985 [INFO] HTTP Request: GET https://clob.polymarket.com/balance-allowance?signature_type=3&asset_type=CONDITIONAL&token_id=12484443029638413509502910860782421850450630566092261670297734882124129927945 "HTTP/2 200 OK"
2026-09-01 11:35:52,259 [INFO] HTTP Request: GET https://clob.polymarket.com/balance-allowance?signature_type=3&asset_type=CONDITIONAL&token_id=45243531243564914870359178704260032346567195670486694098991320431632066084959 "HTTP/2 200 OK"
2026-09-01 11:35:52,529 [INFO] HTTP Request: GET https://clob.polymarket.com/balance-allowance?signature_type=3&asset_type=CONDITIONAL&token_id=63063177066554368528220916797358300516904875685438223115936204251079189797073 "HTTP/2 200 OK"
2026-09-01 11:35:52,531 [INFO] 真實帳戶狀態：餘額 $49.84，持有部位 2 個，成交 30 筆
2026-09-01 11:36:02,903 [INFO] HTTP Request: GET https://clob.polymarket.com/balance-allowance?signature_type=3&asset_type=COLLATERAL "HTTP/2 200 OK"
2026-09-01 11:36:03,181 [INFO] HTTP Request: GET https://clob.polymarket.com/data/orders?next_cursor=MA%3D%3D "HTTP/2 200 OK"
2026-09-01 11:36:03,460 [INFO] HTTP Request: GET https://clob.polymarket.com/data/trades?next_cursor=MA%3D%3D "HTTP/2 200 OK"
2026-09-01 11:36:03,780 [INFO] HTTP Request: GET https://clob.polymarket.com/balance-allowance?signature_type=3&asset_type=CONDITIONAL&token_id=63957181209834270379232468692499917700538324241870258162076846932030627980396 "HTTP/2 200 OK"
2026-09-01 11:36:04,059 [INFO] HTTP Request: GET https://clob.polymarket.com/midpoint?token_id=63957181209834270379232468692499917700538324241870258162076846932030627980396 "HTTP/2 200 OK"
2026-09-01 11:36:04,334 [INFO] HTTP Request: GET https://clob.polymarket.com/balance-allowance?signature_type=3&asset_type=CONDITIONAL&token_id=18492538775219554547348214188594610629789600656558072239962607194323831777030 "HTTP/2 200 OK"
2026-09-01 11:36:04,612 [INFO] HTTP Request: GET https://clob.polymarket.com/midpoint?token_id=18492538775219554547348214188594610629789600656558072239962607194323831777030 "HTTP/2 200 OK"
2026-09-01 11:36:04,896 [INFO] HTTP Request: GET https://clob.polymarket.com/balance-allowance?signature_type=3&asset_type=CONDITIONAL&token_id=26476877693084651121621184216158038808086127859124156881728124490165576523451 "HTTP/2 200 OK"
2026-09-01 11:36:05,182 [INFO] HTTP Request: GET https://clob.polymarket.com/balance-allowance?signature_type=3&asset_type=CONDITIONAL&token_id=1209100588465112785678818703438506470483599541553020185250221908965218772872 "HTTP/2 200 OK"
2026-09-01 11:36:05,463 [INFO] HTTP Request: GET https://clob.polymarket.com/balance-allowance?signature_type=3&asset_type=CONDITIONAL&token_id=28954351601602517116578143135946836170457660396784135870164340162656431805667 "HTTP/2 200 OK"
2026-09-01 11:36:05,758 [INFO] HTTP Request: GET https://clob.polymarket.com/balance-allowance?signature_type=3&asset_type=CONDITIONAL&token_id=12484443029638413509502910860782421850450630566092261670297734882124129927945 "HTTP/2 200 OK"
2026-09-01 11:36:06,045 [INFO] HTTP Request: GET https://clob.polymarket.com/balance-allowance?signature_type=3&asset_type=CONDITIONAL&token_id=45243531243564914870359178704260032346567195670486694098991320431632066084959 "HTTP/2 200 OK"
2026-09-01 11:36:06,318 [INFO] HTTP Request: GET https://clob.polymarket.com/balance-allowance?signature_type=3&asset_type=CONDITIONAL&token_id=63063177066554368528220916797358300516904875685438223115936204251079189797073 "HTTP/2 200 OK"
2026-09-01 11:36:06,322 [INFO] 真實帳戶狀態：餘額 $49.84，持有部位 2 個，成交 30 筆
2026-09-01 11:36:16,683 [INFO] HTTP Request: GET https://clob.polymarket.com/balance-allowance?signature_type=3&asset_type=COLLATERAL "HTTP/2 200 OK"
2026-09-01 11:36:16,958 [INFO] HTTP Request: GET https://clob.polymarket.com/data/orders?next_cursor=MA%3D%3D "HTTP/2 200 OK"
2026-09-01 11:36:17,237 [INFO] HTTP Request: GET https://clob.polymarket.com/data/trades?next_cursor=MA%3D%3D "HTTP/2 200 OK"
2026-09-01 11:36:17,576 [INFO] HTTP Request: GET https://clob.polymarket.com/balance-allowance?signature_type=3&asset_type=CONDITIONAL&token_id=63957181209834270379232468692499917700538324241870258162076846932030627980396 "HTTP/2 200 OK"
2026-09-01 11:36:17,843 [INFO] HTTP Request: GET https://clob.polymarket.com/midpoint?token_id=63957181209834270379232468692499917700538324241870258162076846932030627980396 "HTTP/2 200 OK"
2026-09-01 11:36:18,118 [INFO] HTTP Request: GET https://clob.polymarket.com/balance-allowance?signature_type=3&asset_type=CONDITIONAL&token_id=18492538775219554547348214188594610629789600656558072239962607194323831777030 "HTTP/2 200 OK"
2026-09-01 11:36:18,386 [INFO] HTTP Request: GET https://clob.polymarket.com/midpoint?token_id=18492538775219554547348214188594610629789600656558072239962607194323831777030 "HTTP/2 200 OK"
2026-09-01 11:36:18,658 [INFO] HTTP Request: GET https://clob.polymarket.com/balance-allowance?signature_type=3&asset_type=CONDITIONAL&token_id=26476877693084651121621184216158038808086127859124156881728124490165576523451 "HTTP/2 200 OK"
2026-09-01 11:36:18,932 [INFO] HTTP Request: GET https://clob.polymarket.com/balance-allowance?signature_type=3&asset_type=CONDITIONAL&token_id=1209100588465112785678818703438506470483599541553020185250221908965218772872 "HTTP/2 200 OK"
2026-09-01 11:36:19,206 [INFO] HTTP Request: GET https://clob.polymarket.com/balance-allowance?signature_type=3&asset_type=CONDITIONAL&token_id=28954351601602517116578143135946836170457660396784135870164340162656431805667 "HTTP/2 200 OK"
2026-09-01 11:36:19,479 [INFO] HTTP Request: GET https://clob.polymarket.com/balance-allowance?signature_type=3&asset_type=CONDITIONAL&token_id=12484443029638413509502910860782421850450630566092261670297734882124129927945 "HTTP/2 200 OK"
2026-09-01 11:36:19,750 [INFO] HTTP Request: GET https://clob.polymarket.com/balance-allowance?signature_type=3&asset_type=CONDITIONAL&token_id=45243531243564914870359178704260032346567195670486694098991320431632066084959 "HTTP/2 200 OK"
2026-09-01 11:36:20,020 [INFO] HTTP Request: GET https://clob.polymarket.com/balance-allowance?signature_type=3&asset_type=CONDITIONAL&token_id=63063177066554368528220916797358300516904875685438223115936204251079189797073 "HTTP/2 200 OK"
2026-09-01 11:36:20,024 [INFO] 真實帳戶狀態：餘額 $49.84，持有部位 2 個，成交 30 筆
2026-09-01 11:36:30,389 [INFO] HTTP Request: GET https://clob.polymarket.com/balance-allowance?signature_type=3&asset_type=COLLATERAL "HTTP/2 200 OK"
2026-09-01 11:36:30,660 [INFO] HTTP Request: GET https://clob.polymarket.com/data/orders?next_cursor=MA%3D%3D "HTTP/2 200 OK"
2026-09-01 11:36:30,936 [INFO] HTTP Request: GET https://clob.polymarket.com/data/trades?next_cursor=MA%3D%3D "HTTP/2 200 OK"
2026-09-01 11:36:31,259 [INFO] HTTP Request: GET https://clob.polymarket.com/balance-allowance?signature_type=3&asset_type=CONDITIONAL&token_id=63957181209834270379232468692499917700538324241870258162076846932030627980396 "HTTP/2 200 OK"
2026-09-01 11:36:31,531 [INFO] HTTP Request: GET https://clob.polymarket.com/midpoint?token_id=63957181209834270379232468692499917700538324241870258162076846932030627980396 "HTTP/2 200 OK"
2026-09-01 11:36:31,806 [INFO] HTTP Request: GET https://clob.polymarket.com/balance-allowance?signature_type=3&asset_type=CONDITIONAL&token_id=18492538775219554547348214188594610629789600656558072239962607194323831777030 "HTTP/2 200 OK"
2026-09-01 11:36:32,077 [INFO] HTTP Request: GET https://clob.polymarket.com/midpoint?token_id=18492538775219554547348214188594610629789600656558072239962607194323831777030 "HTTP/2 200 OK"
2026-09-01 11:36:32,349 [INFO] HTTP Request: GET https://clob.polymarket.com/balance-allowance?signature_type=3&asset_type=CONDITIONAL&token_id=26476877693084651121621184216158038808086127859124156881728124490165576523451 "HTTP/2 200 OK"
2026-09-01 11:36:32,621 [INFO] HTTP Request: GET https://clob.polymarket.com/balance-allowance?signature_type=3&asset_type=CONDITIONAL&token_id=1209100588465112785678818703438506470483599541553020185250221908965218772872 "HTTP/2 200 OK"
2026-09-01 11:36:32,894 [INFO] HTTP Request: GET https://clob.polymarket.com/balance-allowance?signature_type=3&asset_type=CONDITIONAL&token_id=28954351601602517116578143135946836170457660396784135870164340162656431805667 "HTTP/2 200 OK"
2026-09-01 11:36:33,177 [INFO] HTTP Request: GET https://clob.polymarket.com/balance-allowance?signature_type=3&asset_type=CONDITIONAL&token_id=12484443029638413509502910860782421850450630566092261670297734882124129927945 "HTTP/2 200 OK"
2026-09-01 11:36:33,449 [INFO] HTTP Request: GET https://clob.polymarket.com/balance-allowance?signature_type=3&asset_type=CONDITIONAL&token_id=45243531243564914870359178704260032346567195670486694098991320431632066084959 "HTTP/2 200 OK"
2026-09-01 11:36:33,724 [INFO] HTTP Request: GET https://clob.polymarket.com/balance-allowance?signature_type=3&asset_type=CONDITIONAL&token_id=63063177066554368528220916797358300516904875685438223115936204251079189797073 "HTTP/2 200 OK"
2026-09-01 11:36:33,728 [INFO] 真實帳戶狀態：餘額 $49.84，持有部位 2 個，成交 30 筆
2026-09-01 11:36:44,099 [INFO] HTTP Request: GET https://clob.polymarket.com/balance-allowance?signature_type=3&asset_type=COLLATERAL "HTTP/2 200 OK"
2026-09-01 11:36:44,371 [INFO] HTTP Request: GET https://clob.polymarket.com/data/orders?next_cursor=MA%3D%3D "HTTP/2 200 OK"
2026-09-01 11:36:44,650 [INFO] HTTP Request: GET https://clob.polymarket.com/data/trades?next_cursor=MA%3D%3D "HTTP/2 200 OK"
2026-09-01 11:36:44,979 [INFO] HTTP Request: GET https://clob.polymarket.com/balance-allowance?signature_type=3&asset_type=CONDITIONAL&token_id=63957181209834270379232468692499917700538324241870258162076846932030627980396 "HTTP/2 200 OK"
2026-09-01 11:36:45,254 [INFO] HTTP Request: GET https://clob.polymarket.com/midpoint?token_id=63957181209834270379232468692499917700538324241870258162076846932030627980396 "HTTP/2 200 OK"
2026-09-01 11:36:45,531 [INFO] HTTP Request: GET https://clob.polymarket.com/balance-allowance?signature_type=3&asset_type=CONDITIONAL&token_id=18492538775219554547348214188594610629789600656558072239962607194323831777030 "HTTP/2 200 OK"
2026-09-01 11:36:45,801 [INFO] HTTP Request: GET https://clob.polymarket.com/midpoint?token_id=18492538775219554547348214188594610629789600656558072239962607194323831777030 "HTTP/2 200 OK"
2026-09-01 11:36:46,079 [INFO] HTTP Request: GET https://clob.polymarket.com/balance-allowance?signature_type=3&asset_type=CONDITIONAL&token_id=26476877693084651121621184216158038808086127859124156881728124490165576523451 "HTTP/2 200 OK"
2026-09-01 11:36:46,354 [INFO] HTTP Request: GET https://clob.polymarket.com/balance-allowance?signature_type=3&asset_type=CONDITIONAL&token_id=1209100588465112785678818703438506470483599541553020185250221908965218772872 "HTTP/2 200 OK"
2026-09-01 11:36:46,628 [INFO] HTTP Request: GET https://clob.polymarket.com/balance-allowance?signature_type=3&asset_type=CONDITIONAL&token_id=28954351601602517116578143135946836170457660396784135870164340162656431805667 "HTTP/2 200 OK"
2026-09-01 11:36:46,907 [INFO] HTTP Request: GET https://clob.polymarket.com/balance-allowance?signature_type=3&asset_type=CONDITIONAL&token_id=12484443029638413509502910860782421850450630566092261670297734882124129927945 "HTTP/2 200 OK"
2026-09-01 11:36:47,181 [INFO] HTTP Request: GET https://clob.polymarket.com/balance-allowance?signature_type=3&asset_type=CONDITIONAL&token_id=45243531243564914870359178704260032346567195670486694098991320431632066084959 "HTTP/2 200 OK"
2026-09-01 11:36:47,450 [INFO] HTTP Request: GET https://clob.polymarket.com/balance-allowance?signature_type=3&asset_type=CONDITIONAL&token_id=63063177066554368528220916797358300516904875685438223115936204251079189797073 "HTTP/2 200 OK"
2026-09-01 11:36:47,453 [INFO] 真實帳戶狀態：餘額 $49.84，持有部位 2 個，成交 30 筆
2026-09-01 11:36:57,855 [INFO] HTTP Request: GET https://clob.polymarket.com/balance-allowance?signature_type=3&asset_type=COLLATERAL "HTTP/2 200 OK"
2026-09-01 11:36:58,123 [INFO] HTTP Request: GET https://clob.polymarket.com/data/orders?next_cursor=MA%3D%3D "HTTP/2 200 OK"
2026-09-01 11:36:58,403 [INFO] HTTP Request: GET https://clob.polymarket.com/data/trades?next_cursor=MA%3D%3D "HTTP/2 200 OK"
2026-09-01 11:36:58,734 [INFO] HTTP Request: GET https://clob.polymarket.com/balance-allowance?signature_type=3&asset_type=CONDITIONAL&token_id=63957181209834270379232468692499917700538324241870258162076846932030627980396 "HTTP/2 200 OK"
2026-09-01 11:36:59,004 [INFO] HTTP Request: GET https://clob.polymarket.com/midpoint?token_id=63957181209834270379232468692499917700538324241870258162076846932030627980396 "HTTP/2 200 OK"
2026-09-01 11:36:59,275 [INFO] HTTP Request: GET https://clob.polymarket.com/balance-allowance?signature_type=3&asset_type=CONDITIONAL&token_id=18492538775219554547348214188594610629789600656558072239962607194323831777030 "HTTP/2 200 OK"
2026-09-01 11:36:59,541 [INFO] HTTP Request: GET https://clob.polymarket.com/midpoint?token_id=18492538775219554547348214188594610629789600656558072239962607194323831777030 "HTTP/2 200 OK"
2026-09-01 11:36:59,813 [INFO] HTTP Request: GET https://clob.polymarket.com/balance-allowance?signature_type=3&asset_type=CONDITIONAL&token_id=26476877693084651121621184216158038808086127859124156881728124490165576523451 "HTTP/2 200 OK"
2026-09-01 11:37:00,092 [INFO] HTTP Request: GET https://clob.polymarket.com/balance-allowance?signature_type=3&asset_type=CONDITIONAL&token_id=1209100588465112785678818703438506470483599541553020185250221908965218772872 "HTTP/2 200 OK"
2026-09-01 11:37:00,365 [INFO] HTTP Request: GET https://clob.polymarket.com/balance-allowance?signature_type=3&asset_type=CONDITIONAL&token_id=28954351601602517116578143135946836170457660396784135870164340162656431805667 "HTTP/2 200 OK"
2026-09-01 11:37:00,642 [INFO] HTTP Request: GET https://clob.polymarket.com/balance-allowance?signature_type=3&asset_type=CONDITIONAL&token_id=12484443029638413509502910860782421850450630566092261670297734882124129927945 "HTTP/2 200 OK"
2026-09-01 11:37:00,915 [INFO] HTTP Request: GET https://clob.polymarket.com/balance-allowance?signature_type=3&asset_type=CONDITIONAL&token_id=45243531243564914870359178704260032346567195670486694098991320431632066084959 "HTTP/2 200 OK"
2026-09-01 11:37:01,189 [INFO] HTTP Request: GET https://clob.polymarket.com/balance-allowance?signature_type=3&asset_type=CONDITIONAL&token_id=63063177066554368528220916797358300516904875685438223115936204251079189797073 "HTTP/2 200 OK"
2026-09-01 11:37:01,192 [INFO] 真實帳戶狀態：餘額 $49.84，持有部位 2 個，成交 30 筆
2026-09-01 11:37:11,547 [INFO] HTTP Request: GET https://clob.polymarket.com/balance-allowance?signature_type=3&asset_type=COLLATERAL "HTTP/2 200 OK"
2026-09-01 11:37:11,837 [INFO] HTTP Request: GET https://clob.polymarket.com/data/orders?next_cursor=MA%3D%3D "HTTP/2 200 OK"
2026-09-01 11:37:12,113 [INFO] HTTP Request: GET https://clob.polymarket.com/data/trades?next_cursor=MA%3D%3D "HTTP/2 200 OK"
2026-09-01 11:37:12,435 [INFO] HTTP Request: GET https://clob.polymarket.com/balance-allowance?signature_type=3&asset_type=CONDITIONAL&token_id=63957181209834270379232468692499917700538324241870258162076846932030627980396 "HTTP/2 200 OK"
2026-09-01 11:37:12,713 [INFO] HTTP Request: GET https://clob.polymarket.com/midpoint?token_id=63957181209834270379232468692499917700538324241870258162076846932030627980396 "HTTP/2 200 OK"
2026-09-01 11:37:12,984 [INFO] HTTP Request: GET https://clob.polymarket.com/balance-allowance?signature_type=3&asset_type=CONDITIONAL&token_id=18492538775219554547348214188594610629789600656558072239962607194323831777030 "HTTP/2 200 OK"
2026-09-01 11:37:13,269 [INFO] HTTP Request: GET https://clob.polymarket.com/midpoint?token_id=18492538775219554547348214188594610629789600656558072239962607194323831777030 "HTTP/2 200 OK"
2026-09-01 11:37:13,541 [INFO] HTTP Request: GET https://clob.polymarket.com/balance-allowance?signature_type=3&asset_type=CONDITIONAL&token_id=26476877693084651121621184216158038808086127859124156881728124490165576523451 "HTTP/2 200 OK"
2026-09-01 11:37:13,817 [INFO] HTTP Request: GET https://clob.polymarket.com/balance-allowance?signature_type=3&asset_type=CONDITIONAL&token_id=1209100588465112785678818703438506470483599541553020185250221908965218772872 "HTTP/2 200 OK"
2026-09-01 11:37:14,095 [INFO] HTTP Request: GET https://clob.polymarket.com/balance-allowance?signature_type=3&asset_type=CONDITIONAL&token_id=28954351601602517116578143135946836170457660396784135870164340162656431805667 "HTTP/2 200 OK"
2026-09-01 11:37:14,364 [INFO] HTTP Request: GET https://clob.polymarket.com/balance-allowance?signature_type=3&asset_type=CONDITIONAL&token_id=12484443029638413509502910860782421850450630566092261670297734882124129927945 "HTTP/2 200 OK"
2026-09-01 11:37:14,636 [INFO] HTTP Request: GET https://clob.polymarket.com/balance-allowance?signature_type=3&asset_type=CONDITIONAL&token_id=45243531243564914870359178704260032346567195670486694098991320431632066084959 "HTTP/2 200 OK"
2026-09-01 11:37:14,906 [INFO] HTTP Request: GET https://clob.polymarket.com/balance-allowance?signature_type=3&asset_type=CONDITIONAL&token_id=63063177066554368528220916797358300516904875685438223115936204251079189797073 "HTTP/2 200 OK"
2026-09-01 11:37:14,909 [INFO] 真實帳戶狀態：餘額 $49.84，持有部位 2 個，成交 30 筆
2026-09-01 11:37:25,276 [INFO] HTTP Request: GET https://clob.polymarket.com/balance-allowance?signature_type=3&asset_type=COLLATERAL "HTTP/2 200 OK"
2026-09-01 11:37:25,566 [INFO] HTTP Request: GET https://clob.polymarket.com/data/orders?next_cursor=MA%3D%3D "HTTP/2 200 OK"
2026-09-01 11:37:25,852 [INFO] HTTP Request: GET https://clob.polymarket.com/data/trades?next_cursor=MA%3D%3D "HTTP/2 200 OK"
2026-09-01 11:37:26,186 [INFO] HTTP Request: GET https://clob.polymarket.com/balance-allowance?signature_type=3&asset_type=CONDITIONAL&token_id=63957181209834270379232468692499917700538324241870258162076846932030627980396 "HTTP/2 200 OK"
2026-09-01 11:37:26,456 [INFO] HTTP Request: GET https://clob.polymarket.com/midpoint?token_id=63957181209834270379232468692499917700538324241870258162076846932030627980396 "HTTP/2 200 OK"
2026-09-01 11:37:26,737 [INFO] HTTP Request: GET https://clob.polymarket.com/balance-allowance?signature_type=3&asset_type=CONDITIONAL&token_id=18492538775219554547348214188594610629789600656558072239962607194323831777030 "HTTP/2 200 OK"
2026-09-01 11:37:27,027 [INFO] HTTP Request: GET https://clob.polymarket.com/midpoint?token_id=18492538775219554547348214188594610629789600656558072239962607194323831777030 "HTTP/2 200 OK"
2026-09-01 11:37:27,311 [INFO] HTTP Request: GET https://clob.polymarket.com/balance-allowance?signature_type=3&asset_type=CONDITIONAL&token_id=26476877693084651121621184216158038808086127859124156881728124490165576523451 "HTTP/2 200 OK"
2026-09-01 11:37:27,589 [INFO] HTTP Request: GET https://clob.polymarket.com/balance-allowance?signature_type=3&asset_type=CONDITIONAL&token_id=1209100588465112785678818703438506470483599541553020185250221908965218772872 "HTTP/2 200 OK"
2026-09-01 11:37:27,876 [INFO] HTTP Request: GET https://clob.polymarket.com/balance-allowance?signature_type=3&asset_type=CONDITIONAL&token_id=28954351601602517116578143135946836170457660396784135870164340162656431805667 "HTTP/2 200 OK"
2026-09-01 11:37:28,156 [INFO] HTTP Request: GET https://clob.polymarket.com/balance-allowance?signature_type=3&asset_type=CONDITIONAL&token_id=12484443029638413509502910860782421850450630566092261670297734882124129927945 "HTTP/2 200 OK"
2026-09-01 11:37:28,447 [INFO] HTTP Request: GET https://clob.polymarket.com/balance-allowance?signature_type=3&asset_type=CONDITIONAL&token_id=45243531243564914870359178704260032346567195670486694098991320431632066084959 "HTTP/2 200 OK"
2026-09-01 11:37:28,739 [INFO] HTTP Request: GET https://clob.polymarket.com/balance-allowance?signature_type=3&asset_type=CONDITIONAL&token_id=63063177066554368528220916797358300516904875685438223115936204251079189797073 "HTTP/2 200 OK"
2026-09-01 11:37:28,743 [INFO] 真實帳戶狀態：餘額 $49.84，持有部位 2 個，成交 30 筆
2026-09-01 11:37:39,133 [INFO] HTTP Request: GET https://clob.polymarket.com/balance-allowance?signature_type=3&asset_type=COLLATERAL "HTTP/2 200 OK"
2026-09-01 11:37:39,419 [INFO] HTTP Request: GET https://clob.polymarket.com/data/orders?next_cursor=MA%3D%3D "HTTP/2 200 OK"
2026-09-01 11:37:39,698 [INFO] HTTP Request: GET https://clob.polymarket.com/data/trades?next_cursor=MA%3D%3D "HTTP/2 200 OK"
2026-09-01 11:37:40,419 [INFO] HTTP Request: GET https://clob.polymarket.com/balance-allowance?signature_type=3&asset_type=CONDITIONAL&token_id=63957181209834270379232468692499917700538324241870258162076846932030627980396 "HTTP/2 200 OK"
2026-09-01 11:37:40,695 [INFO] HTTP Request: GET https://clob.polymarket.com/midpoint?token_id=63957181209834270379232468692499917700538324241870258162076846932030627980396 "HTTP/2 200 OK"
2026-09-01 11:37:40,970 [INFO] HTTP Request: GET https://clob.polymarket.com/balance-allowance?signature_type=3&asset_type=CONDITIONAL&token_id=18492538775219554547348214188594610629789600656558072239962607194323831777030 "HTTP/2 200 OK"
2026-09-01 11:37:41,248 [INFO] HTTP Request: GET https://clob.polymarket.com/midpoint?token_id=18492538775219554547348214188594610629789600656558072239962607194323831777030 "HTTP/2 200 OK"
2026-09-01 11:37:41,520 [INFO] HTTP Request: GET https://clob.polymarket.com/balance-allowance?signature_type=3&asset_type=CONDITIONAL&token_id=26476877693084651121621184216158038808086127859124156881728124490165576523451 "HTTP/2 200 OK"
2026-09-01 11:37:41,799 [INFO] HTTP Request: GET https://clob.polymarket.com/balance-allowance?signature_type=3&asset_type=CONDITIONAL&token_id=1209100588465112785678818703438506470483599541553020185250221908965218772872 "HTTP/2 200 OK"
2026-09-01 11:37:42,075 [INFO] HTTP Request: GET https://clob.polymarket.com/balance-allowance?signature_type=3&asset_type=CONDITIONAL&token_id=28954351601602517116578143135946836170457660396784135870164340162656431805667 "HTTP/2 200 OK"
2026-09-01 11:37:42,351 [INFO] HTTP Request: GET https://clob.polymarket.com/balance-allowance?signature_type=3&asset_type=CONDITIONAL&token_id=12484443029638413509502910860782421850450630566092261670297734882124129927945 "HTTP/2 200 OK"
2026-09-01 11:37:42,632 [INFO] HTTP Request: GET https://clob.polymarket.com/balance-allowance?signature_type=3&asset_type=CONDITIONAL&token_id=45243531243564914870359178704260032346567195670486694098991320431632066084959 "HTTP/2 200 OK"
2026-09-01 11:37:42,905 [INFO] HTTP Request: GET https://clob.polymarket.com/balance-allowance?signature_type=3&asset_type=CONDITIONAL&token_id=63063177066554368528220916797358300516904875685438223115936204251079189797073 "HTTP/2 200 OK"
2026-09-01 11:37:42,910 [INFO] 真實帳戶狀態：餘額 $49.84，持有部位 2 個，成交 30 筆
2026-09-01 11:37:53,282 [INFO] HTTP Request: GET https://clob.polymarket.com/balance-allowance?signature_type=3&asset_type=COLLATERAL "HTTP/2 200 OK"
2026-09-01 11:37:53,564 [INFO] HTTP Request: GET https://clob.polymarket.com/data/orders?next_cursor=MA%3D%3D "HTTP/2 200 OK"
2026-09-01 11:37:53,836 [INFO] HTTP Request: GET https://clob.polymarket.com/data/trades?next_cursor=MA%3D%3D "HTTP/2 200 OK"
2026-09-01 11:37:54,169 [INFO] HTTP Request: GET https://clob.polymarket.com/balance-allowance?signature_type=3&asset_type=CONDITIONAL&token_id=63957181209834270379232468692499917700538324241870258162076846932030627980396 "HTTP/2 200 OK"
2026-09-01 11:37:54,503 [INFO] HTTP Request: GET https://clob.polymarket.com/midpoint?token_id=63957181209834270379232468692499917700538324241870258162076846932030627980396 "HTTP/2 200 OK"
2026-09-01 11:37:54,782 [INFO] HTTP Request: GET https://clob.polymarket.com/balance-allowance?signature_type=3&asset_type=CONDITIONAL&token_id=18492538775219554547348214188594610629789600656558072239962607194323831777030 "HTTP/2 200 OK"
2026-09-01 11:37:55,047 [INFO] HTTP Request: GET https://clob.polymarket.com/midpoint?token_id=18492538775219554547348214188594610629789600656558072239962607194323831777030 "HTTP/2 200 OK"
2026-09-01 11:37:55,320 [INFO] HTTP Request: GET https://clob.polymarket.com/balance-allowance?signature_type=3&asset_type=CONDITIONAL&token_id=26476877693084651121621184216158038808086127859124156881728124490165576523451 "HTTP/2 200 OK"
2026-09-01 11:37:55,595 [INFO] HTTP Request: GET https://clob.polymarket.com/balance-allowance?signature_type=3&asset_type=CONDITIONAL&token_id=1209100588465112785678818703438506470483599541553020185250221908965218772872 "HTTP/2 200 OK"
2026-09-01 11:37:55,871 [INFO] HTTP Request: GET https://clob.polymarket.com/balance-allowance?signature_type=3&asset_type=CONDITIONAL&token_id=28954351601602517116578143135946836170457660396784135870164340162656431805667 "HTTP/2 200 OK"
2026-09-01 11:37:56,151 [INFO] HTTP Request: GET https://clob.polymarket.com/balance-allowance?signature_type=3&asset_type=CONDITIONAL&token_id=12484443029638413509502910860782421850450630566092261670297734882124129927945 "HTTP/2 200 OK"
2026-09-01 11:37:56,424 [INFO] HTTP Request: GET https://clob.polymarket.com/balance-allowance?signature_type=3&asset_type=CONDITIONAL&token_id=45243531243564914870359178704260032346567195670486694098991320431632066084959 "HTTP/2 200 OK"
2026-09-01 11:37:56,699 [INFO] HTTP Request: GET https://clob.polymarket.com/balance-allowance?signature_type=3&asset_type=CONDITIONAL&token_id=63063177066554368528220916797358300516904875685438223115936204251079189797073 "HTTP/2 200 OK"
2026-09-01 11:37:56,702 [INFO] 真實帳戶狀態：餘額 $49.84，持有部位 2 個，成交 30 筆
2026-09-01 11:38:07,070 [INFO] HTTP Request: GET https://clob.polymarket.com/balance-allowance?signature_type=3&asset_type=COLLATERAL "HTTP/2 200 OK"
2026-09-01 11:38:07,352 [INFO] HTTP Request: GET https://clob.polymarket.com/data/orders?next_cursor=MA%3D%3D "HTTP/2 200 OK"
2026-09-01 11:38:07,643 [INFO] HTTP Request: GET https://clob.polymarket.com/data/trades?next_cursor=MA%3D%3D "HTTP/2 200 OK"
2026-09-01 11:38:07,966 [INFO] HTTP Request: GET https://clob.polymarket.com/balance-allowance?signature_type=3&asset_type=CONDITIONAL&token_id=63957181209834270379232468692499917700538324241870258162076846932030627980396 "HTTP/2 200 OK"
2026-09-01 11:38:08,234 [INFO] HTTP Request: GET https://clob.polymarket.com/midpoint?token_id=63957181209834270379232468692499917700538324241870258162076846932030627980396 "HTTP/2 200 OK"
2026-09-01 11:38:08,511 [INFO] HTTP Request: GET https://clob.polymarket.com/balance-allowance?signature_type=3&asset_type=CONDITIONAL&token_id=18492538775219554547348214188594610629789600656558072239962607194323831777030 "HTTP/2 200 OK"
2026-09-01 11:38:08,789 [INFO] HTTP Request: GET https://clob.polymarket.com/midpoint?token_id=18492538775219554547348214188594610629789600656558072239962607194323831777030 "HTTP/2 200 OK"
2026-09-01 11:38:09,066 [INFO] HTTP Request: GET https://clob.polymarket.com/balance-allowance?signature_type=3&asset_type=CONDITIONAL&token_id=26476877693084651121621184216158038808086127859124156881728124490165576523451 "HTTP/2 200 OK"
2026-09-01 11:38:09,338 [INFO] HTTP Request: GET https://clob.polymarket.com/balance-allowance?signature_type=3&asset_type=CONDITIONAL&token_id=1209100588465112785678818703438506470483599541553020185250221908965218772872 "HTTP/2 200 OK"
2026-09-01 11:38:09,614 [INFO] HTTP Request: GET https://clob.polymarket.com/balance-allowance?signature_type=3&asset_type=CONDITIONAL&token_id=28954351601602517116578143135946836170457660396784135870164340162656431805667 "HTTP/2 200 OK"
2026-09-01 11:38:09,892 [INFO] HTTP Request: GET https://clob.polymarket.com/balance-allowance?signature_type=3&asset_type=CONDITIONAL&token_id=12484443029638413509502910860782421850450630566092261670297734882124129927945 "HTTP/2 200 OK"
2026-09-01 11:38:10,171 [INFO] HTTP Request: GET https://clob.polymarket.com/balance-allowance?signature_type=3&asset_type=CONDITIONAL&token_id=45243531243564914870359178704260032346567195670486694098991320431632066084959 "HTTP/2 200 OK"
2026-09-01 11:38:10,447 [INFO] HTTP Request: GET https://clob.polymarket.com/balance-allowance?signature_type=3&asset_type=CONDITIONAL&token_id=63063177066554368528220916797358300516904875685438223115936204251079189797073 "HTTP/2 200 OK"
2026-09-01 11:38:10,452 [INFO] 真實帳戶狀態：餘額 $49.84，持有部位 2 個，成交 30 筆
2026-09-01 11:38:20,831 [INFO] HTTP Request: GET https://clob.polymarket.com/balance-allowance?signature_type=3&asset_type=COLLATERAL "HTTP/2 200 OK"
2026-09-01 11:38:21,116 [INFO] HTTP Request: GET https://clob.polymarket.com/data/orders?next_cursor=MA%3D%3D "HTTP/2 200 OK"
2026-09-01 11:38:21,402 [INFO] HTTP Request: GET https://clob.polymarket.com/data/trades?next_cursor=MA%3D%3D "HTTP/2 200 OK"
2026-09-01 11:38:21,728 [INFO] HTTP Request: GET https://clob.polymarket.com/balance-allowance?signature_type=3&asset_type=CONDITIONAL&token_id=63957181209834270379232468692499917700538324241870258162076846932030627980396 "HTTP/2 200 OK"
2026-09-01 11:38:21,999 [INFO] HTTP Request: GET https://clob.polymarket.com/midpoint?token_id=63957181209834270379232468692499917700538324241870258162076846932030627980396 "HTTP/2 200 OK"
2026-09-01 11:38:22,275 [INFO] HTTP Request: GET https://clob.polymarket.com/balance-allowance?signature_type=3&asset_type=CONDITIONAL&token_id=18492538775219554547348214188594610629789600656558072239962607194323831777030 "HTTP/2 200 OK"
2026-09-01 11:38:22,550 [INFO] HTTP Request: GET https://clob.polymarket.com/midpoint?token_id=18492538775219554547348214188594610629789600656558072239962607194323831777030 "HTTP/2 200 OK"
2026-09-01 11:38:22,827 [INFO] HTTP Request: GET https://clob.polymarket.com/balance-allowance?signature_type=3&asset_type=CONDITIONAL&token_id=26476877693084651121621184216158038808086127859124156881728124490165576523451 "HTTP/2 200 OK"
2026-09-01 11:38:23,097 [INFO] HTTP Request: GET https://clob.polymarket.com/balance-allowance?signature_type=3&asset_type=CONDITIONAL&token_id=1209100588465112785678818703438506470483599541553020185250221908965218772872 "HTTP/2 200 OK"
2026-09-01 11:38:23,368 [INFO] HTTP Request: GET https://clob.polymarket.com/balance-allowance?signature_type=3&asset_type=CONDITIONAL&token_id=28954351601602517116578143135946836170457660396784135870164340162656431805667 "HTTP/2 200 OK"
2026-09-01 11:38:23,637 [INFO] HTTP Request: GET https://clob.polymarket.com/balance-allowance?signature_type=3&asset_type=CONDITIONAL&token_id=12484443029638413509502910860782421850450630566092261670297734882124129927945 "HTTP/2 200 OK"
2026-09-01 11:38:23,908 [INFO] HTTP Request: GET https://clob.polymarket.com/balance-allowance?signature_type=3&asset_type=CONDITIONAL&token_id=45243531243564914870359178704260032346567195670486694098991320431632066084959 "HTTP/2 200 OK"
2026-09-01 11:38:24,180 [INFO] HTTP Request: GET https://clob.polymarket.com/balance-allowance?signature_type=3&asset_type=CONDITIONAL&token_id=63063177066554368528220916797358300516904875685438223115936204251079189797073 "HTTP/2 200 OK"
2026-09-01 11:38:24,184 [INFO] 真實帳戶狀態：餘額 $49.84，持有部位 2 個，成交 30 筆
2026-09-01 11:38:34,549 [INFO] HTTP Request: GET https://clob.polymarket.com/balance-allowance?signature_type=3&asset_type=COLLATERAL "HTTP/2 200 OK"
2026-09-01 11:38:34,957 [INFO] HTTP Request: GET https://clob.polymarket.com/data/orders?next_cursor=MA%3D%3D "HTTP/2 200 OK"
2026-09-01 11:38:35,238 [INFO] HTTP Request: GET https://clob.polymarket.com/data/trades?next_cursor=MA%3D%3D "HTTP/2 200 OK"
2026-09-01 11:38:35,567 [INFO] HTTP Request: GET https://clob.polymarket.com/balance-allowance?signature_type=3&asset_type=CONDITIONAL&token_id=63957181209834270379232468692499917700538324241870258162076846932030627980396 "HTTP/2 200 OK"
2026-09-01 11:38:35,836 [INFO] HTTP Request: GET https://clob.polymarket.com/midpoint?token_id=63957181209834270379232468692499917700538324241870258162076846932030627980396 "HTTP/2 200 OK"
2026-09-01 11:38:36,131 [INFO] HTTP Request: GET https://clob.polymarket.com/balance-allowance?signature_type=3&asset_type=CONDITIONAL&token_id=18492538775219554547348214188594610629789600656558072239962607194323831777030 "HTTP/2 200 OK"
2026-09-01 11:38:36,494 [INFO] HTTP Request: GET https://clob.polymarket.com/midpoint?token_id=18492538775219554547348214188594610629789600656558072239962607194323831777030 "HTTP/2 200 OK"
2026-09-01 11:38:36,763 [INFO] HTTP Request: GET https://clob.polymarket.com/balance-allowance?signature_type=3&asset_type=CONDITIONAL&token_id=26476877693084651121621184216158038808086127859124156881728124490165576523451 "HTTP/2 200 OK"
2026-09-01 11:38:37,033 [INFO] HTTP Request: GET https://clob.polymarket.com/balance-allowance?signature_type=3&asset_type=CONDITIONAL&token_id=1209100588465112785678818703438506470483599541553020185250221908965218772872 "HTTP/2 200 OK"
2026-09-01 11:38:37,304 [INFO] HTTP Request: GET https://clob.polymarket.com/balance-allowance?signature_type=3&asset_type=CONDITIONAL&token_id=28954351601602517116578143135946836170457660396784135870164340162656431805667 "HTTP/2 200 OK"
2026-09-01 11:38:37,574 [INFO] HTTP Request: GET https://clob.polymarket.com/balance-allowance?signature_type=3&asset_type=CONDITIONAL&token_id=12484443029638413509502910860782421850450630566092261670297734882124129927945 "HTTP/2 200 OK"
2026-09-01 11:38:37,844 [INFO] HTTP Request: GET https://clob.polymarket.com/balance-allowance?signature_type=3&asset_type=CONDITIONAL&token_id=45243531243564914870359178704260032346567195670486694098991320431632066084959 "HTTP/2 200 OK"
2026-09-01 11:38:38,119 [INFO] HTTP Request: GET https://clob.polymarket.com/balance-allowance?signature_type=3&asset_type=CONDITIONAL&token_id=63063177066554368528220916797358300516904875685438223115936204251079189797073 "HTTP/2 200 OK"
2026-09-01 11:38:38,124 [INFO] 真實帳戶狀態：餘額 $49.84，持有部位 2 個，成交 30 筆
2026-09-01 11:38:48,487 [INFO] HTTP Request: GET https://clob.polymarket.com/balance-allowance?signature_type=3&asset_type=COLLATERAL "HTTP/2 200 OK"
2026-09-01 11:38:48,777 [INFO] HTTP Request: GET https://clob.polymarket.com/data/orders?next_cursor=MA%3D%3D "HTTP/2 200 OK"
2026-09-01 11:38:49,078 [INFO] HTTP Request: GET https://clob.polymarket.com/data/trades?next_cursor=MA%3D%3D "HTTP/2 200 OK"
2026-09-01 11:38:49,408 [INFO] HTTP Request: GET https://clob.polymarket.com/balance-allowance?signature_type=3&asset_type=CONDITIONAL&token_id=63957181209834270379232468692499917700538324241870258162076846932030627980396 "HTTP/2 200 OK"
2026-09-01 11:38:49,678 [INFO] HTTP Request: GET https://clob.polymarket.com/midpoint?token_id=63957181209834270379232468692499917700538324241870258162076846932030627980396 "HTTP/2 200 OK"
2026-09-01 11:38:49,949 [INFO] HTTP Request: GET https://clob.polymarket.com/balance-allowance?signature_type=3&asset_type=CONDITIONAL&token_id=18492538775219554547348214188594610629789600656558072239962607194323831777030 "HTTP/2 200 OK"
2026-09-01 11:38:50,220 [INFO] HTTP Request: GET https://clob.polymarket.com/midpoint?token_id=18492538775219554547348214188594610629789600656558072239962607194323831777030 "HTTP/2 200 OK"
2026-09-01 11:38:50,499 [INFO] HTTP Request: GET https://clob.polymarket.com/balance-allowance?signature_type=3&asset_type=CONDITIONAL&token_id=26476877693084651121621184216158038808086127859124156881728124490165576523451 "HTTP/2 200 OK"
2026-09-01 11:38:50,770 [INFO] HTTP Request: GET https://clob.polymarket.com/balance-allowance?signature_type=3&asset_type=CONDITIONAL&token_id=1209100588465112785678818703438506470483599541553020185250221908965218772872 "HTTP/2 200 OK"
2026-09-01 11:38:51,042 [INFO] HTTP Request: GET https://clob.polymarket.com/balance-allowance?signature_type=3&asset_type=CONDITIONAL&token_id=28954351601602517116578143135946836170457660396784135870164340162656431805667 "HTTP/2 200 OK"
2026-09-01 11:38:51,319 [INFO] HTTP Request: GET https://clob.polymarket.com/balance-allowance?signature_type=3&asset_type=CONDITIONAL&token_id=12484443029638413509502910860782421850450630566092261670297734882124129927945 "HTTP/2 200 OK"
2026-09-01 11:38:51,589 [INFO] HTTP Request: GET https://clob.polymarket.com/balance-allowance?signature_type=3&asset_type=CONDITIONAL&token_id=45243531243564914870359178704260032346567195670486694098991320431632066084959 "HTTP/2 200 OK"
2026-09-01 11:38:51,864 [INFO] HTTP Request: GET https://clob.polymarket.com/balance-allowance?signature_type=3&asset_type=CONDITIONAL&token_id=63063177066554368528220916797358300516904875685438223115936204251079189797073 "HTTP/2 200 OK"
2026-09-01 11:38:51,871 [INFO] 真實帳戶狀態：餘額 $49.84，持有部位 2 個，成交 30 筆
2026-09-01 11:39:02,262 [INFO] HTTP Request: GET https://clob.polymarket.com/balance-allowance?signature_type=3&asset_type=COLLATERAL "HTTP/2 200 OK"
2026-09-01 11:39:02,539 [INFO] HTTP Request: GET https://clob.polymarket.com/data/orders?next_cursor=MA%3D%3D "HTTP/2 200 OK"
2026-09-01 11:39:02,818 [INFO] HTTP Request: GET https://clob.polymarket.com/data/trades?next_cursor=MA%3D%3D "HTTP/2 200 OK"
2026-09-01 11:39:03,151 [INFO] HTTP Request: GET https://clob.polymarket.com/balance-allowance?signature_type=3&asset_type=CONDITIONAL&token_id=63957181209834270379232468692499917700538324241870258162076846932030627980396 "HTTP/2 200 OK"
2026-09-01 11:39:03,443 [INFO] HTTP Request: GET https://clob.polymarket.com/midpoint?token_id=63957181209834270379232468692499917700538324241870258162076846932030627980396 "HTTP/2 200 OK"
2026-09-01 11:39:03,720 [INFO] HTTP Request: GET https://clob.polymarket.com/balance-allowance?signature_type=3&asset_type=CONDITIONAL&token_id=18492538775219554547348214188594610629789600656558072239962607194323831777030 "HTTP/2 200 OK"
2026-09-01 11:39:04,014 [INFO] HTTP Request: GET https://clob.polymarket.com/midpoint?token_id=18492538775219554547348214188594610629789600656558072239962607194323831777030 "HTTP/2 200 OK"
2026-09-01 11:39:04,296 [INFO] HTTP Request: GET https://clob.polymarket.com/balance-allowance?signature_type=3&asset_type=CONDITIONAL&token_id=26476877693084651121621184216158038808086127859124156881728124490165576523451 "HTTP/2 200 OK"
2026-09-01 11:39:04,580 [INFO] HTTP Request: GET https://clob.polymarket.com/balance-allowance?signature_type=3&asset_type=CONDITIONAL&token_id=1209100588465112785678818703438506470483599541553020185250221908965218772872 "HTTP/2 200 OK"
2026-09-01 11:39:04,861 [INFO] HTTP Request: GET https://clob.polymarket.com/balance-allowance?signature_type=3&asset_type=CONDITIONAL&token_id=28954351601602517116578143135946836170457660396784135870164340162656431805667 "HTTP/2 200 OK"
2026-09-01 11:39:05,138 [INFO] HTTP Request: GET https://clob.polymarket.com/balance-allowance?signature_type=3&asset_type=CONDITIONAL&token_id=12484443029638413509502910860782421850450630566092261670297734882124129927945 "HTTP/2 200 OK"
2026-09-01 11:39:05,416 [INFO] HTTP Request: GET https://clob.polymarket.com/balance-allowance?signature_type=3&asset_type=CONDITIONAL&token_id=45243531243564914870359178704260032346567195670486694098991320431632066084959 "HTTP/2 200 OK"
2026-09-01 11:39:05,701 [INFO] HTTP Request: GET https://clob.polymarket.com/balance-allowance?signature_type=3&asset_type=CONDITIONAL&token_id=63063177066554368528220916797358300516904875685438223115936204251079189797073 "HTTP/2 200 OK"
2026-09-01 11:39:05,706 [INFO] 真實帳戶狀態：餘額 $49.84，持有部位 2 個，成交 30 筆
2026-09-01 11:39:16,071 [INFO] HTTP Request: GET https://clob.polymarket.com/balance-allowance?signature_type=3&asset_type=COLLATERAL "HTTP/2 200 OK"
2026-09-01 11:39:16,345 [INFO] HTTP Request: GET https://clob.polymarket.com/data/orders?next_cursor=MA%3D%3D "HTTP/2 200 OK"
2026-09-01 11:39:16,751 [INFO] HTTP Request: GET https://clob.polymarket.com/data/trades?next_cursor=MA%3D%3D "HTTP/2 200 OK"
2026-09-01 11:39:17,091 [INFO] HTTP Request: GET https://clob.polymarket.com/balance-allowance?signature_type=3&asset_type=CONDITIONAL&token_id=63957181209834270379232468692499917700538324241870258162076846932030627980396 "HTTP/2 200 OK"
2026-09-01 11:39:17,363 [INFO] HTTP Request: GET https://clob.polymarket.com/midpoint?token_id=63957181209834270379232468692499917700538324241870258162076846932030627980396 "HTTP/2 200 OK"
2026-09-01 11:39:17,730 [INFO] HTTP Request: GET https://clob.polymarket.com/balance-allowance?signature_type=3&asset_type=CONDITIONAL&token_id=18492538775219554547348214188594610629789600656558072239962607194323831777030 "HTTP/2 200 OK"
2026-09-01 11:39:18,012 [INFO] HTTP Request: GET https://clob.polymarket.com/midpoint?token_id=18492538775219554547348214188594610629789600656558072239962607194323831777030 "HTTP/2 200 OK"
2026-09-01 11:39:18,298 [INFO] HTTP Request: GET https://clob.polymarket.com/balance-allowance?signature_type=3&asset_type=CONDITIONAL&token_id=26476877693084651121621184216158038808086127859124156881728124490165576523451 "HTTP/2 200 OK"
2026-09-01 11:39:18,573 [INFO] HTTP Request: GET https://clob.polymarket.com/balance-allowance?signature_type=3&asset_type=CONDITIONAL&token_id=1209100588465112785678818703438506470483599541553020185250221908965218772872 "HTTP/2 200 OK"
2026-09-01 11:39:18,855 [INFO] HTTP Request: GET https://clob.polymarket.com/balance-allowance?signature_type=3&asset_type=CONDITIONAL&token_id=28954351601602517116578143135946836170457660396784135870164340162656431805667 "HTTP/2 200 OK"
2026-09-01 11:39:19,132 [INFO] HTTP Request: GET https://clob.polymarket.com/balance-allowance?signature_type=3&asset_type=CONDITIONAL&token_id=12484443029638413509502910860782421850450630566092261670297734882124129927945 "HTTP/2 200 OK"
2026-09-01 11:39:19,411 [INFO] HTTP Request: GET https://clob.polymarket.com/balance-allowance?signature_type=3&asset_type=CONDITIONAL&token_id=45243531243564914870359178704260032346567195670486694098991320431632066084959 "HTTP/2 200 OK"
2026-09-01 11:39:19,692 [INFO] HTTP Request: GET https://clob.polymarket.com/balance-allowance?signature_type=3&asset_type=CONDITIONAL&token_id=63063177066554368528220916797358300516904875685438223115936204251079189797073 "HTTP/2 200 OK"
2026-09-01 11:39:19,695 [INFO] 真實帳戶狀態：餘額 $49.84，持有部位 2 個，成交 30 筆
2026-09-01 11:39:30,045 [INFO] HTTP Request: GET https://clob.polymarket.com/balance-allowance?signature_type=3&asset_type=COLLATERAL "HTTP/2 200 OK"
2026-09-01 11:39:30,327 [INFO] HTTP Request: GET https://clob.polymarket.com/data/orders?next_cursor=MA%3D%3D "HTTP/2 200 OK"
2026-09-01 11:39:30,601 [INFO] HTTP Request: GET https://clob.polymarket.com/data/trades?next_cursor=MA%3D%3D "HTTP/2 200 OK"
2026-09-01 11:39:30,928 [INFO] HTTP Request: GET https://clob.polymarket.com/balance-allowance?signature_type=3&asset_type=CONDITIONAL&token_id=63957181209834270379232468692499917700538324241870258162076846932030627980396 "HTTP/2 200 OK"
2026-09-01 11:39:31,196 [INFO] HTTP Request: GET https://clob.polymarket.com/midpoint?token_id=63957181209834270379232468692499917700538324241870258162076846932030627980396 "HTTP/2 200 OK"
2026-09-01 11:39:31,468 [INFO] HTTP Request: GET https://clob.polymarket.com/balance-allowance?signature_type=3&asset_type=CONDITIONAL&token_id=18492538775219554547348214188594610629789600656558072239962607194323831777030 "HTTP/2 200 OK"
2026-09-01 11:39:31,740 [INFO] HTTP Request: GET https://clob.polymarket.com/midpoint?token_id=18492538775219554547348214188594610629789600656558072239962607194323831777030 "HTTP/2 200 OK"
2026-09-01 11:39:32,012 [INFO] HTTP Request: GET https://clob.polymarket.com/balance-allowance?signature_type=3&asset_type=CONDITIONAL&token_id=26476877693084651121621184216158038808086127859124156881728124490165576523451 "HTTP/2 200 OK"
2026-09-01 11:39:32,282 [INFO] HTTP Request: GET https://clob.polymarket.com/balance-allowance?signature_type=3&asset_type=CONDITIONAL&token_id=1209100588465112785678818703438506470483599541553020185250221908965218772872 "HTTP/2 200 OK"
2026-09-01 11:39:32,556 [INFO] HTTP Request: GET https://clob.polymarket.com/balance-allowance?signature_type=3&asset_type=CONDITIONAL&token_id=28954351601602517116578143135946836170457660396784135870164340162656431805667 "HTTP/2 200 OK"
2026-09-01 11:39:32,830 [INFO] HTTP Request: GET https://clob.polymarket.com/balance-allowance?signature_type=3&asset_type=CONDITIONAL&token_id=12484443029638413509502910860782421850450630566092261670297734882124129927945 "HTTP/2 200 OK"
2026-09-01 11:39:33,101 [INFO] HTTP Request: GET https://clob.polymarket.com/balance-allowance?signature_type=3&asset_type=CONDITIONAL&token_id=45243531243564914870359178704260032346567195670486694098991320431632066084959 "HTTP/2 200 OK"
2026-09-01 11:39:33,371 [INFO] HTTP Request: GET https://clob.polymarket.com/balance-allowance?signature_type=3&asset_type=CONDITIONAL&token_id=63063177066554368528220916797358300516904875685438223115936204251079189797073 "HTTP/2 200 OK"
2026-09-01 11:39:33,375 [INFO] 真實帳戶狀態：餘額 $49.84，持有部位 2 個，成交 30 筆
2026-09-01 11:39:43,731 [INFO] HTTP Request: GET https://clob.polymarket.com/balance-allowance?signature_type=3&asset_type=COLLATERAL "HTTP/2 200 OK"
2026-09-01 11:39:44,000 [INFO] HTTP Request: GET https://clob.polymarket.com/data/orders?next_cursor=MA%3D%3D "HTTP/2 200 OK"
2026-09-01 11:39:44,276 [INFO] HTTP Request: GET https://clob.polymarket.com/data/trades?next_cursor=MA%3D%3D "HTTP/2 200 OK"
2026-09-01 11:39:44,598 [INFO] HTTP Request: GET https://clob.polymarket.com/balance-allowance?signature_type=3&asset_type=CONDITIONAL&token_id=63957181209834270379232468692499917700538324241870258162076846932030627980396 "HTTP/2 200 OK"
2026-09-01 11:39:44,869 [INFO] HTTP Request: GET https://clob.polymarket.com/midpoint?token_id=63957181209834270379232468692499917700538324241870258162076846932030627980396 "HTTP/2 200 OK"
2026-09-01 11:39:45,140 [INFO] HTTP Request: GET https://clob.polymarket.com/balance-allowance?signature_type=3&asset_type=CONDITIONAL&token_id=18492538775219554547348214188594610629789600656558072239962607194323831777030 "HTTP/2 200 OK"
2026-09-01 11:39:45,413 [INFO] HTTP Request: GET https://clob.polymarket.com/midpoint?token_id=18492538775219554547348214188594610629789600656558072239962607194323831777030 "HTTP/2 200 OK"
2026-09-01 11:39:45,686 [INFO] HTTP Request: GET https://clob.polymarket.com/balance-allowance?signature_type=3&asset_type=CONDITIONAL&token_id=26476877693084651121621184216158038808086127859124156881728124490165576523451 "HTTP/2 200 OK"
2026-09-01 11:39:45,957 [INFO] HTTP Request: GET https://clob.polymarket.com/balance-allowance?signature_type=3&asset_type=CONDITIONAL&token_id=1209100588465112785678818703438506470483599541553020185250221908965218772872 "HTTP/2 200 OK"
2026-09-01 11:39:46,247 [INFO] HTTP Request: GET https://clob.polymarket.com/balance-allowance?signature_type=3&asset_type=CONDITIONAL&token_id=28954351601602517116578143135946836170457660396784135870164340162656431805667 "HTTP/2 200 OK"
2026-09-01 11:39:46,516 [INFO] HTTP Request: GET https://clob.polymarket.com/balance-allowance?signature_type=3&asset_type=CONDITIONAL&token_id=12484443029638413509502910860782421850450630566092261670297734882124129927945 "HTTP/2 200 OK"
2026-09-01 11:39:46,789 [INFO] HTTP Request: GET https://clob.polymarket.com/balance-allowance?signature_type=3&asset_type=CONDITIONAL&token_id=45243531243564914870359178704260032346567195670486694098991320431632066084959 "HTTP/2 200 OK"
2026-09-01 11:39:47,062 [INFO] HTTP Request: GET https://clob.polymarket.com/balance-allowance?signature_type=3&asset_type=CONDITIONAL&token_id=63063177066554368528220916797358300516904875685438223115936204251079189797073 "HTTP/2 200 OK"
2026-09-01 11:39:47,065 [INFO] 真實帳戶狀態：餘額 $49.84，持有部位 2 個，成交 30 筆
2026-09-01 11:39:57,439 [INFO] HTTP Request: GET https://clob.polymarket.com/balance-allowance?signature_type=3&asset_type=COLLATERAL "HTTP/2 200 OK"
2026-09-01 11:39:57,715 [INFO] HTTP Request: GET https://clob.polymarket.com/data/orders?next_cursor=MA%3D%3D "HTTP/2 200 OK"
2026-09-01 11:39:57,997 [INFO] HTTP Request: GET https://clob.polymarket.com/data/trades?next_cursor=MA%3D%3D "HTTP/2 200 OK"
2026-09-01 11:39:58,323 [INFO] HTTP Request: GET https://clob.polymarket.com/balance-allowance?signature_type=3&asset_type=CONDITIONAL&token_id=63957181209834270379232468692499917700538324241870258162076846932030627980396 "HTTP/2 200 OK"
2026-09-01 11:39:58,598 [INFO] HTTP Request: GET https://clob.polymarket.com/midpoint?token_id=63957181209834270379232468692499917700538324241870258162076846932030627980396 "HTTP/2 200 OK"
2026-09-01 11:39:58,944 [INFO] HTTP Request: GET https://clob.polymarket.com/balance-allowance?signature_type=3&asset_type=CONDITIONAL&token_id=18492538775219554547348214188594610629789600656558072239962607194323831777030 "HTTP/2 200 OK"
2026-09-01 11:39:59,219 [INFO] HTTP Request: GET https://clob.polymarket.com/midpoint?token_id=18492538775219554547348214188594610629789600656558072239962607194323831777030 "HTTP/2 404 Not Found"
2026-09-01 11:39:59,220 [ERROR] [py_clob_client_v2] request error status=404 url=https://clob.polymarket.com/midpoint body={"error":"No orderbook exists for the requested token id"}

2026-09-01 11:39:59,501 [INFO] HTTP Request: GET https://clob.polymarket.com/balance-allowance?signature_type=3&asset_type=CONDITIONAL&token_id=26476877693084651121621184216158038808086127859124156881728124490165576523451 "HTTP/2 200 OK"
2026-09-01 11:39:59,784 [INFO] HTTP Request: GET https://clob.polymarket.com/balance-allowance?signature_type=3&asset_type=CONDITIONAL&token_id=1209100588465112785678818703438506470483599541553020185250221908965218772872 "HTTP/2 200 OK"
2026-09-01 11:40:00,069 [INFO] HTTP Request: GET https://clob.polymarket.com/balance-allowance?signature_type=3&asset_type=CONDITIONAL&token_id=28954351601602517116578143135946836170457660396784135870164340162656431805667 "HTTP/2 200 OK"
2026-09-01 11:40:00,381 [INFO] HTTP Request: GET https://clob.polymarket.com/balance-allowance?signature_type=3&asset_type=CONDITIONAL&token_id=12484443029638413509502910860782421850450630566092261670297734882124129927945 "HTTP/2 200 OK"
2026-09-01 11:40:00,657 [INFO] HTTP Request: GET https://clob.polymarket.com/balance-allowance?signature_type=3&asset_type=CONDITIONAL&token_id=45243531243564914870359178704260032346567195670486694098991320431632066084959 "HTTP/2 200 OK"
2026-09-01 11:40:00,940 [INFO] HTTP Request: GET https://clob.polymarket.com/balance-allowance?signature_type=3&asset_type=CONDITIONAL&token_id=63063177066554368528220916797358300516904875685438223115936204251079189797073 "HTTP/2 200 OK"
2026-09-01 11:40:00,943 [INFO] 真實帳戶狀態：餘額 $49.84，持有部位 1 個，成交 30 筆
2026-09-01 11:40:11,331 [INFO] HTTP Request: GET https://clob.polymarket.com/balance-allowance?signature_type=3&asset_type=COLLATERAL "HTTP/2 200 OK"
2026-09-01 11:40:11,603 [INFO] HTTP Request: GET https://clob.polymarket.com/data/orders?next_cursor=MA%3D%3D "HTTP/2 200 OK"
2026-09-01 11:40:11,883 [INFO] HTTP Request: GET https://clob.polymarket.com/data/trades?next_cursor=MA%3D%3D "HTTP/2 200 OK"
2026-09-01 11:40:12,213 [INFO] HTTP Request: GET https://clob.polymarket.com/balance-allowance?signature_type=3&asset_type=CONDITIONAL&token_id=63957181209834270379232468692499917700538324241870258162076846932030627980396 "HTTP/2 200 OK"
2026-09-01 11:40:12,488 [INFO] HTTP Request: GET https://clob.polymarket.com/midpoint?token_id=63957181209834270379232468692499917700538324241870258162076846932030627980396 "HTTP/2 200 OK"
2026-09-01 11:40:12,788 [INFO] HTTP Request: GET https://clob.polymarket.com/balance-allowance?signature_type=3&asset_type=CONDITIONAL&token_id=26476877693084651121621184216158038808086127859124156881728124490165576523451 "HTTP/2 200 OK"
2026-09-01 11:40:13,061 [INFO] HTTP Request: GET https://clob.polymarket.com/balance-allowance?signature_type=3&asset_type=CONDITIONAL&token_id=1209100588465112785678818703438506470483599541553020185250221908965218772872 "HTTP/2 200 OK"
2026-09-01 11:40:13,358 [INFO] HTTP Request: GET https://clob.polymarket.com/balance-allowance?signature_type=3&asset_type=CONDITIONAL&token_id=28954351601602517116578143135946836170457660396784135870164340162656431805667 "HTTP/2 200 OK"
2026-09-01 11:40:13,633 [INFO] HTTP Request: GET https://clob.polymarket.com/balance-allowance?signature_type=3&asset_type=CONDITIONAL&token_id=12484443029638413509502910860782421850450630566092261670297734882124129927945 "HTTP/2 200 OK"
2026-09-01 11:40:13,908 [INFO] HTTP Request: GET https://clob.polymarket.com/balance-allowance?signature_type=3&asset_type=CONDITIONAL&token_id=45243531243564914870359178704260032346567195670486694098991320431632066084959 "HTTP/2 200 OK"
2026-09-01 11:40:14,184 [INFO] HTTP Request: GET https://clob.polymarket.com/balance-allowance?signature_type=3&asset_type=CONDITIONAL&token_id=63063177066554368528220916797358300516904875685438223115936204251079189797073 "HTTP/2 200 OK"
2026-09-01 11:40:14,187 [INFO] 真實帳戶狀態：餘額 $49.84，持有部位 1 個，成交 30 筆
2026-09-01 11:40:14,672 [INFO] 真實損益頁面已斷線（剩 0 個客戶端）
2026-09-01 11:40:14,673 [INFO] connection closed
2026-09-01 11:40:14,682 [INFO] connection open
2026-09-01 11:40:14,683 [INFO] 真實損益頁面已連接（共 1 個客戶端）
2026-09-01 11:40:24,575 [INFO] HTTP Request: GET https://clob.polymarket.com/balance-allowance?signature_type=3&asset_type=COLLATERAL "HTTP/2 200 OK"
2026-09-01 11:40:24,849 [INFO] HTTP Request: GET https://clob.polymarket.com/data/orders?next_cursor=MA%3D%3D "HTTP/2 200 OK"
2026-09-01 11:40:25,126 [INFO] HTTP Request: GET https://clob.polymarket.com/data/trades?next_cursor=MA%3D%3D "HTTP/2 200 OK"
2026-09-01 11:40:25,450 [INFO] HTTP Request: GET https://clob.polymarket.com/balance-allowance?signature_type=3&asset_type=CONDITIONAL&token_id=40226981542536983444919787300677464823405496856507835248518908133696697843012 "HTTP/2 200 OK"
2026-09-01 11:40:25,719 [INFO] HTTP Request: GET https://clob.polymarket.com/midpoint?token_id=40226981542536983444919787300677464823405496856507835248518908133696697843012 "HTTP/2 200 OK"
2026-09-01 11:40:25,993 [INFO] HTTP Request: GET https://clob.polymarket.com/balance-allowance?signature_type=3&asset_type=CONDITIONAL&token_id=63957181209834270379232468692499917700538324241870258162076846932030627980396 "HTTP/2 200 OK"
2026-09-01 11:40:26,262 [INFO] HTTP Request: GET https://clob.polymarket.com/midpoint?token_id=63957181209834270379232468692499917700538324241870258162076846932030627980396 "HTTP/2 200 OK"
2026-09-01 11:40:26,531 [INFO] HTTP Request: GET https://clob.polymarket.com/balance-allowance?signature_type=3&asset_type=CONDITIONAL&token_id=26476877693084651121621184216158038808086127859124156881728124490165576523451 "HTTP/2 200 OK"
2026-09-01 11:40:26,811 [INFO] HTTP Request: GET https://clob.polymarket.com/balance-allowance?signature_type=3&asset_type=CONDITIONAL&token_id=1209100588465112785678818703438506470483599541553020185250221908965218772872 "HTTP/2 200 OK"
2026-09-01 11:40:27,097 [INFO] HTTP Request: GET https://clob.polymarket.com/balance-allowance?signature_type=3&asset_type=CONDITIONAL&token_id=28954351601602517116578143135946836170457660396784135870164340162656431805667 "HTTP/2 200 OK"
2026-09-01 11:40:27,371 [INFO] HTTP Request: GET https://clob.polymarket.com/balance-allowance?signature_type=3&asset_type=CONDITIONAL&token_id=12484443029638413509502910860782421850450630566092261670297734882124129927945 "HTTP/2 200 OK"
2026-09-01 11:40:27,645 [INFO] HTTP Request: GET https://clob.polymarket.com/balance-allowance?signature_type=3&asset_type=CONDITIONAL&token_id=45243531243564914870359178704260032346567195670486694098991320431632066084959 "HTTP/2 200 OK"
2026-09-01 11:40:27,648 [INFO] 真實帳戶狀態：餘額 $48.36，持有部位 2 個，成交 30 筆
2026-09-01 11:40:38,018 [INFO] HTTP Request: GET https://clob.polymarket.com/balance-allowance?signature_type=3&asset_type=COLLATERAL "HTTP/2 200 OK"
2026-09-01 11:40:38,291 [INFO] HTTP Request: GET https://clob.polymarket.com/data/orders?next_cursor=MA%3D%3D "HTTP/2 200 OK"
2026-09-01 11:40:38,567 [INFO] HTTP Request: GET https://clob.polymarket.com/data/trades?next_cursor=MA%3D%3D "HTTP/2 200 OK"
2026-09-01 11:40:38,897 [INFO] HTTP Request: GET https://clob.polymarket.com/balance-allowance?signature_type=3&asset_type=CONDITIONAL&token_id=47615282314988048962232377836944794674273525829834186465285313272647874396868 "HTTP/2 200 OK"
2026-09-01 11:40:39,166 [INFO] HTTP Request: GET https://clob.polymarket.com/midpoint?token_id=47615282314988048962232377836944794674273525829834186465285313272647874396868 "HTTP/2 200 OK"
2026-09-01 11:40:39,437 [INFO] HTTP Request: GET https://clob.polymarket.com/balance-allowance?signature_type=3&asset_type=CONDITIONAL&token_id=40226981542536983444919787300677464823405496856507835248518908133696697843012 "HTTP/2 200 OK"
2026-09-01 11:40:39,706 [INFO] HTTP Request: GET https://clob.polymarket.com/midpoint?token_id=40226981542536983444919787300677464823405496856507835248518908133696697843012 "HTTP/2 200 OK"
2026-09-01 11:40:39,984 [INFO] HTTP Request: GET https://clob.polymarket.com/balance-allowance?signature_type=3&asset_type=CONDITIONAL&token_id=63957181209834270379232468692499917700538324241870258162076846932030627980396 "HTTP/2 200 OK"
2026-09-01 11:40:40,255 [INFO] HTTP Request: GET https://clob.polymarket.com/midpoint?token_id=63957181209834270379232468692499917700538324241870258162076846932030627980396 "HTTP/2 200 OK"
2026-09-01 11:40:40,527 [INFO] HTTP Request: GET https://clob.polymarket.com/balance-allowance?signature_type=3&asset_type=CONDITIONAL&token_id=26476877693084651121621184216158038808086127859124156881728124490165576523451 "HTTP/2 200 OK"
2026-09-01 11:40:40,795 [INFO] HTTP Request: GET https://clob.polymarket.com/balance-allowance?signature_type=3&asset_type=CONDITIONAL&token_id=1209100588465112785678818703438506470483599541553020185250221908965218772872 "HTTP/2 200 OK"
2026-09-01 11:40:41,068 [INFO] HTTP Request: GET https://clob.polymarket.com/balance-allowance?signature_type=3&asset_type=CONDITIONAL&token_id=28954351601602517116578143135946836170457660396784135870164340162656431805667 "HTTP/2 200 OK"
2026-09-01 11:40:41,338 [INFO] HTTP Request: GET https://clob.polymarket.com/balance-allowance?signature_type=3&asset_type=CONDITIONAL&token_id=12484443029638413509502910860782421850450630566092261670297734882124129927945 "HTTP/2 200 OK"
2026-09-01 11:40:41,342 [INFO] 真實帳戶狀態：餘額 $45.26，持有部位 3 個，成交 30 筆
2026-09-01 11:40:51,761 [INFO] HTTP Request: GET https://clob.polymarket.com/balance-allowance?signature_type=3&asset_type=COLLATERAL "HTTP/2 200 OK"
2026-09-01 11:40:52,034 [INFO] HTTP Request: GET https://clob.polymarket.com/data/orders?next_cursor=MA%3D%3D "HTTP/2 200 OK"
2026-09-01 11:40:52,307 [INFO] HTTP Request: GET https://clob.polymarket.com/data/trades?next_cursor=MA%3D%3D "HTTP/2 200 OK"
2026-09-01 11:40:52,629 [INFO] HTTP Request: GET https://clob.polymarket.com/balance-allowance?signature_type=3&asset_type=CONDITIONAL&token_id=47615282314988048962232377836944794674273525829834186465285313272647874396868 "HTTP/2 200 OK"
2026-09-01 11:40:52,907 [INFO] HTTP Request: GET https://clob.polymarket.com/midpoint?token_id=47615282314988048962232377836944794674273525829834186465285313272647874396868 "HTTP/2 200 OK"
2026-09-01 11:40:53,202 [INFO] HTTP Request: GET https://clob.polymarket.com/balance-allowance?signature_type=3&asset_type=CONDITIONAL&token_id=40226981542536983444919787300677464823405496856507835248518908133696697843012 "HTTP/2 200 OK"
2026-09-01 11:40:53,477 [INFO] HTTP Request: GET https://clob.polymarket.com/midpoint?token_id=40226981542536983444919787300677464823405496856507835248518908133696697843012 "HTTP/2 200 OK"
2026-09-01 11:40:53,748 [INFO] HTTP Request: GET https://clob.polymarket.com/balance-allowance?signature_type=3&asset_type=CONDITIONAL&token_id=63957181209834270379232468692499917700538324241870258162076846932030627980396 "HTTP/2 200 OK"
2026-09-01 11:40:54,016 [INFO] HTTP Request: GET https://clob.polymarket.com/midpoint?token_id=63957181209834270379232468692499917700538324241870258162076846932030627980396 "HTTP/2 200 OK"
2026-09-01 11:40:54,297 [INFO] HTTP Request: GET https://clob.polymarket.com/balance-allowance?signature_type=3&asset_type=CONDITIONAL&token_id=26476877693084651121621184216158038808086127859124156881728124490165576523451 "HTTP/2 200 OK"
2026-09-01 11:40:54,578 [INFO] HTTP Request: GET https://clob.polymarket.com/balance-allowance?signature_type=3&asset_type=CONDITIONAL&token_id=1209100588465112785678818703438506470483599541553020185250221908965218772872 "HTTP/2 200 OK"
2026-09-01 11:40:54,850 [INFO] HTTP Request: GET https://clob.polymarket.com/balance-allowance?signature_type=3&asset_type=CONDITIONAL&token_id=28954351601602517116578143135946836170457660396784135870164340162656431805667 "HTTP/2 200 OK"
2026-09-01 11:40:55,123 [INFO] HTTP Request: GET https://clob.polymarket.com/balance-allowance?signature_type=3&asset_type=CONDITIONAL&token_id=12484443029638413509502910860782421850450630566092261670297734882124129927945 "HTTP/2 200 OK"
2026-09-01 11:40:55,125 [INFO] 真實帳戶狀態：餘額 $45.26，持有部位 3 個，成交 30 筆
2026-09-01 11:41:05,499 [INFO] HTTP Request: GET https://clob.polymarket.com/balance-allowance?signature_type=3&asset_type=COLLATERAL "HTTP/2 200 OK"
2026-09-01 11:41:05,799 [INFO] HTTP Request: GET https://clob.polymarket.com/data/orders?next_cursor=MA%3D%3D "HTTP/2 200 OK"
2026-09-01 11:41:06,088 [INFO] HTTP Request: GET https://clob.polymarket.com/data/trades?next_cursor=MA%3D%3D "HTTP/2 200 OK"
2026-09-01 11:41:06,423 [INFO] HTTP Request: GET https://clob.polymarket.com/balance-allowance?signature_type=3&asset_type=CONDITIONAL&token_id=47615282314988048962232377836944794674273525829834186465285313272647874396868 "HTTP/2 200 OK"
2026-09-01 11:41:06,702 [INFO] HTTP Request: GET https://clob.polymarket.com/midpoint?token_id=47615282314988048962232377836944794674273525829834186465285313272647874396868 "HTTP/2 200 OK"
2026-09-01 11:41:06,993 [INFO] HTTP Request: GET https://clob.polymarket.com/balance-allowance?signature_type=3&asset_type=CONDITIONAL&token_id=40226981542536983444919787300677464823405496856507835248518908133696697843012 "HTTP/2 200 OK"
2026-09-01 11:41:07,269 [INFO] HTTP Request: GET https://clob.polymarket.com/midpoint?token_id=40226981542536983444919787300677464823405496856507835248518908133696697843012 "HTTP/2 200 OK"
2026-09-01 11:41:07,550 [INFO] HTTP Request: GET https://clob.polymarket.com/balance-allowance?signature_type=3&asset_type=CONDITIONAL&token_id=63957181209834270379232468692499917700538324241870258162076846932030627980396 "HTTP/2 200 OK"
2026-09-01 11:41:07,858 [INFO] HTTP Request: GET https://clob.polymarket.com/midpoint?token_id=63957181209834270379232468692499917700538324241870258162076846932030627980396 "HTTP/2 200 OK"
2026-09-01 11:41:08,137 [INFO] HTTP Request: GET https://clob.polymarket.com/balance-allowance?signature_type=3&asset_type=CONDITIONAL&token_id=26476877693084651121621184216158038808086127859124156881728124490165576523451 "HTTP/2 200 OK"
2026-09-01 11:41:08,415 [INFO] HTTP Request: GET https://clob.polymarket.com/balance-allowance?signature_type=3&asset_type=CONDITIONAL&token_id=1209100588465112785678818703438506470483599541553020185250221908965218772872 "HTTP/2 200 OK"
2026-09-01 11:41:08,702 [INFO] HTTP Request: GET https://clob.polymarket.com/balance-allowance?signature_type=3&asset_type=CONDITIONAL&token_id=28954351601602517116578143135946836170457660396784135870164340162656431805667 "HTTP/2 200 OK"
2026-09-01 11:41:08,982 [INFO] HTTP Request: GET https://clob.polymarket.com/balance-allowance?signature_type=3&asset_type=CONDITIONAL&token_id=12484443029638413509502910860782421850450630566092261670297734882124129927945 "HTTP/2 200 OK"
2026-09-01 11:41:08,986 [INFO] 真實帳戶狀態：餘額 $45.26，持有部位 3 個，成交 30 筆
2026-09-01 11:41:19,371 [INFO] HTTP Request: GET https://clob.polymarket.com/balance-allowance?signature_type=3&asset_type=COLLATERAL "HTTP/2 200 OK"
2026-09-01 11:41:19,654 [INFO] HTTP Request: GET https://clob.polymarket.com/data/orders?next_cursor=MA%3D%3D "HTTP/2 200 OK"
2026-09-01 11:41:19,944 [INFO] HTTP Request: GET https://clob.polymarket.com/data/trades?next_cursor=MA%3D%3D "HTTP/2 200 OK"
2026-09-01 11:41:20,685 [INFO] HTTP Request: GET https://clob.polymarket.com/balance-allowance?signature_type=3&asset_type=CONDITIONAL&token_id=47615282314988048962232377836944794674273525829834186465285313272647874396868 "HTTP/2 200 OK"
2026-09-01 11:41:20,959 [INFO] HTTP Request: GET https://clob.polymarket.com/midpoint?token_id=47615282314988048962232377836944794674273525829834186465285313272647874396868 "HTTP/2 200 OK"
2026-09-01 11:41:21,230 [INFO] HTTP Request: GET https://clob.polymarket.com/balance-allowance?signature_type=3&asset_type=CONDITIONAL&token_id=40226981542536983444919787300677464823405496856507835248518908133696697843012 "HTTP/2 200 OK"
2026-09-01 11:41:21,498 [INFO] HTTP Request: GET https://clob.polymarket.com/midpoint?token_id=40226981542536983444919787300677464823405496856507835248518908133696697843012 "HTTP/2 200 OK"
2026-09-01 11:41:21,768 [INFO] HTTP Request: GET https://clob.polymarket.com/balance-allowance?signature_type=3&asset_type=CONDITIONAL&token_id=63957181209834270379232468692499917700538324241870258162076846932030627980396 "HTTP/2 200 OK"
2026-09-01 11:41:22,039 [INFO] HTTP Request: GET https://clob.polymarket.com/midpoint?token_id=63957181209834270379232468692499917700538324241870258162076846932030627980396 "HTTP/2 200 OK"
2026-09-01 11:41:22,325 [INFO] HTTP Request: GET https://clob.polymarket.com/balance-allowance?signature_type=3&asset_type=CONDITIONAL&token_id=26476877693084651121621184216158038808086127859124156881728124490165576523451 "HTTP/2 200 OK"
2026-09-01 11:41:22,596 [INFO] HTTP Request: GET https://clob.polymarket.com/balance-allowance?signature_type=3&asset_type=CONDITIONAL&token_id=1209100588465112785678818703438506470483599541553020185250221908965218772872 "HTTP/2 200 OK"
2026-09-01 11:41:22,865 [INFO] HTTP Request: GET https://clob.polymarket.com/balance-allowance?signature_type=3&asset_type=CONDITIONAL&token_id=28954351601602517116578143135946836170457660396784135870164340162656431805667 "HTTP/2 200 OK"
2026-09-01 11:41:23,152 [INFO] HTTP Request: GET https://clob.polymarket.com/balance-allowance?signature_type=3&asset_type=CONDITIONAL&token_id=12484443029638413509502910860782421850450630566092261670297734882124129927945 "HTTP/2 200 OK"
2026-09-01 11:41:23,155 [INFO] 真實帳戶狀態：餘額 $45.26，持有部位 3 個，成交 30 筆
2026-09-01 11:41:33,558 [INFO] HTTP Request: GET https://clob.polymarket.com/balance-allowance?signature_type=3&asset_type=COLLATERAL "HTTP/2 200 OK"
2026-09-01 11:41:33,829 [INFO] HTTP Request: GET https://clob.polymarket.com/data/orders?next_cursor=MA%3D%3D "HTTP/2 200 OK"
2026-09-01 11:41:34,115 [INFO] HTTP Request: GET https://clob.polymarket.com/data/trades?next_cursor=MA%3D%3D "HTTP/2 200 OK"
2026-09-01 11:41:34,439 [INFO] HTTP Request: GET https://clob.polymarket.com/balance-allowance?signature_type=3&asset_type=CONDITIONAL&token_id=47615282314988048962232377836944794674273525829834186465285313272647874396868 "HTTP/2 200 OK"
2026-09-01 11:41:34,709 [INFO] HTTP Request: GET https://clob.polymarket.com/midpoint?token_id=47615282314988048962232377836944794674273525829834186465285313272647874396868 "HTTP/2 200 OK"
2026-09-01 11:41:34,983 [INFO] HTTP Request: GET https://clob.polymarket.com/balance-allowance?signature_type=3&asset_type=CONDITIONAL&token_id=40226981542536983444919787300677464823405496856507835248518908133696697843012 "HTTP/2 200 OK"
2026-09-01 11:41:35,256 [INFO] HTTP Request: GET https://clob.polymarket.com/midpoint?token_id=40226981542536983444919787300677464823405496856507835248518908133696697843012 "HTTP/2 200 OK"
2026-09-01 11:41:35,528 [INFO] HTTP Request: GET https://clob.polymarket.com/balance-allowance?signature_type=3&asset_type=CONDITIONAL&token_id=63957181209834270379232468692499917700538324241870258162076846932030627980396 "HTTP/2 200 OK"
2026-09-01 11:41:35,797 [INFO] HTTP Request: GET https://clob.polymarket.com/midpoint?token_id=63957181209834270379232468692499917700538324241870258162076846932030627980396 "HTTP/2 200 OK"
2026-09-01 11:41:36,072 [INFO] HTTP Request: GET https://clob.polymarket.com/balance-allowance?signature_type=3&asset_type=CONDITIONAL&token_id=26476877693084651121621184216158038808086127859124156881728124490165576523451 "HTTP/2 200 OK"
2026-09-01 11:41:36,342 [INFO] HTTP Request: GET https://clob.polymarket.com/balance-allowance?signature_type=3&asset_type=CONDITIONAL&token_id=1209100588465112785678818703438506470483599541553020185250221908965218772872 "HTTP/2 200 OK"
2026-09-01 11:41:36,612 [INFO] HTTP Request: GET https://clob.polymarket.com/balance-allowance?signature_type=3&asset_type=CONDITIONAL&token_id=28954351601602517116578143135946836170457660396784135870164340162656431805667 "HTTP/2 200 OK"
2026-09-01 11:41:36,883 [INFO] HTTP Request: GET https://clob.polymarket.com/balance-allowance?signature_type=3&asset_type=CONDITIONAL&token_id=12484443029638413509502910860782421850450630566092261670297734882124129927945 "HTTP/2 200 OK"
2026-09-01 11:41:36,886 [INFO] 真實帳戶狀態：餘額 $45.26，持有部位 3 個，成交 30 筆
2026-09-01 11:41:47,249 [INFO] HTTP Request: GET https://clob.polymarket.com/balance-allowance?signature_type=3&asset_type=COLLATERAL "HTTP/2 200 OK"
2026-09-01 11:41:47,528 [INFO] HTTP Request: GET https://clob.polymarket.com/data/orders?next_cursor=MA%3D%3D "HTTP/2 200 OK"
2026-09-01 11:41:47,804 [INFO] HTTP Request: GET https://clob.polymarket.com/data/trades?next_cursor=MA%3D%3D "HTTP/2 200 OK"
2026-09-01 11:41:48,144 [INFO] HTTP Request: GET https://clob.polymarket.com/balance-allowance?signature_type=3&asset_type=CONDITIONAL&token_id=47615282314988048962232377836944794674273525829834186465285313272647874396868 "HTTP/2 200 OK"
2026-09-01 11:41:48,546 [INFO] HTTP Request: GET https://clob.polymarket.com/midpoint?token_id=47615282314988048962232377836944794674273525829834186465285313272647874396868 "HTTP/2 200 OK"
2026-09-01 11:41:48,823 [INFO] HTTP Request: GET https://clob.polymarket.com/balance-allowance?signature_type=3&asset_type=CONDITIONAL&token_id=40226981542536983444919787300677464823405496856507835248518908133696697843012 "HTTP/2 200 OK"
2026-09-01 11:41:49,107 [INFO] HTTP Request: GET https://clob.polymarket.com/midpoint?token_id=40226981542536983444919787300677464823405496856507835248518908133696697843012 "HTTP/2 200 OK"
2026-09-01 11:41:49,387 [INFO] HTTP Request: GET https://clob.polymarket.com/balance-allowance?signature_type=3&asset_type=CONDITIONAL&token_id=63957181209834270379232468692499917700538324241870258162076846932030627980396 "HTTP/2 200 OK"
2026-09-01 11:41:49,659 [INFO] HTTP Request: GET https://clob.polymarket.com/midpoint?token_id=63957181209834270379232468692499917700538324241870258162076846932030627980396 "HTTP/2 200 OK"
2026-09-01 11:41:49,935 [INFO] HTTP Request: GET https://clob.polymarket.com/balance-allowance?signature_type=3&asset_type=CONDITIONAL&token_id=26476877693084651121621184216158038808086127859124156881728124490165576523451 "HTTP/2 200 OK"
2026-09-01 11:41:50,217 [INFO] HTTP Request: GET https://clob.polymarket.com/balance-allowance?signature_type=3&asset_type=CONDITIONAL&token_id=1209100588465112785678818703438506470483599541553020185250221908965218772872 "HTTP/2 200 OK"
2026-09-01 11:41:50,490 [INFO] HTTP Request: GET https://clob.polymarket.com/balance-allowance?signature_type=3&asset_type=CONDITIONAL&token_id=28954351601602517116578143135946836170457660396784135870164340162656431805667 "HTTP/2 200 OK"
2026-09-01 11:41:50,796 [INFO] HTTP Request: GET https://clob.polymarket.com/balance-allowance?signature_type=3&asset_type=CONDITIONAL&token_id=12484443029638413509502910860782421850450630566092261670297734882124129927945 "HTTP/2 200 OK"
2026-09-01 11:41:50,799 [INFO] 真實帳戶狀態：餘額 $45.26，持有部位 3 個，成交 30 筆
2026-09-01 11:42:01,185 [INFO] HTTP Request: GET https://clob.polymarket.com/balance-allowance?signature_type=3&asset_type=COLLATERAL "HTTP/2 200 OK"
2026-09-01 11:42:01,460 [INFO] HTTP Request: GET https://clob.polymarket.com/data/orders?next_cursor=MA%3D%3D "HTTP/2 200 OK"
2026-09-01 11:42:01,745 [INFO] HTTP Request: GET https://clob.polymarket.com/data/trades?next_cursor=MA%3D%3D "HTTP/2 200 OK"
2026-09-01 11:42:02,074 [INFO] HTTP Request: GET https://clob.polymarket.com/balance-allowance?signature_type=3&asset_type=CONDITIONAL&token_id=47615282314988048962232377836944794674273525829834186465285313272647874396868 "HTTP/2 200 OK"
2026-09-01 11:42:02,383 [INFO] HTTP Request: GET https://clob.polymarket.com/midpoint?token_id=47615282314988048962232377836944794674273525829834186465285313272647874396868 "HTTP/2 200 OK"
2026-09-01 11:42:02,672 [INFO] HTTP Request: GET https://clob.polymarket.com/balance-allowance?signature_type=3&asset_type=CONDITIONAL&token_id=40226981542536983444919787300677464823405496856507835248518908133696697843012 "HTTP/2 200 OK"
2026-09-01 11:42:02,944 [INFO] HTTP Request: GET https://clob.polymarket.com/midpoint?token_id=40226981542536983444919787300677464823405496856507835248518908133696697843012 "HTTP/2 200 OK"
2026-09-01 11:42:03,231 [INFO] HTTP Request: GET https://clob.polymarket.com/balance-allowance?signature_type=3&asset_type=CONDITIONAL&token_id=63957181209834270379232468692499917700538324241870258162076846932030627980396 "HTTP/2 200 OK"
2026-09-01 11:42:03,504 [INFO] HTTP Request: GET https://clob.polymarket.com/midpoint?token_id=63957181209834270379232468692499917700538324241870258162076846932030627980396 "HTTP/2 200 OK"
2026-09-01 11:42:03,779 [INFO] HTTP Request: GET https://clob.polymarket.com/balance-allowance?signature_type=3&asset_type=CONDITIONAL&token_id=26476877693084651121621184216158038808086127859124156881728124490165576523451 "HTTP/2 200 OK"
2026-09-01 11:42:04,057 [INFO] HTTP Request: GET https://clob.polymarket.com/balance-allowance?signature_type=3&asset_type=CONDITIONAL&token_id=1209100588465112785678818703438506470483599541553020185250221908965218772872 "HTTP/2 200 OK"
2026-09-01 11:42:04,353 [INFO] HTTP Request: GET https://clob.polymarket.com/balance-allowance?signature_type=3&asset_type=CONDITIONAL&token_id=28954351601602517116578143135946836170457660396784135870164340162656431805667 "HTTP/2 200 OK"
2026-09-01 11:42:04,626 [INFO] HTTP Request: GET https://clob.polymarket.com/balance-allowance?signature_type=3&asset_type=CONDITIONAL&token_id=12484443029638413509502910860782421850450630566092261670297734882124129927945 "HTTP/2 200 OK"
2026-09-01 11:42:04,630 [INFO] 真實帳戶狀態：餘額 $45.26，持有部位 3 個，成交 30 筆
2026-09-01 11:42:15,001 [INFO] HTTP Request: GET https://clob.polymarket.com/balance-allowance?signature_type=3&asset_type=COLLATERAL "HTTP/2 200 OK"
2026-09-01 11:42:15,291 [INFO] HTTP Request: GET https://clob.polymarket.com/data/orders?next_cursor=MA%3D%3D "HTTP/2 200 OK"
2026-09-01 11:42:15,585 [INFO] HTTP Request: GET https://clob.polymarket.com/data/trades?next_cursor=MA%3D%3D "HTTP/2 200 OK"
2026-09-01 11:42:15,920 [INFO] HTTP Request: GET https://clob.polymarket.com/balance-allowance?signature_type=3&asset_type=CONDITIONAL&token_id=47615282314988048962232377836944794674273525829834186465285313272647874396868 "HTTP/2 200 OK"
2026-09-01 11:42:16,203 [INFO] HTTP Request: GET https://clob.polymarket.com/midpoint?token_id=47615282314988048962232377836944794674273525829834186465285313272647874396868 "HTTP/2 200 OK"
2026-09-01 11:42:16,487 [INFO] HTTP Request: GET https://clob.polymarket.com/balance-allowance?signature_type=3&asset_type=CONDITIONAL&token_id=40226981542536983444919787300677464823405496856507835248518908133696697843012 "HTTP/2 200 OK"
2026-09-01 11:42:16,764 [INFO] HTTP Request: GET https://clob.polymarket.com/midpoint?token_id=40226981542536983444919787300677464823405496856507835248518908133696697843012 "HTTP/2 200 OK"
2026-09-01 11:42:17,039 [INFO] HTTP Request: GET https://clob.polymarket.com/balance-allowance?signature_type=3&asset_type=CONDITIONAL&token_id=63957181209834270379232468692499917700538324241870258162076846932030627980396 "HTTP/2 200 OK"
2026-09-01 11:42:17,313 [INFO] HTTP Request: GET https://clob.polymarket.com/midpoint?token_id=63957181209834270379232468692499917700538324241870258162076846932030627980396 "HTTP/2 200 OK"
2026-09-01 11:42:17,589 [INFO] HTTP Request: GET https://clob.polymarket.com/balance-allowance?signature_type=3&asset_type=CONDITIONAL&token_id=26476877693084651121621184216158038808086127859124156881728124490165576523451 "HTTP/2 200 OK"
2026-09-01 11:42:17,892 [INFO] HTTP Request: GET https://clob.polymarket.com/balance-allowance?signature_type=3&asset_type=CONDITIONAL&token_id=1209100588465112785678818703438506470483599541553020185250221908965218772872 "HTTP/2 200 OK"
2026-09-01 11:42:18,186 [INFO] HTTP Request: GET https://clob.polymarket.com/balance-allowance?signature_type=3&asset_type=CONDITIONAL&token_id=28954351601602517116578143135946836170457660396784135870164340162656431805667 "HTTP/2 200 OK"
2026-09-01 11:42:18,468 [INFO] HTTP Request: GET https://clob.polymarket.com/balance-allowance?signature_type=3&asset_type=CONDITIONAL&token_id=12484443029638413509502910860782421850450630566092261670297734882124129927945 "HTTP/2 200 OK"
2026-09-01 11:42:18,472 [INFO] 真實帳戶狀態：餘額 $45.26，持有部位 3 個，成交 30 筆
2026-09-01 11:42:28,843 [INFO] HTTP Request: GET https://clob.polymarket.com/balance-allowance?signature_type=3&asset_type=COLLATERAL "HTTP/2 200 OK"
2026-09-01 11:42:29,121 [INFO] HTTP Request: GET https://clob.polymarket.com/data/orders?next_cursor=MA%3D%3D "HTTP/2 200 OK"
2026-09-01 11:42:29,396 [INFO] HTTP Request: GET https://clob.polymarket.com/data/trades?next_cursor=MA%3D%3D "HTTP/2 200 OK"
2026-09-01 11:42:29,722 [INFO] HTTP Request: GET https://clob.polymarket.com/balance-allowance?signature_type=3&asset_type=CONDITIONAL&token_id=47615282314988048962232377836944794674273525829834186465285313272647874396868 "HTTP/2 200 OK"
2026-09-01 11:42:29,994 [INFO] HTTP Request: GET https://clob.polymarket.com/midpoint?token_id=47615282314988048962232377836944794674273525829834186465285313272647874396868 "HTTP/2 200 OK"
2026-09-01 11:42:30,271 [INFO] HTTP Request: GET https://clob.polymarket.com/balance-allowance?signature_type=3&asset_type=CONDITIONAL&token_id=40226981542536983444919787300677464823405496856507835248518908133696697843012 "HTTP/2 200 OK"
2026-09-01 11:42:30,542 [INFO] HTTP Request: GET https://clob.polymarket.com/midpoint?token_id=40226981542536983444919787300677464823405496856507835248518908133696697843012 "HTTP/2 200 OK"
2026-09-01 11:42:30,828 [INFO] HTTP Request: GET https://clob.polymarket.com/balance-allowance?signature_type=3&asset_type=CONDITIONAL&token_id=63957181209834270379232468692499917700538324241870258162076846932030627980396 "HTTP/2 200 OK"
2026-09-01 11:42:31,114 [INFO] HTTP Request: GET https://clob.polymarket.com/midpoint?token_id=63957181209834270379232468692499917700538324241870258162076846932030627980396 "HTTP/2 404 Not Found"
2026-09-01 11:42:31,115 [ERROR] [py_clob_client_v2] request error status=404 url=https://clob.polymarket.com/midpoint body={"error":"No orderbook exists for the requested token id"}

2026-09-01 11:42:31,399 [INFO] HTTP Request: GET https://clob.polymarket.com/balance-allowance?signature_type=3&asset_type=CONDITIONAL&token_id=26476877693084651121621184216158038808086127859124156881728124490165576523451 "HTTP/2 200 OK"
2026-09-01 11:42:31,670 [INFO] HTTP Request: GET https://clob.polymarket.com/balance-allowance?signature_type=3&asset_type=CONDITIONAL&token_id=1209100588465112785678818703438506470483599541553020185250221908965218772872 "HTTP/2 200 OK"
2026-09-01 11:42:31,942 [INFO] HTTP Request: GET https://clob.polymarket.com/balance-allowance?signature_type=3&asset_type=CONDITIONAL&token_id=28954351601602517116578143135946836170457660396784135870164340162656431805667 "HTTP/2 200 OK"
2026-09-01 11:42:32,217 [INFO] HTTP Request: GET https://clob.polymarket.com/balance-allowance?signature_type=3&asset_type=CONDITIONAL&token_id=12484443029638413509502910860782421850450630566092261670297734882124129927945 "HTTP/2 200 OK"
2026-09-01 11:42:32,222 [INFO] 真實帳戶狀態：餘額 $45.26，持有部位 2 個，成交 30 筆
2026-09-01 11:42:42,584 [INFO] HTTP Request: GET https://clob.polymarket.com/balance-allowance?signature_type=3&asset_type=COLLATERAL "HTTP/2 200 OK"
2026-09-01 11:42:42,857 [INFO] HTTP Request: GET https://clob.polymarket.com/data/orders?next_cursor=MA%3D%3D "HTTP/2 200 OK"
2026-09-01 11:42:43,134 [INFO] HTTP Request: GET https://clob.polymarket.com/data/trades?next_cursor=MA%3D%3D "HTTP/2 200 OK"
2026-09-01 11:42:43,462 [INFO] HTTP Request: GET https://clob.polymarket.com/balance-allowance?signature_type=3&asset_type=CONDITIONAL&token_id=47615282314988048962232377836944794674273525829834186465285313272647874396868 "HTTP/2 200 OK"
2026-09-01 11:42:43,733 [INFO] HTTP Request: GET https://clob.polymarket.com/midpoint?token_id=47615282314988048962232377836944794674273525829834186465285313272647874396868 "HTTP/2 200 OK"
2026-09-01 11:42:44,004 [INFO] HTTP Request: GET https://clob.polymarket.com/balance-allowance?signature_type=3&asset_type=CONDITIONAL&token_id=40226981542536983444919787300677464823405496856507835248518908133696697843012 "HTTP/2 200 OK"
2026-09-01 11:42:44,284 [INFO] HTTP Request: GET https://clob.polymarket.com/midpoint?token_id=40226981542536983444919787300677464823405496856507835248518908133696697843012 "HTTP/2 200 OK"
2026-09-01 11:42:44,559 [INFO] HTTP Request: GET https://clob.polymarket.com/balance-allowance?signature_type=3&asset_type=CONDITIONAL&token_id=26476877693084651121621184216158038808086127859124156881728124490165576523451 "HTTP/2 200 OK"
2026-09-01 11:42:44,830 [INFO] HTTP Request: GET https://clob.polymarket.com/balance-allowance?signature_type=3&asset_type=CONDITIONAL&token_id=1209100588465112785678818703438506470483599541553020185250221908965218772872 "HTTP/2 200 OK"
2026-09-01 11:42:45,104 [INFO] HTTP Request: GET https://clob.polymarket.com/balance-allowance?signature_type=3&asset_type=CONDITIONAL&token_id=28954351601602517116578143135946836170457660396784135870164340162656431805667 "HTTP/2 200 OK"
2026-09-01 11:42:45,383 [INFO] HTTP Request: GET https://clob.polymarket.com/balance-allowance?signature_type=3&asset_type=CONDITIONAL&token_id=12484443029638413509502910860782421850450630566092261670297734882124129927945 "HTTP/2 200 OK"
2026-09-01 11:42:45,388 [INFO] 真實帳戶狀態：餘額 $45.26，持有部位 2 個，成交 30 筆
2026-09-01 11:42:55,788 [INFO] HTTP Request: GET https://clob.polymarket.com/balance-allowance?signature_type=3&asset_type=COLLATERAL "HTTP/2 200 OK"
2026-09-01 11:42:56,067 [INFO] HTTP Request: GET https://clob.polymarket.com/data/orders?next_cursor=MA%3D%3D "HTTP/2 200 OK"
2026-09-01 11:42:56,366 [INFO] HTTP Request: GET https://clob.polymarket.com/data/trades?next_cursor=MA%3D%3D "HTTP/2 200 OK"
2026-09-01 11:42:57,124 [INFO] HTTP Request: GET https://clob.polymarket.com/balance-allowance?signature_type=3&asset_type=CONDITIONAL&token_id=47615282314988048962232377836944794674273525829834186465285313272647874396868 "HTTP/2 200 OK"
2026-09-01 11:42:57,398 [INFO] HTTP Request: GET https://clob.polymarket.com/midpoint?token_id=47615282314988048962232377836944794674273525829834186465285313272647874396868 "HTTP/2 200 OK"
2026-09-01 11:42:57,680 [INFO] HTTP Request: GET https://clob.polymarket.com/balance-allowance?signature_type=3&asset_type=CONDITIONAL&token_id=40226981542536983444919787300677464823405496856507835248518908133696697843012 "HTTP/2 200 OK"
2026-09-01 11:42:57,956 [INFO] HTTP Request: GET https://clob.polymarket.com/midpoint?token_id=40226981542536983444919787300677464823405496856507835248518908133696697843012 "HTTP/2 200 OK"
2026-09-01 11:42:58,235 [INFO] HTTP Request: GET https://clob.polymarket.com/balance-allowance?signature_type=3&asset_type=CONDITIONAL&token_id=26476877693084651121621184216158038808086127859124156881728124490165576523451 "HTTP/2 200 OK"
2026-09-01 11:42:58,524 [INFO] HTTP Request: GET https://clob.polymarket.com/balance-allowance?signature_type=3&asset_type=CONDITIONAL&token_id=1209100588465112785678818703438506470483599541553020185250221908965218772872 "HTTP/2 200 OK"
2026-09-01 11:42:58,804 [INFO] HTTP Request: GET https://clob.polymarket.com/balance-allowance?signature_type=3&asset_type=CONDITIONAL&token_id=28954351601602517116578143135946836170457660396784135870164340162656431805667 "HTTP/2 200 OK"
2026-09-01 11:42:59,081 [INFO] HTTP Request: GET https://clob.polymarket.com/balance-allowance?signature_type=3&asset_type=CONDITIONAL&token_id=12484443029638413509502910860782421850450630566092261670297734882124129927945 "HTTP/2 200 OK"
2026-09-01 11:42:59,085 [INFO] 真實帳戶狀態：餘額 $45.26，持有部位 2 個，成交 30 筆
2026-09-01 11:43:09,471 [INFO] HTTP Request: GET https://clob.polymarket.com/balance-allowance?signature_type=3&asset_type=COLLATERAL "HTTP/2 200 OK"
2026-09-01 11:43:09,746 [INFO] HTTP Request: GET https://clob.polymarket.com/data/orders?next_cursor=MA%3D%3D "HTTP/2 200 OK"
2026-09-01 11:43:10,096 [INFO] HTTP Request: GET https://clob.polymarket.com/data/trades?next_cursor=MA%3D%3D "HTTP/2 200 OK"
2026-09-01 11:43:10,437 [INFO] HTTP Request: GET https://clob.polymarket.com/balance-allowance?signature_type=3&asset_type=CONDITIONAL&token_id=47615282314988048962232377836944794674273525829834186465285313272647874396868 "HTTP/2 200 OK"
2026-09-01 11:43:10,721 [INFO] HTTP Request: GET https://clob.polymarket.com/midpoint?token_id=47615282314988048962232377836944794674273525829834186465285313272647874396868 "HTTP/2 200 OK"
2026-09-01 11:43:11,011 [INFO] HTTP Request: GET https://clob.polymarket.com/balance-allowance?signature_type=3&asset_type=CONDITIONAL&token_id=40226981542536983444919787300677464823405496856507835248518908133696697843012 "HTTP/2 200 OK"
2026-09-01 11:43:11,286 [INFO] HTTP Request: GET https://clob.polymarket.com/midpoint?token_id=40226981542536983444919787300677464823405496856507835248518908133696697843012 "HTTP/2 200 OK"
2026-09-01 11:43:11,571 [INFO] HTTP Request: GET https://clob.polymarket.com/balance-allowance?signature_type=3&asset_type=CONDITIONAL&token_id=26476877693084651121621184216158038808086127859124156881728124490165576523451 "HTTP/2 200 OK"
2026-09-01 11:43:11,850 [INFO] HTTP Request: GET https://clob.polymarket.com/balance-allowance?signature_type=3&asset_type=CONDITIONAL&token_id=1209100588465112785678818703438506470483599541553020185250221908965218772872 "HTTP/2 200 OK"
2026-09-01 11:43:12,129 [INFO] HTTP Request: GET https://clob.polymarket.com/balance-allowance?signature_type=3&asset_type=CONDITIONAL&token_id=28954351601602517116578143135946836170457660396784135870164340162656431805667 "HTTP/2 200 OK"
2026-09-01 11:43:12,406 [INFO] HTTP Request: GET https://clob.polymarket.com/balance-allowance?signature_type=3&asset_type=CONDITIONAL&token_id=12484443029638413509502910860782421850450630566092261670297734882124129927945 "HTTP/2 200 OK"
2026-09-01 11:43:12,409 [INFO] 真實帳戶狀態：餘額 $45.26，持有部位 2 個，成交 30 筆
2026-09-01 11:43:22,778 [INFO] HTTP Request: GET https://clob.polymarket.com/balance-allowance?signature_type=3&asset_type=COLLATERAL "HTTP/2 200 OK"
2026-09-01 11:43:23,063 [INFO] HTTP Request: GET https://clob.polymarket.com/data/orders?next_cursor=MA%3D%3D "HTTP/2 200 OK"
2026-09-01 11:43:23,346 [INFO] HTTP Request: GET https://clob.polymarket.com/data/trades?next_cursor=MA%3D%3D "HTTP/2 200 OK"
2026-09-01 11:43:23,668 [INFO] HTTP Request: GET https://clob.polymarket.com/balance-allowance?signature_type=3&asset_type=CONDITIONAL&token_id=47615282314988048962232377836944794674273525829834186465285313272647874396868 "HTTP/2 200 OK"
2026-09-01 11:43:23,938 [INFO] HTTP Request: GET https://clob.polymarket.com/midpoint?token_id=47615282314988048962232377836944794674273525829834186465285313272647874396868 "HTTP/2 200 OK"
2026-09-01 11:43:24,212 [INFO] HTTP Request: GET https://clob.polymarket.com/balance-allowance?signature_type=3&asset_type=CONDITIONAL&token_id=40226981542536983444919787300677464823405496856507835248518908133696697843012 "HTTP/2 200 OK"
2026-09-01 11:43:24,491 [INFO] HTTP Request: GET https://clob.polymarket.com/midpoint?token_id=40226981542536983444919787300677464823405496856507835248518908133696697843012 "HTTP/2 200 OK"
2026-09-01 11:43:24,761 [INFO] HTTP Request: GET https://clob.polymarket.com/balance-allowance?signature_type=3&asset_type=CONDITIONAL&token_id=26476877693084651121621184216158038808086127859124156881728124490165576523451 "HTTP/2 200 OK"
2026-09-01 11:43:25,036 [INFO] HTTP Request: GET https://clob.polymarket.com/balance-allowance?signature_type=3&asset_type=CONDITIONAL&token_id=1209100588465112785678818703438506470483599541553020185250221908965218772872 "HTTP/2 200 OK"
2026-09-01 11:43:25,310 [INFO] HTTP Request: GET https://clob.polymarket.com/balance-allowance?signature_type=3&asset_type=CONDITIONAL&token_id=28954351601602517116578143135946836170457660396784135870164340162656431805667 "HTTP/2 200 OK"
2026-09-01 11:43:25,583 [INFO] HTTP Request: GET https://clob.polymarket.com/balance-allowance?signature_type=3&asset_type=CONDITIONAL&token_id=12484443029638413509502910860782421850450630566092261670297734882124129927945 "HTTP/2 200 OK"
2026-09-01 11:43:25,588 [INFO] 真實帳戶狀態：餘額 $45.26，持有部位 2 個，成交 30 筆
2026-09-01 11:43:35,957 [INFO] HTTP Request: GET https://clob.polymarket.com/balance-allowance?signature_type=3&asset_type=COLLATERAL "HTTP/2 200 OK"
2026-09-01 11:43:36,226 [INFO] HTTP Request: GET https://clob.polymarket.com/data/orders?next_cursor=MA%3D%3D "HTTP/2 200 OK"
2026-09-01 11:43:36,504 [INFO] HTTP Request: GET https://clob.polymarket.com/data/trades?next_cursor=MA%3D%3D "HTTP/2 200 OK"
2026-09-01 11:43:36,828 [INFO] HTTP Request: GET https://clob.polymarket.com/balance-allowance?signature_type=3&asset_type=CONDITIONAL&token_id=47615282314988048962232377836944794674273525829834186465285313272647874396868 "HTTP/2 200 OK"
2026-09-01 11:43:37,096 [INFO] HTTP Request: GET https://clob.polymarket.com/midpoint?token_id=47615282314988048962232377836944794674273525829834186465285313272647874396868 "HTTP/2 200 OK"
2026-09-01 11:43:37,369 [INFO] HTTP Request: GET https://clob.polymarket.com/balance-allowance?signature_type=3&asset_type=CONDITIONAL&token_id=40226981542536983444919787300677464823405496856507835248518908133696697843012 "HTTP/2 200 OK"
2026-09-01 11:43:37,637 [INFO] HTTP Request: GET https://clob.polymarket.com/midpoint?token_id=40226981542536983444919787300677464823405496856507835248518908133696697843012 "HTTP/2 200 OK"
2026-09-01 11:43:37,910 [INFO] HTTP Request: GET https://clob.polymarket.com/balance-allowance?signature_type=3&asset_type=CONDITIONAL&token_id=26476877693084651121621184216158038808086127859124156881728124490165576523451 "HTTP/2 200 OK"
2026-09-01 11:43:38,185 [INFO] HTTP Request: GET https://clob.polymarket.com/balance-allowance?signature_type=3&asset_type=CONDITIONAL&token_id=1209100588465112785678818703438506470483599541553020185250221908965218772872 "HTTP/2 200 OK"
2026-09-01 11:43:38,456 [INFO] HTTP Request: GET https://clob.polymarket.com/balance-allowance?signature_type=3&asset_type=CONDITIONAL&token_id=28954351601602517116578143135946836170457660396784135870164340162656431805667 "HTTP/2 200 OK"
2026-09-01 11:43:38,743 [INFO] HTTP Request: GET https://clob.polymarket.com/balance-allowance?signature_type=3&asset_type=CONDITIONAL&token_id=12484443029638413509502910860782421850450630566092261670297734882124129927945 "HTTP/2 200 OK"
2026-09-01 11:43:38,747 [INFO] 真實帳戶狀態：餘額 $45.26，持有部位 2 個，成交 30 筆
2026-09-01 11:43:49,106 [INFO] HTTP Request: GET https://clob.polymarket.com/balance-allowance?signature_type=3&asset_type=COLLATERAL "HTTP/2 200 OK"
2026-09-01 11:43:49,378 [INFO] HTTP Request: GET https://clob.polymarket.com/data/orders?next_cursor=MA%3D%3D "HTTP/2 200 OK"
2026-09-01 11:43:49,659 [INFO] HTTP Request: GET https://clob.polymarket.com/data/trades?next_cursor=MA%3D%3D "HTTP/2 200 OK"
2026-09-01 11:43:49,985 [INFO] HTTP Request: GET https://clob.polymarket.com/balance-allowance?signature_type=3&asset_type=CONDITIONAL&token_id=47615282314988048962232377836944794674273525829834186465285313272647874396868 "HTTP/2 200 OK"
2026-09-01 11:43:50,291 [INFO] HTTP Request: GET https://clob.polymarket.com/midpoint?token_id=47615282314988048962232377836944794674273525829834186465285313272647874396868 "HTTP/2 200 OK"
2026-09-01 11:43:50,581 [INFO] HTTP Request: GET https://clob.polymarket.com/balance-allowance?signature_type=3&asset_type=CONDITIONAL&token_id=40226981542536983444919787300677464823405496856507835248518908133696697843012 "HTTP/2 200 OK"
2026-09-01 11:43:50,860 [INFO] HTTP Request: GET https://clob.polymarket.com/midpoint?token_id=40226981542536983444919787300677464823405496856507835248518908133696697843012 "HTTP/2 200 OK"
2026-09-01 11:43:51,150 [INFO] HTTP Request: GET https://clob.polymarket.com/balance-allowance?signature_type=3&asset_type=CONDITIONAL&token_id=26476877693084651121621184216158038808086127859124156881728124490165576523451 "HTTP/2 200 OK"
2026-09-01 11:43:51,432 [INFO] HTTP Request: GET https://clob.polymarket.com/balance-allowance?signature_type=3&asset_type=CONDITIONAL&token_id=1209100588465112785678818703438506470483599541553020185250221908965218772872 "HTTP/2 200 OK"
2026-09-01 11:43:51,718 [INFO] HTTP Request: GET https://clob.polymarket.com/balance-allowance?signature_type=3&asset_type=CONDITIONAL&token_id=28954351601602517116578143135946836170457660396784135870164340162656431805667 "HTTP/2 200 OK"
2026-09-01 11:43:51,989 [INFO] HTTP Request: GET https://clob.polymarket.com/balance-allowance?signature_type=3&asset_type=CONDITIONAL&token_id=12484443029638413509502910860782421850450630566092261670297734882124129927945 "HTTP/2 200 OK"
2026-09-01 11:43:51,996 [INFO] 真實帳戶狀態：餘額 $45.26，持有部位 2 個，成交 30 筆
2026-09-01 11:44:02,488 [INFO] HTTP Request: GET https://clob.polymarket.com/balance-allowance?signature_type=3&asset_type=COLLATERAL "HTTP/2 200 OK"
2026-09-01 11:44:02,766 [INFO] HTTP Request: GET https://clob.polymarket.com/data/orders?next_cursor=MA%3D%3D "HTTP/2 200 OK"
2026-09-01 11:44:03,040 [INFO] HTTP Request: GET https://clob.polymarket.com/data/trades?next_cursor=MA%3D%3D "HTTP/2 200 OK"
2026-09-01 11:44:03,360 [INFO] HTTP Request: GET https://clob.polymarket.com/balance-allowance?signature_type=3&asset_type=CONDITIONAL&token_id=47615282314988048962232377836944794674273525829834186465285313272647874396868 "HTTP/2 200 OK"
2026-09-01 11:44:03,632 [INFO] HTTP Request: GET https://clob.polymarket.com/midpoint?token_id=47615282314988048962232377836944794674273525829834186465285313272647874396868 "HTTP/2 200 OK"
2026-09-01 11:44:03,918 [INFO] HTTP Request: GET https://clob.polymarket.com/balance-allowance?signature_type=3&asset_type=CONDITIONAL&token_id=40226981542536983444919787300677464823405496856507835248518908133696697843012 "HTTP/2 200 OK"
2026-09-01 11:44:04,188 [INFO] HTTP Request: GET https://clob.polymarket.com/midpoint?token_id=40226981542536983444919787300677464823405496856507835248518908133696697843012 "HTTP/2 200 OK"
2026-09-01 11:44:04,462 [INFO] HTTP Request: GET https://clob.polymarket.com/balance-allowance?signature_type=3&asset_type=CONDITIONAL&token_id=26476877693084651121621184216158038808086127859124156881728124490165576523451 "HTTP/2 200 OK"
2026-09-01 11:44:04,732 [INFO] HTTP Request: GET https://clob.polymarket.com/balance-allowance?signature_type=3&asset_type=CONDITIONAL&token_id=1209100588465112785678818703438506470483599541553020185250221908965218772872 "HTTP/2 200 OK"
2026-09-01 11:44:05,003 [INFO] HTTP Request: GET https://clob.polymarket.com/balance-allowance?signature_type=3&asset_type=CONDITIONAL&token_id=28954351601602517116578143135946836170457660396784135870164340162656431805667 "HTTP/2 200 OK"
2026-09-01 11:44:05,272 [INFO] HTTP Request: GET https://clob.polymarket.com/balance-allowance?signature_type=3&asset_type=CONDITIONAL&token_id=12484443029638413509502910860782421850450630566092261670297734882124129927945 "HTTP/2 200 OK"
2026-09-01 11:44:05,277 [INFO] 真實帳戶狀態：餘額 $45.26，持有部位 2 個，成交 30 筆
2026-09-01 11:44:15,648 [INFO] HTTP Request: GET https://clob.polymarket.com/balance-allowance?signature_type=3&asset_type=COLLATERAL "HTTP/2 200 OK"
2026-09-01 11:44:15,924 [INFO] HTTP Request: GET https://clob.polymarket.com/data/orders?next_cursor=MA%3D%3D "HTTP/2 200 OK"
2026-09-01 11:44:16,198 [INFO] HTTP Request: GET https://clob.polymarket.com/data/trades?next_cursor=MA%3D%3D "HTTP/2 200 OK"
2026-09-01 11:44:16,524 [INFO] HTTP Request: GET https://clob.polymarket.com/balance-allowance?signature_type=3&asset_type=CONDITIONAL&token_id=47615282314988048962232377836944794674273525829834186465285313272647874396868 "HTTP/2 200 OK"
2026-09-01 11:44:16,795 [INFO] HTTP Request: GET https://clob.polymarket.com/midpoint?token_id=47615282314988048962232377836944794674273525829834186465285313272647874396868 "HTTP/2 200 OK"
2026-09-01 11:44:17,071 [INFO] HTTP Request: GET https://clob.polymarket.com/balance-allowance?signature_type=3&asset_type=CONDITIONAL&token_id=40226981542536983444919787300677464823405496856507835248518908133696697843012 "HTTP/2 200 OK"
2026-09-01 11:44:17,346 [INFO] HTTP Request: GET https://clob.polymarket.com/midpoint?token_id=40226981542536983444919787300677464823405496856507835248518908133696697843012 "HTTP/2 200 OK"
2026-09-01 11:44:17,624 [INFO] HTTP Request: GET https://clob.polymarket.com/balance-allowance?signature_type=3&asset_type=CONDITIONAL&token_id=26476877693084651121621184216158038808086127859124156881728124490165576523451 "HTTP/2 200 OK"
2026-09-01 11:44:17,904 [INFO] HTTP Request: GET https://clob.polymarket.com/balance-allowance?signature_type=3&asset_type=CONDITIONAL&token_id=1209100588465112785678818703438506470483599541553020185250221908965218772872 "HTTP/2 200 OK"
2026-09-01 11:44:18,182 [INFO] HTTP Request: GET https://clob.polymarket.com/balance-allowance?signature_type=3&asset_type=CONDITIONAL&token_id=28954351601602517116578143135946836170457660396784135870164340162656431805667 "HTTP/2 200 OK"
2026-09-01 11:44:18,461 [INFO] HTTP Request: GET https://clob.polymarket.com/balance-allowance?signature_type=3&asset_type=CONDITIONAL&token_id=12484443029638413509502910860782421850450630566092261670297734882124129927945 "HTTP/2 200 OK"
2026-09-01 11:44:18,466 [INFO] 真實帳戶狀態：餘額 $45.26，持有部位 2 個，成交 30 筆
2026-09-01 11:44:28,829 [INFO] HTTP Request: GET https://clob.polymarket.com/balance-allowance?signature_type=3&asset_type=COLLATERAL "HTTP/2 200 OK"
2026-09-01 11:44:29,103 [INFO] HTTP Request: GET https://clob.polymarket.com/data/orders?next_cursor=MA%3D%3D "HTTP/2 200 OK"
2026-09-01 11:44:29,382 [INFO] HTTP Request: GET https://clob.polymarket.com/data/trades?next_cursor=MA%3D%3D "HTTP/2 200 OK"
2026-09-01 11:44:29,712 [INFO] HTTP Request: GET https://clob.polymarket.com/balance-allowance?signature_type=3&asset_type=CONDITIONAL&token_id=47615282314988048962232377836944794674273525829834186465285313272647874396868 "HTTP/2 200 OK"
2026-09-01 11:44:29,985 [INFO] HTTP Request: GET https://clob.polymarket.com/midpoint?token_id=47615282314988048962232377836944794674273525829834186465285313272647874396868 "HTTP/2 200 OK"
2026-09-01 11:44:30,258 [INFO] HTTP Request: GET https://clob.polymarket.com/balance-allowance?signature_type=3&asset_type=CONDITIONAL&token_id=40226981542536983444919787300677464823405496856507835248518908133696697843012 "HTTP/2 200 OK"
2026-09-01 11:44:30,527 [INFO] HTTP Request: GET https://clob.polymarket.com/midpoint?token_id=40226981542536983444919787300677464823405496856507835248518908133696697843012 "HTTP/2 200 OK"
2026-09-01 11:44:30,811 [INFO] HTTP Request: GET https://clob.polymarket.com/balance-allowance?signature_type=3&asset_type=CONDITIONAL&token_id=26476877693084651121621184216158038808086127859124156881728124490165576523451 "HTTP/2 200 OK"
2026-09-01 11:44:31,097 [INFO] HTTP Request: GET https://clob.polymarket.com/balance-allowance?signature_type=3&asset_type=CONDITIONAL&token_id=1209100588465112785678818703438506470483599541553020185250221908965218772872 "HTTP/2 200 OK"
2026-09-01 11:44:31,377 [INFO] HTTP Request: GET https://clob.polymarket.com/balance-allowance?signature_type=3&asset_type=CONDITIONAL&token_id=28954351601602517116578143135946836170457660396784135870164340162656431805667 "HTTP/2 200 OK"
2026-09-01 11:44:31,662 [INFO] HTTP Request: GET https://clob.polymarket.com/balance-allowance?signature_type=3&asset_type=CONDITIONAL&token_id=12484443029638413509502910860782421850450630566092261670297734882124129927945 "HTTP/2 200 OK"
2026-09-01 11:44:31,666 [INFO] 真實帳戶狀態：餘額 $45.26，持有部位 2 個，成交 30 筆
2026-09-01 11:44:42,070 [INFO] HTTP Request: GET https://clob.polymarket.com/balance-allowance?signature_type=3&asset_type=COLLATERAL "HTTP/2 200 OK"
2026-09-01 11:44:42,349 [INFO] HTTP Request: GET https://clob.polymarket.com/data/orders?next_cursor=MA%3D%3D "HTTP/2 200 OK"
2026-09-01 11:44:42,629 [INFO] HTTP Request: GET https://clob.polymarket.com/data/trades?next_cursor=MA%3D%3D "HTTP/2 200 OK"
2026-09-01 11:44:42,961 [INFO] HTTP Request: GET https://clob.polymarket.com/balance-allowance?signature_type=3&asset_type=CONDITIONAL&token_id=47615282314988048962232377836944794674273525829834186465285313272647874396868 "HTTP/2 200 OK"
2026-09-01 11:44:43,463 [INFO] HTTP Request: GET https://clob.polymarket.com/midpoint?token_id=47615282314988048962232377836944794674273525829834186465285313272647874396868 "HTTP/2 200 OK"
2026-09-01 11:44:43,744 [INFO] HTTP Request: GET https://clob.polymarket.com/balance-allowance?signature_type=3&asset_type=CONDITIONAL&token_id=40226981542536983444919787300677464823405496856507835248518908133696697843012 "HTTP/2 200 OK"
2026-09-01 11:44:44,243 [INFO] HTTP Request: GET https://clob.polymarket.com/midpoint?token_id=40226981542536983444919787300677464823405496856507835248518908133696697843012 "HTTP/2 200 OK"
2026-09-01 11:44:44,524 [INFO] HTTP Request: GET https://clob.polymarket.com/balance-allowance?signature_type=3&asset_type=CONDITIONAL&token_id=26476877693084651121621184216158038808086127859124156881728124490165576523451 "HTTP/2 200 OK"
2026-09-01 11:44:44,801 [INFO] HTTP Request: GET https://clob.polymarket.com/balance-allowance?signature_type=3&asset_type=CONDITIONAL&token_id=1209100588465112785678818703438506470483599541553020185250221908965218772872 "HTTP/2 200 OK"
2026-09-01 11:44:45,291 [INFO] HTTP Request: GET https://clob.polymarket.com/balance-allowance?signature_type=3&asset_type=CONDITIONAL&token_id=28954351601602517116578143135946836170457660396784135870164340162656431805667 "HTTP/2 200 OK"
2026-09-01 11:44:45,571 [INFO] HTTP Request: GET https://clob.polymarket.com/balance-allowance?signature_type=3&asset_type=CONDITIONAL&token_id=12484443029638413509502910860782421850450630566092261670297734882124129927945 "HTTP/2 200 OK"
2026-09-01 11:44:45,575 [INFO] 真實帳戶狀態：餘額 $45.26，持有部位 2 個，成交 30 筆
2026-09-01 11:44:55,944 [INFO] HTTP Request: GET https://clob.polymarket.com/balance-allowance?signature_type=3&asset_type=COLLATERAL "HTTP/2 200 OK"
2026-09-01 11:44:56,214 [INFO] HTTP Request: GET https://clob.polymarket.com/data/orders?next_cursor=MA%3D%3D "HTTP/2 200 OK"
2026-09-01 11:44:56,495 [INFO] HTTP Request: GET https://clob.polymarket.com/data/trades?next_cursor=MA%3D%3D "HTTP/2 200 OK"
2026-09-01 11:44:56,820 [INFO] HTTP Request: GET https://clob.polymarket.com/balance-allowance?signature_type=3&asset_type=CONDITIONAL&token_id=47615282314988048962232377836944794674273525829834186465285313272647874396868 "HTTP/2 200 OK"
2026-09-01 11:44:57,113 [INFO] HTTP Request: GET https://clob.polymarket.com/midpoint?token_id=47615282314988048962232377836944794674273525829834186465285313272647874396868 "HTTP/2 200 OK"
2026-09-01 11:44:57,385 [INFO] HTTP Request: GET https://clob.polymarket.com/balance-allowance?signature_type=3&asset_type=CONDITIONAL&token_id=40226981542536983444919787300677464823405496856507835248518908133696697843012 "HTTP/2 200 OK"
2026-09-01 11:44:57,661 [INFO] HTTP Request: GET https://clob.polymarket.com/midpoint?token_id=40226981542536983444919787300677464823405496856507835248518908133696697843012 "HTTP/2 200 OK"
2026-09-01 11:44:57,945 [INFO] HTTP Request: GET https://clob.polymarket.com/balance-allowance?signature_type=3&asset_type=CONDITIONAL&token_id=26476877693084651121621184216158038808086127859124156881728124490165576523451 "HTTP/2 200 OK"
2026-09-01 11:44:58,221 [INFO] HTTP Request: GET https://clob.polymarket.com/balance-allowance?signature_type=3&asset_type=CONDITIONAL&token_id=1209100588465112785678818703438506470483599541553020185250221908965218772872 "HTTP/2 200 OK"
2026-09-01 11:44:58,494 [INFO] HTTP Request: GET https://clob.polymarket.com/balance-allowance?signature_type=3&asset_type=CONDITIONAL&token_id=28954351601602517116578143135946836170457660396784135870164340162656431805667 "HTTP/2 200 OK"
2026-09-01 11:44:58,765 [INFO] HTTP Request: GET https://clob.polymarket.com/balance-allowance?signature_type=3&asset_type=CONDITIONAL&token_id=12484443029638413509502910860782421850450630566092261670297734882124129927945 "HTTP/2 200 OK"
2026-09-01 11:44:58,770 [INFO] 真實帳戶狀態：餘額 $45.26，持有部位 2 個，成交 30 筆
2026-09-01 11:45:09,135 [INFO] HTTP Request: GET https://clob.polymarket.com/balance-allowance?signature_type=3&asset_type=COLLATERAL "HTTP/2 200 OK"
2026-09-01 11:45:09,419 [INFO] HTTP Request: GET https://clob.polymarket.com/data/orders?next_cursor=MA%3D%3D "HTTP/2 200 OK"
2026-09-01 11:45:09,700 [INFO] HTTP Request: GET https://clob.polymarket.com/data/trades?next_cursor=MA%3D%3D "HTTP/2 200 OK"
2026-09-01 11:45:10,025 [INFO] HTTP Request: GET https://clob.polymarket.com/balance-allowance?signature_type=3&asset_type=CONDITIONAL&token_id=47615282314988048962232377836944794674273525829834186465285313272647874396868 "HTTP/2 200 OK"
2026-09-01 11:45:10,294 [INFO] HTTP Request: GET https://clob.polymarket.com/midpoint?token_id=47615282314988048962232377836944794674273525829834186465285313272647874396868 "HTTP/2 200 OK"
2026-09-01 11:45:10,571 [INFO] HTTP Request: GET https://clob.polymarket.com/balance-allowance?signature_type=3&asset_type=CONDITIONAL&token_id=40226981542536983444919787300677464823405496856507835248518908133696697843012 "HTTP/2 200 OK"
2026-09-01 11:45:10,854 [INFO] HTTP Request: GET https://clob.polymarket.com/midpoint?token_id=40226981542536983444919787300677464823405496856507835248518908133696697843012 "HTTP/2 200 OK"
2026-09-01 11:45:11,128 [INFO] HTTP Request: GET https://clob.polymarket.com/balance-allowance?signature_type=3&asset_type=CONDITIONAL&token_id=26476877693084651121621184216158038808086127859124156881728124490165576523451 "HTTP/2 200 OK"
2026-09-01 11:45:11,401 [INFO] HTTP Request: GET https://clob.polymarket.com/balance-allowance?signature_type=3&asset_type=CONDITIONAL&token_id=1209100588465112785678818703438506470483599541553020185250221908965218772872 "HTTP/2 200 OK"
2026-09-01 11:45:11,672 [INFO] HTTP Request: GET https://clob.polymarket.com/balance-allowance?signature_type=3&asset_type=CONDITIONAL&token_id=28954351601602517116578143135946836170457660396784135870164340162656431805667 "HTTP/2 200 OK"
2026-09-01 11:45:11,952 [INFO] HTTP Request: GET https://clob.polymarket.com/balance-allowance?signature_type=3&asset_type=CONDITIONAL&token_id=12484443029638413509502910860782421850450630566092261670297734882124129927945 "HTTP/2 200 OK"
2026-09-01 11:45:11,956 [INFO] 真實帳戶狀態：餘額 $45.26，持有部位 2 個，成交 30 筆
2026-09-01 11:45:22,361 [INFO] HTTP Request: GET https://clob.polymarket.com/balance-allowance?signature_type=3&asset_type=COLLATERAL "HTTP/2 200 OK"
2026-09-01 11:45:22,641 [INFO] HTTP Request: GET https://clob.polymarket.com/data/orders?next_cursor=MA%3D%3D "HTTP/2 200 OK"
2026-09-01 11:45:22,926 [INFO] HTTP Request: GET https://clob.polymarket.com/data/trades?next_cursor=MA%3D%3D "HTTP/2 200 OK"
2026-09-01 11:45:23,261 [INFO] HTTP Request: GET https://clob.polymarket.com/balance-allowance?signature_type=3&asset_type=CONDITIONAL&token_id=47615282314988048962232377836944794674273525829834186465285313272647874396868 "HTTP/2 200 OK"
2026-09-01 11:45:23,536 [INFO] HTTP Request: GET https://clob.polymarket.com/midpoint?token_id=47615282314988048962232377836944794674273525829834186465285313272647874396868 "HTTP/2 200 OK"
2026-09-01 11:45:23,815 [INFO] HTTP Request: GET https://clob.polymarket.com/balance-allowance?signature_type=3&asset_type=CONDITIONAL&token_id=40226981542536983444919787300677464823405496856507835248518908133696697843012 "HTTP/2 200 OK"
2026-09-01 11:45:24,086 [INFO] HTTP Request: GET https://clob.polymarket.com/midpoint?token_id=40226981542536983444919787300677464823405496856507835248518908133696697843012 "HTTP/2 200 OK"
2026-09-01 11:45:24,374 [INFO] HTTP Request: GET https://clob.polymarket.com/balance-allowance?signature_type=3&asset_type=CONDITIONAL&token_id=26476877693084651121621184216158038808086127859124156881728124490165576523451 "HTTP/2 200 OK"
2026-09-01 11:45:24,654 [INFO] HTTP Request: GET https://clob.polymarket.com/balance-allowance?signature_type=3&asset_type=CONDITIONAL&token_id=1209100588465112785678818703438506470483599541553020185250221908965218772872 "HTTP/2 200 OK"
2026-09-01 11:45:24,943 [INFO] HTTP Request: GET https://clob.polymarket.com/balance-allowance?signature_type=3&asset_type=CONDITIONAL&token_id=28954351601602517116578143135946836170457660396784135870164340162656431805667 "HTTP/2 200 OK"
2026-09-01 11:45:25,218 [INFO] HTTP Request: GET https://clob.polymarket.com/balance-allowance?signature_type=3&asset_type=CONDITIONAL&token_id=12484443029638413509502910860782421850450630566092261670297734882124129927945 "HTTP/2 200 OK"
2026-09-01 11:45:25,221 [INFO] 真實帳戶狀態：餘額 $45.26，持有部位 2 個，成交 30 筆
2026-09-01 11:45:35,592 [INFO] HTTP Request: GET https://clob.polymarket.com/balance-allowance?signature_type=3&asset_type=COLLATERAL "HTTP/2 200 OK"
2026-09-01 11:45:35,868 [INFO] HTTP Request: GET https://clob.polymarket.com/data/orders?next_cursor=MA%3D%3D "HTTP/2 200 OK"
2026-09-01 11:45:36,147 [INFO] HTTP Request: GET https://clob.polymarket.com/data/trades?next_cursor=MA%3D%3D "HTTP/2 200 OK"
2026-09-01 11:45:36,476 [INFO] HTTP Request: GET https://clob.polymarket.com/balance-allowance?signature_type=3&asset_type=CONDITIONAL&token_id=47615282314988048962232377836944794674273525829834186465285313272647874396868 "HTTP/2 200 OK"
2026-09-01 11:45:36,757 [INFO] HTTP Request: GET https://clob.polymarket.com/midpoint?token_id=47615282314988048962232377836944794674273525829834186465285313272647874396868 "HTTP/2 200 OK"
2026-09-01 11:45:37,042 [INFO] HTTP Request: GET https://clob.polymarket.com/balance-allowance?signature_type=3&asset_type=CONDITIONAL&token_id=40226981542536983444919787300677464823405496856507835248518908133696697843012 "HTTP/2 200 OK"
2026-09-01 11:45:37,331 [INFO] HTTP Request: GET https://clob.polymarket.com/midpoint?token_id=40226981542536983444919787300677464823405496856507835248518908133696697843012 "HTTP/2 200 OK"
2026-09-01 11:45:37,602 [INFO] HTTP Request: GET https://clob.polymarket.com/balance-allowance?signature_type=3&asset_type=CONDITIONAL&token_id=26476877693084651121621184216158038808086127859124156881728124490165576523451 "HTTP/2 200 OK"
2026-09-01 11:45:37,884 [INFO] HTTP Request: GET https://clob.polymarket.com/balance-allowance?signature_type=3&asset_type=CONDITIONAL&token_id=1209100588465112785678818703438506470483599541553020185250221908965218772872 "HTTP/2 200 OK"
2026-09-01 11:45:38,154 [INFO] HTTP Request: GET https://clob.polymarket.com/balance-allowance?signature_type=3&asset_type=CONDITIONAL&token_id=28954351601602517116578143135946836170457660396784135870164340162656431805667 "HTTP/2 200 OK"
2026-09-01 11:45:38,441 [INFO] HTTP Request: GET https://clob.polymarket.com/balance-allowance?signature_type=3&asset_type=CONDITIONAL&token_id=12484443029638413509502910860782421850450630566092261670297734882124129927945 "HTTP/2 200 OK"
2026-09-01 11:45:38,445 [INFO] 真實帳戶狀態：餘額 $45.26，持有部位 2 個，成交 30 筆
2026-09-01 11:45:48,811 [INFO] HTTP Request: GET https://clob.polymarket.com/balance-allowance?signature_type=3&asset_type=COLLATERAL "HTTP/2 200 OK"
2026-09-01 11:45:49,083 [INFO] HTTP Request: GET https://clob.polymarket.com/data/orders?next_cursor=MA%3D%3D "HTTP/2 200 OK"
2026-09-01 11:45:49,360 [INFO] HTTP Request: GET https://clob.polymarket.com/data/trades?next_cursor=MA%3D%3D "HTTP/2 200 OK"
2026-09-01 11:45:49,687 [INFO] HTTP Request: GET https://clob.polymarket.com/balance-allowance?signature_type=3&asset_type=CONDITIONAL&token_id=47615282314988048962232377836944794674273525829834186465285313272647874396868 "HTTP/2 200 OK"
2026-09-01 11:45:49,955 [INFO] HTTP Request: GET https://clob.polymarket.com/midpoint?token_id=47615282314988048962232377836944794674273525829834186465285313272647874396868 "HTTP/2 200 OK"
2026-09-01 11:45:50,245 [INFO] HTTP Request: GET https://clob.polymarket.com/balance-allowance?signature_type=3&asset_type=CONDITIONAL&token_id=40226981542536983444919787300677464823405496856507835248518908133696697843012 "HTTP/2 200 OK"
2026-09-01 11:45:50,513 [INFO] HTTP Request: GET https://clob.polymarket.com/midpoint?token_id=40226981542536983444919787300677464823405496856507835248518908133696697843012 "HTTP/2 200 OK"
2026-09-01 11:45:50,786 [INFO] HTTP Request: GET https://clob.polymarket.com/balance-allowance?signature_type=3&asset_type=CONDITIONAL&token_id=26476877693084651121621184216158038808086127859124156881728124490165576523451 "HTTP/2 200 OK"
2026-09-01 11:45:51,059 [INFO] HTTP Request: GET https://clob.polymarket.com/balance-allowance?signature_type=3&asset_type=CONDITIONAL&token_id=1209100588465112785678818703438506470483599541553020185250221908965218772872 "HTTP/2 200 OK"
2026-09-01 11:45:51,347 [INFO] HTTP Request: GET https://clob.polymarket.com/balance-allowance?signature_type=3&asset_type=CONDITIONAL&token_id=28954351601602517116578143135946836170457660396784135870164340162656431805667 "HTTP/2 200 OK"
2026-09-01 11:45:51,617 [INFO] HTTP Request: GET https://clob.polymarket.com/balance-allowance?signature_type=3&asset_type=CONDITIONAL&token_id=12484443029638413509502910860782421850450630566092261670297734882124129927945 "HTTP/2 200 OK"
2026-09-01 11:45:51,621 [INFO] 真實帳戶狀態：餘額 $45.26，持有部位 2 個，成交 30 筆
2026-09-01 11:46:02,003 [INFO] HTTP Request: GET https://clob.polymarket.com/balance-allowance?signature_type=3&asset_type=COLLATERAL "HTTP/2 200 OK"
2026-09-01 11:46:02,281 [INFO] HTTP Request: GET https://clob.polymarket.com/data/orders?next_cursor=MA%3D%3D "HTTP/2 200 OK"
2026-09-01 11:46:02,558 [INFO] HTTP Request: GET https://clob.polymarket.com/data/trades?next_cursor=MA%3D%3D "HTTP/2 200 OK"
2026-09-01 11:46:02,883 [INFO] HTTP Request: GET https://clob.polymarket.com/balance-allowance?signature_type=3&asset_type=CONDITIONAL&token_id=47615282314988048962232377836944794674273525829834186465285313272647874396868 "HTTP/2 200 OK"
2026-09-01 11:46:03,156 [INFO] HTTP Request: GET https://clob.polymarket.com/midpoint?token_id=47615282314988048962232377836944794674273525829834186465285313272647874396868 "HTTP/2 200 OK"
2026-09-01 11:46:03,435 [INFO] HTTP Request: GET https://clob.polymarket.com/balance-allowance?signature_type=3&asset_type=CONDITIONAL&token_id=40226981542536983444919787300677464823405496856507835248518908133696697843012 "HTTP/2 200 OK"
2026-09-01 11:46:03,706 [INFO] HTTP Request: GET https://clob.polymarket.com/midpoint?token_id=40226981542536983444919787300677464823405496856507835248518908133696697843012 "HTTP/2 200 OK"
2026-09-01 11:46:03,977 [INFO] HTTP Request: GET https://clob.polymarket.com/balance-allowance?signature_type=3&asset_type=CONDITIONAL&token_id=26476877693084651121621184216158038808086127859124156881728124490165576523451 "HTTP/2 200 OK"
2026-09-01 11:46:04,250 [INFO] HTTP Request: GET https://clob.polymarket.com/balance-allowance?signature_type=3&asset_type=CONDITIONAL&token_id=1209100588465112785678818703438506470483599541553020185250221908965218772872 "HTTP/2 200 OK"
2026-09-01 11:46:04,520 [INFO] HTTP Request: GET https://clob.polymarket.com/balance-allowance?signature_type=3&asset_type=CONDITIONAL&token_id=28954351601602517116578143135946836170457660396784135870164340162656431805667 "HTTP/2 200 OK"
2026-09-01 11:46:04,790 [INFO] HTTP Request: GET https://clob.polymarket.com/balance-allowance?signature_type=3&asset_type=CONDITIONAL&token_id=12484443029638413509502910860782421850450630566092261670297734882124129927945 "HTTP/2 200 OK"
2026-09-01 11:46:04,794 [INFO] 真實帳戶狀態：餘額 $45.26，持有部位 2 個，成交 30 筆
2026-09-01 11:46:15,169 [INFO] HTTP Request: GET https://clob.polymarket.com/balance-allowance?signature_type=3&asset_type=COLLATERAL "HTTP/2 200 OK"
2026-09-01 11:46:15,442 [INFO] HTTP Request: GET https://clob.polymarket.com/data/orders?next_cursor=MA%3D%3D "HTTP/2 200 OK"
2026-09-01 11:46:15,715 [INFO] HTTP Request: GET https://clob.polymarket.com/data/trades?next_cursor=MA%3D%3D "HTTP/2 200 OK"
2026-09-01 11:46:16,039 [INFO] HTTP Request: GET https://clob.polymarket.com/balance-allowance?signature_type=3&asset_type=CONDITIONAL&token_id=47615282314988048962232377836944794674273525829834186465285313272647874396868 "HTTP/2 200 OK"
2026-09-01 11:46:16,309 [INFO] HTTP Request: GET https://clob.polymarket.com/midpoint?token_id=47615282314988048962232377836944794674273525829834186465285313272647874396868 "HTTP/2 200 OK"
2026-09-01 11:46:16,578 [INFO] HTTP Request: GET https://clob.polymarket.com/balance-allowance?signature_type=3&asset_type=CONDITIONAL&token_id=40226981542536983444919787300677464823405496856507835248518908133696697843012 "HTTP/2 200 OK"
2026-09-01 11:46:16,851 [INFO] HTTP Request: GET https://clob.polymarket.com/midpoint?token_id=40226981542536983444919787300677464823405496856507835248518908133696697843012 "HTTP/2 200 OK"
2026-09-01 11:46:17,125 [INFO] HTTP Request: GET https://clob.polymarket.com/balance-allowance?signature_type=3&asset_type=CONDITIONAL&token_id=26476877693084651121621184216158038808086127859124156881728124490165576523451 "HTTP/2 200 OK"
2026-09-01 11:46:17,400 [INFO] HTTP Request: GET https://clob.polymarket.com/balance-allowance?signature_type=3&asset_type=CONDITIONAL&token_id=1209100588465112785678818703438506470483599541553020185250221908965218772872 "HTTP/2 200 OK"
2026-09-01 11:46:17,735 [INFO] HTTP Request: GET https://clob.polymarket.com/balance-allowance?signature_type=3&asset_type=CONDITIONAL&token_id=28954351601602517116578143135946836170457660396784135870164340162656431805667 "HTTP/2 200 OK"
2026-09-01 11:46:18,005 [INFO] HTTP Request: GET https://clob.polymarket.com/balance-allowance?signature_type=3&asset_type=CONDITIONAL&token_id=12484443029638413509502910860782421850450630566092261670297734882124129927945 "HTTP/2 200 OK"
2026-09-01 11:46:18,009 [INFO] 真實帳戶狀態：餘額 $45.26，持有部位 2 個，成交 30 筆
2026-09-01 11:46:28,430 [INFO] HTTP Request: GET https://clob.polymarket.com/balance-allowance?signature_type=3&asset_type=COLLATERAL "HTTP/2 200 OK"
2026-09-01 11:46:28,698 [INFO] HTTP Request: GET https://clob.polymarket.com/data/orders?next_cursor=MA%3D%3D "HTTP/2 200 OK"
2026-09-01 11:46:28,978 [INFO] HTTP Request: GET https://clob.polymarket.com/data/trades?next_cursor=MA%3D%3D "HTTP/2 200 OK"
2026-09-01 11:46:29,721 [INFO] HTTP Request: GET https://clob.polymarket.com/balance-allowance?signature_type=3&asset_type=CONDITIONAL&token_id=47615282314988048962232377836944794674273525829834186465285313272647874396868 "HTTP/2 200 OK"
2026-09-01 11:46:29,996 [INFO] HTTP Request: GET https://clob.polymarket.com/midpoint?token_id=47615282314988048962232377836944794674273525829834186465285313272647874396868 "HTTP/2 200 OK"
2026-09-01 11:46:30,281 [INFO] HTTP Request: GET https://clob.polymarket.com/balance-allowance?signature_type=3&asset_type=CONDITIONAL&token_id=40226981542536983444919787300677464823405496856507835248518908133696697843012 "HTTP/2 200 OK"
2026-09-01 11:46:30,550 [INFO] HTTP Request: GET https://clob.polymarket.com/midpoint?token_id=40226981542536983444919787300677464823405496856507835248518908133696697843012 "HTTP/2 200 OK"
2026-09-01 11:46:30,824 [INFO] HTTP Request: GET https://clob.polymarket.com/balance-allowance?signature_type=3&asset_type=CONDITIONAL&token_id=26476877693084651121621184216158038808086127859124156881728124490165576523451 "HTTP/2 200 OK"
2026-09-01 11:46:31,109 [INFO] HTTP Request: GET https://clob.polymarket.com/balance-allowance?signature_type=3&asset_type=CONDITIONAL&token_id=1209100588465112785678818703438506470483599541553020185250221908965218772872 "HTTP/2 200 OK"
2026-09-01 11:46:31,390 [INFO] HTTP Request: GET https://clob.polymarket.com/balance-allowance?signature_type=3&asset_type=CONDITIONAL&token_id=28954351601602517116578143135946836170457660396784135870164340162656431805667 "HTTP/2 200 OK"
2026-09-01 11:46:31,661 [INFO] HTTP Request: GET https://clob.polymarket.com/balance-allowance?signature_type=3&asset_type=CONDITIONAL&token_id=12484443029638413509502910860782421850450630566092261670297734882124129927945 "HTTP/2 200 OK"
2026-09-01 11:46:31,665 [INFO] 真實帳戶狀態：餘額 $45.26，持有部位 2 個，成交 30 筆
2026-09-01 11:46:42,038 [INFO] HTTP Request: GET https://clob.polymarket.com/balance-allowance?signature_type=3&asset_type=COLLATERAL "HTTP/2 200 OK"
2026-09-01 11:46:42,314 [INFO] HTTP Request: GET https://clob.polymarket.com/data/orders?next_cursor=MA%3D%3D "HTTP/2 200 OK"
2026-09-01 11:46:42,602 [INFO] HTTP Request: GET https://clob.polymarket.com/data/trades?next_cursor=MA%3D%3D "HTTP/2 200 OK"
2026-09-01 11:46:43,118 [INFO] HTTP Request: GET https://clob.polymarket.com/balance-allowance?signature_type=3&asset_type=CONDITIONAL&token_id=47615282314988048962232377836944794674273525829834186465285313272647874396868 "HTTP/2 200 OK"
2026-09-01 11:46:43,387 [INFO] HTTP Request: GET https://clob.polymarket.com/midpoint?token_id=47615282314988048962232377836944794674273525829834186465285313272647874396868 "HTTP/2 200 OK"
2026-09-01 11:46:43,660 [INFO] HTTP Request: GET https://clob.polymarket.com/balance-allowance?signature_type=3&asset_type=CONDITIONAL&token_id=40226981542536983444919787300677464823405496856507835248518908133696697843012 "HTTP/2 200 OK"
2026-09-01 11:46:43,937 [INFO] HTTP Request: GET https://clob.polymarket.com/midpoint?token_id=40226981542536983444919787300677464823405496856507835248518908133696697843012 "HTTP/2 200 OK"
2026-09-01 11:46:44,208 [INFO] HTTP Request: GET https://clob.polymarket.com/balance-allowance?signature_type=3&asset_type=CONDITIONAL&token_id=26476877693084651121621184216158038808086127859124156881728124490165576523451 "HTTP/2 200 OK"
2026-09-01 11:46:44,483 [INFO] HTTP Request: GET https://clob.polymarket.com/balance-allowance?signature_type=3&asset_type=CONDITIONAL&token_id=1209100588465112785678818703438506470483599541553020185250221908965218772872 "HTTP/2 200 OK"
2026-09-01 11:46:44,753 [INFO] HTTP Request: GET https://clob.polymarket.com/balance-allowance?signature_type=3&asset_type=CONDITIONAL&token_id=28954351601602517116578143135946836170457660396784135870164340162656431805667 "HTTP/2 200 OK"
2026-09-01 11:46:45,030 [INFO] HTTP Request: GET https://clob.polymarket.com/balance-allowance?signature_type=3&asset_type=CONDITIONAL&token_id=12484443029638413509502910860782421850450630566092261670297734882124129927945 "HTTP/2 200 OK"
2026-09-01 11:46:45,033 [INFO] 真實帳戶狀態：餘額 $45.26，持有部位 2 個，成交 30 筆
2026-09-01 11:46:55,437 [INFO] HTTP Request: GET https://clob.polymarket.com/balance-allowance?signature_type=3&asset_type=COLLATERAL "HTTP/2 200 OK"
2026-09-01 11:46:55,709 [INFO] HTTP Request: GET https://clob.polymarket.com/data/orders?next_cursor=MA%3D%3D "HTTP/2 200 OK"
2026-09-01 11:46:55,989 [INFO] HTTP Request: GET https://clob.polymarket.com/data/trades?next_cursor=MA%3D%3D "HTTP/2 200 OK"
2026-09-01 11:46:56,317 [INFO] HTTP Request: GET https://clob.polymarket.com/balance-allowance?signature_type=3&asset_type=CONDITIONAL&token_id=47615282314988048962232377836944794674273525829834186465285313272647874396868 "HTTP/2 200 OK"
2026-09-01 11:46:56,596 [INFO] HTTP Request: GET https://clob.polymarket.com/balance-allowance?signature_type=3&asset_type=CONDITIONAL&token_id=40226981542536983444919787300677464823405496856507835248518908133696697843012 "HTTP/2 200 OK"
2026-09-01 11:46:56,871 [INFO] HTTP Request: GET https://clob.polymarket.com/balance-allowance?signature_type=3&asset_type=CONDITIONAL&token_id=26476877693084651121621184216158038808086127859124156881728124490165576523451 "HTTP/2 200 OK"
2026-09-01 11:46:57,153 [INFO] HTTP Request: GET https://clob.polymarket.com/balance-allowance?signature_type=3&asset_type=CONDITIONAL&token_id=1209100588465112785678818703438506470483599541553020185250221908965218772872 "HTTP/2 200 OK"
2026-09-01 11:46:57,428 [INFO] HTTP Request: GET https://clob.polymarket.com/balance-allowance?signature_type=3&asset_type=CONDITIONAL&token_id=28954351601602517116578143135946836170457660396784135870164340162656431805667 "HTTP/2 200 OK"
2026-09-01 11:46:57,704 [INFO] HTTP Request: GET https://clob.polymarket.com/balance-allowance?signature_type=3&asset_type=CONDITIONAL&token_id=12484443029638413509502910860782421850450630566092261670297734882124129927945 "HTTP/2 200 OK"
2026-09-01 11:46:57,709 [INFO] 真實帳戶狀態：餘額 $50.93，持有部位 0 個，成交 30 筆
2026-09-01 11:47:08,086 [INFO] HTTP Request: GET https://clob.polymarket.com/balance-allowance?signature_type=3&asset_type=COLLATERAL "HTTP/2 200 OK"
2026-09-01 11:47:08,356 [INFO] HTTP Request: GET https://clob.polymarket.com/data/orders?next_cursor=MA%3D%3D "HTTP/2 200 OK"
2026-09-01 11:47:08,635 [INFO] HTTP Request: GET https://clob.polymarket.com/data/trades?next_cursor=MA%3D%3D "HTTP/2 200 OK"
2026-09-01 11:47:08,957 [INFO] HTTP Request: GET https://clob.polymarket.com/balance-allowance?signature_type=3&asset_type=CONDITIONAL&token_id=47615282314988048962232377836944794674273525829834186465285313272647874396868 "HTTP/2 200 OK"
2026-09-01 11:47:09,233 [INFO] HTTP Request: GET https://clob.polymarket.com/balance-allowance?signature_type=3&asset_type=CONDITIONAL&token_id=40226981542536983444919787300677464823405496856507835248518908133696697843012 "HTTP/2 200 OK"
2026-09-01 11:47:09,507 [INFO] HTTP Request: GET https://clob.polymarket.com/balance-allowance?signature_type=3&asset_type=CONDITIONAL&token_id=26476877693084651121621184216158038808086127859124156881728124490165576523451 "HTTP/2 200 OK"
2026-09-01 11:47:09,780 [INFO] HTTP Request: GET https://clob.polymarket.com/balance-allowance?signature_type=3&asset_type=CONDITIONAL&token_id=1209100588465112785678818703438506470483599541553020185250221908965218772872 "HTTP/2 200 OK"
2026-09-01 11:47:10,050 [INFO] HTTP Request: GET https://clob.polymarket.com/balance-allowance?signature_type=3&asset_type=CONDITIONAL&token_id=28954351601602517116578143135946836170457660396784135870164340162656431805667 "HTTP/2 200 OK"
2026-09-01 11:47:10,338 [INFO] HTTP Request: GET https://clob.polymarket.com/balance-allowance?signature_type=3&asset_type=CONDITIONAL&token_id=12484443029638413509502910860782421850450630566092261670297734882124129927945 "HTTP/2 200 OK"
2026-09-01 11:47:10,342 [INFO] 真實帳戶狀態：餘額 $50.93，持有部位 0 個，成交 30 筆
2026-09-01 11:47:20,747 [INFO] HTTP Request: GET https://clob.polymarket.com/balance-allowance?signature_type=3&asset_type=COLLATERAL "HTTP/2 200 OK"
2026-09-01 11:47:21,022 [INFO] HTTP Request: GET https://clob.polymarket.com/data/orders?next_cursor=MA%3D%3D "HTTP/2 200 OK"
2026-09-01 11:47:21,306 [INFO] HTTP Request: GET https://clob.polymarket.com/data/trades?next_cursor=MA%3D%3D "HTTP/2 200 OK"
2026-09-01 11:47:21,634 [INFO] HTTP Request: GET https://clob.polymarket.com/balance-allowance?signature_type=3&asset_type=CONDITIONAL&token_id=47615282314988048962232377836944794674273525829834186465285313272647874396868 "HTTP/2 200 OK"
2026-09-01 11:47:21,912 [INFO] HTTP Request: GET https://clob.polymarket.com/balance-allowance?signature_type=3&asset_type=CONDITIONAL&token_id=40226981542536983444919787300677464823405496856507835248518908133696697843012 "HTTP/2 200 OK"
2026-09-01 11:47:22,185 [INFO] HTTP Request: GET https://clob.polymarket.com/balance-allowance?signature_type=3&asset_type=CONDITIONAL&token_id=26476877693084651121621184216158038808086127859124156881728124490165576523451 "HTTP/2 200 OK"
2026-09-01 11:47:22,464 [INFO] HTTP Request: GET https://clob.polymarket.com/balance-allowance?signature_type=3&asset_type=CONDITIONAL&token_id=1209100588465112785678818703438506470483599541553020185250221908965218772872 "HTTP/2 200 OK"
2026-09-01 11:47:22,735 [INFO] HTTP Request: GET https://clob.polymarket.com/balance-allowance?signature_type=3&asset_type=CONDITIONAL&token_id=28954351601602517116578143135946836170457660396784135870164340162656431805667 "HTTP/2 200 OK"
2026-09-01 11:47:23,009 [INFO] HTTP Request: GET https://clob.polymarket.com/balance-allowance?signature_type=3&asset_type=CONDITIONAL&token_id=12484443029638413509502910860782421850450630566092261670297734882124129927945 "HTTP/2 200 OK"
2026-09-01 11:47:23,013 [INFO] 真實帳戶狀態：餘額 $50.93，持有部位 0 個，成交 30 筆
2026-09-01 11:47:33,400 [INFO] HTTP Request: GET https://clob.polymarket.com/balance-allowance?signature_type=3&asset_type=COLLATERAL "HTTP/2 200 OK"
2026-09-01 11:47:33,680 [INFO] HTTP Request: GET https://clob.polymarket.com/data/orders?next_cursor=MA%3D%3D "HTTP/2 200 OK"
2026-09-01 11:47:33,965 [INFO] HTTP Request: GET https://clob.polymarket.com/data/trades?next_cursor=MA%3D%3D "HTTP/2 200 OK"
2026-09-01 11:47:34,296 [INFO] HTTP Request: GET https://clob.polymarket.com/balance-allowance?signature_type=3&asset_type=CONDITIONAL&token_id=47615282314988048962232377836944794674273525829834186465285313272647874396868 "HTTP/2 200 OK"
2026-09-01 11:47:34,586 [INFO] HTTP Request: GET https://clob.polymarket.com/balance-allowance?signature_type=3&asset_type=CONDITIONAL&token_id=40226981542536983444919787300677464823405496856507835248518908133696697843012 "HTTP/2 200 OK"
2026-09-01 11:47:34,869 [INFO] HTTP Request: GET https://clob.polymarket.com/balance-allowance?signature_type=3&asset_type=CONDITIONAL&token_id=26476877693084651121621184216158038808086127859124156881728124490165576523451 "HTTP/2 200 OK"
2026-09-01 11:47:35,152 [INFO] HTTP Request: GET https://clob.polymarket.com/balance-allowance?signature_type=3&asset_type=CONDITIONAL&token_id=1209100588465112785678818703438506470483599541553020185250221908965218772872 "HTTP/2 200 OK"
2026-09-01 11:47:35,443 [INFO] HTTP Request: GET https://clob.polymarket.com/balance-allowance?signature_type=3&asset_type=CONDITIONAL&token_id=28954351601602517116578143135946836170457660396784135870164340162656431805667 "HTTP/2 200 OK"
2026-09-01 11:47:35,728 [INFO] HTTP Request: GET https://clob.polymarket.com/balance-allowance?signature_type=3&asset_type=CONDITIONAL&token_id=12484443029638413509502910860782421850450630566092261670297734882124129927945 "HTTP/2 200 OK"
2026-09-01 11:47:35,732 [INFO] 真實帳戶狀態：餘額 $50.93，持有部位 0 個，成交 30 筆
2026-09-01 11:47:46,093 [INFO] HTTP Request: GET https://clob.polymarket.com/balance-allowance?signature_type=3&asset_type=COLLATERAL "HTTP/2 200 OK"
2026-09-01 11:47:46,362 [INFO] HTTP Request: GET https://clob.polymarket.com/data/orders?next_cursor=MA%3D%3D "HTTP/2 200 OK"
2026-09-01 11:47:46,652 [INFO] HTTP Request: GET https://clob.polymarket.com/data/trades?next_cursor=MA%3D%3D "HTTP/2 200 OK"
2026-09-01 11:47:47,396 [INFO] HTTP Request: GET https://clob.polymarket.com/balance-allowance?signature_type=3&asset_type=CONDITIONAL&token_id=47615282314988048962232377836944794674273525829834186465285313272647874396868 "HTTP/2 200 OK"
2026-09-01 11:47:47,680 [INFO] HTTP Request: GET https://clob.polymarket.com/balance-allowance?signature_type=3&asset_type=CONDITIONAL&token_id=40226981542536983444919787300677464823405496856507835248518908133696697843012 "HTTP/2 200 OK"
2026-09-01 11:47:47,949 [INFO] HTTP Request: GET https://clob.polymarket.com/balance-allowance?signature_type=3&asset_type=CONDITIONAL&token_id=26476877693084651121621184216158038808086127859124156881728124490165576523451 "HTTP/2 200 OK"
2026-09-01 11:47:48,223 [INFO] HTTP Request: GET https://clob.polymarket.com/balance-allowance?signature_type=3&asset_type=CONDITIONAL&token_id=1209100588465112785678818703438506470483599541553020185250221908965218772872 "HTTP/2 200 OK"
2026-09-01 11:47:48,494 [INFO] HTTP Request: GET https://clob.polymarket.com/balance-allowance?signature_type=3&asset_type=CONDITIONAL&token_id=28954351601602517116578143135946836170457660396784135870164340162656431805667 "HTTP/2 200 OK"
2026-09-01 11:47:48,768 [INFO] HTTP Request: GET https://clob.polymarket.com/balance-allowance?signature_type=3&asset_type=CONDITIONAL&token_id=12484443029638413509502910860782421850450630566092261670297734882124129927945 "HTTP/2 200 OK"
2026-09-01 11:47:48,773 [INFO] 真實帳戶狀態：餘額 $50.93，持有部位 0 個，成交 30 筆
2026-09-01 11:47:59,152 [INFO] HTTP Request: GET https://clob.polymarket.com/balance-allowance?signature_type=3&asset_type=COLLATERAL "HTTP/2 200 OK"
2026-09-01 11:47:59,427 [INFO] HTTP Request: GET https://clob.polymarket.com/data/orders?next_cursor=MA%3D%3D "HTTP/2 200 OK"
2026-09-01 11:47:59,706 [INFO] HTTP Request: GET https://clob.polymarket.com/data/trades?next_cursor=MA%3D%3D "HTTP/2 200 OK"
2026-09-01 11:48:00,028 [INFO] HTTP Request: GET https://clob.polymarket.com/balance-allowance?signature_type=3&asset_type=CONDITIONAL&token_id=47615282314988048962232377836944794674273525829834186465285313272647874396868 "HTTP/2 200 OK"
2026-09-01 11:48:00,307 [INFO] HTTP Request: GET https://clob.polymarket.com/balance-allowance?signature_type=3&asset_type=CONDITIONAL&token_id=40226981542536983444919787300677464823405496856507835248518908133696697843012 "HTTP/2 200 OK"
2026-09-01 11:48:00,584 [INFO] HTTP Request: GET https://clob.polymarket.com/balance-allowance?signature_type=3&asset_type=CONDITIONAL&token_id=26476877693084651121621184216158038808086127859124156881728124490165576523451 "HTTP/2 200 OK"
2026-09-01 11:48:00,868 [INFO] HTTP Request: GET https://clob.polymarket.com/balance-allowance?signature_type=3&asset_type=CONDITIONAL&token_id=1209100588465112785678818703438506470483599541553020185250221908965218772872 "HTTP/2 200 OK"
2026-09-01 11:48:01,145 [INFO] HTTP Request: GET https://clob.polymarket.com/balance-allowance?signature_type=3&asset_type=CONDITIONAL&token_id=28954351601602517116578143135946836170457660396784135870164340162656431805667 "HTTP/2 200 OK"
2026-09-01 11:48:01,424 [INFO] HTTP Request: GET https://clob.polymarket.com/balance-allowance?signature_type=3&asset_type=CONDITIONAL&token_id=12484443029638413509502910860782421850450630566092261670297734882124129927945 "HTTP/2 200 OK"
2026-09-01 11:48:01,427 [INFO] 真實帳戶狀態：餘額 $50.93，持有部位 0 個，成交 30 筆
2026-09-01 11:48:11,794 [INFO] HTTP Request: GET https://clob.polymarket.com/balance-allowance?signature_type=3&asset_type=COLLATERAL "HTTP/2 200 OK"
2026-09-01 11:48:12,068 [INFO] HTTP Request: GET https://clob.polymarket.com/data/orders?next_cursor=MA%3D%3D "HTTP/2 200 OK"
2026-09-01 11:48:12,344 [INFO] HTTP Request: GET https://clob.polymarket.com/data/trades?next_cursor=MA%3D%3D "HTTP/2 200 OK"
2026-09-01 11:48:12,665 [INFO] HTTP Request: GET https://clob.polymarket.com/balance-allowance?signature_type=3&asset_type=CONDITIONAL&token_id=47615282314988048962232377836944794674273525829834186465285313272647874396868 "HTTP/2 200 OK"
2026-09-01 11:48:12,939 [INFO] HTTP Request: GET https://clob.polymarket.com/balance-allowance?signature_type=3&asset_type=CONDITIONAL&token_id=40226981542536983444919787300677464823405496856507835248518908133696697843012 "HTTP/2 200 OK"
2026-09-01 11:48:13,220 [INFO] HTTP Request: GET https://clob.polymarket.com/balance-allowance?signature_type=3&asset_type=CONDITIONAL&token_id=26476877693084651121621184216158038808086127859124156881728124490165576523451 "HTTP/2 200 OK"
2026-09-01 11:48:13,495 [INFO] HTTP Request: GET https://clob.polymarket.com/balance-allowance?signature_type=3&asset_type=CONDITIONAL&token_id=1209100588465112785678818703438506470483599541553020185250221908965218772872 "HTTP/2 200 OK"
2026-09-01 11:48:13,764 [INFO] HTTP Request: GET https://clob.polymarket.com/balance-allowance?signature_type=3&asset_type=CONDITIONAL&token_id=28954351601602517116578143135946836170457660396784135870164340162656431805667 "HTTP/2 200 OK"
2026-09-01 11:48:14,039 [INFO] HTTP Request: GET https://clob.polymarket.com/balance-allowance?signature_type=3&asset_type=CONDITIONAL&token_id=12484443029638413509502910860782421850450630566092261670297734882124129927945 "HTTP/2 200 OK"
2026-09-01 11:48:14,043 [INFO] 真實帳戶狀態：餘額 $50.93，持有部位 0 個，成交 30 筆
2026-09-01 11:48:24,435 [INFO] HTTP Request: GET https://clob.polymarket.com/balance-allowance?signature_type=3&asset_type=COLLATERAL "HTTP/2 200 OK"
2026-09-01 11:48:24,717 [INFO] HTTP Request: GET https://clob.polymarket.com/data/orders?next_cursor=MA%3D%3D "HTTP/2 200 OK"
2026-09-01 11:48:25,005 [INFO] HTTP Request: GET https://clob.polymarket.com/data/trades?next_cursor=MA%3D%3D "HTTP/2 200 OK"
2026-09-01 11:48:25,343 [INFO] HTTP Request: GET https://clob.polymarket.com/balance-allowance?signature_type=3&asset_type=CONDITIONAL&token_id=47615282314988048962232377836944794674273525829834186465285313272647874396868 "HTTP/2 200 OK"
2026-09-01 11:48:25,632 [INFO] HTTP Request: GET https://clob.polymarket.com/balance-allowance?signature_type=3&asset_type=CONDITIONAL&token_id=40226981542536983444919787300677464823405496856507835248518908133696697843012 "HTTP/2 200 OK"
2026-09-01 11:48:25,915 [INFO] HTTP Request: GET https://clob.polymarket.com/balance-allowance?signature_type=3&asset_type=CONDITIONAL&token_id=26476877693084651121621184216158038808086127859124156881728124490165576523451 "HTTP/2 200 OK"
2026-09-01 11:48:26,200 [INFO] HTTP Request: GET https://clob.polymarket.com/balance-allowance?signature_type=3&asset_type=CONDITIONAL&token_id=1209100588465112785678818703438506470483599541553020185250221908965218772872 "HTTP/2 200 OK"
2026-09-01 11:48:26,485 [INFO] HTTP Request: GET https://clob.polymarket.com/balance-allowance?signature_type=3&asset_type=CONDITIONAL&token_id=28954351601602517116578143135946836170457660396784135870164340162656431805667 "HTTP/2 200 OK"
2026-09-01 11:48:26,764 [INFO] HTTP Request: GET https://clob.polymarket.com/balance-allowance?signature_type=3&asset_type=CONDITIONAL&token_id=12484443029638413509502910860782421850450630566092261670297734882124129927945 "HTTP/2 200 OK"
2026-09-01 11:48:26,769 [INFO] 真實帳戶狀態：餘額 $50.93，持有部位 0 個，成交 30 筆
2026-09-01 11:48:37,136 [INFO] HTTP Request: GET https://clob.polymarket.com/balance-allowance?signature_type=3&asset_type=COLLATERAL "HTTP/2 200 OK"
2026-09-01 11:48:37,420 [INFO] HTTP Request: GET https://clob.polymarket.com/data/orders?next_cursor=MA%3D%3D "HTTP/2 200 OK"
2026-09-01 11:48:37,699 [INFO] HTTP Request: GET https://clob.polymarket.com/data/trades?next_cursor=MA%3D%3D "HTTP/2 200 OK"
2026-09-01 11:48:38,037 [INFO] HTTP Request: GET https://clob.polymarket.com/balance-allowance?signature_type=3&asset_type=CONDITIONAL&token_id=47615282314988048962232377836944794674273525829834186465285313272647874396868 "HTTP/2 200 OK"
2026-09-01 11:48:38,310 [INFO] HTTP Request: GET https://clob.polymarket.com/balance-allowance?signature_type=3&asset_type=CONDITIONAL&token_id=40226981542536983444919787300677464823405496856507835248518908133696697843012 "HTTP/2 200 OK"
2026-09-01 11:48:38,581 [INFO] HTTP Request: GET https://clob.polymarket.com/balance-allowance?signature_type=3&asset_type=CONDITIONAL&token_id=26476877693084651121621184216158038808086127859124156881728124490165576523451 "HTTP/2 200 OK"
2026-09-01 11:48:38,858 [INFO] HTTP Request: GET https://clob.polymarket.com/balance-allowance?signature_type=3&asset_type=CONDITIONAL&token_id=1209100588465112785678818703438506470483599541553020185250221908965218772872 "HTTP/2 200 OK"
2026-09-01 11:48:39,139 [INFO] HTTP Request: GET https://clob.polymarket.com/balance-allowance?signature_type=3&asset_type=CONDITIONAL&token_id=28954351601602517116578143135946836170457660396784135870164340162656431805667 "HTTP/2 200 OK"
2026-09-01 11:48:39,429 [INFO] HTTP Request: GET https://clob.polymarket.com/balance-allowance?signature_type=3&asset_type=CONDITIONAL&token_id=12484443029638413509502910860782421850450630566092261670297734882124129927945 "HTTP/2 200 OK"
2026-09-01 11:48:39,433 [INFO] 真實帳戶狀態：餘額 $50.93，持有部位 0 個，成交 30 筆
2026-09-01 11:48:49,803 [INFO] HTTP Request: GET https://clob.polymarket.com/balance-allowance?signature_type=3&asset_type=COLLATERAL "HTTP/2 200 OK"
2026-09-01 11:48:50,083 [INFO] HTTP Request: GET https://clob.polymarket.com/data/orders?next_cursor=MA%3D%3D "HTTP/2 200 OK"
2026-09-01 11:48:50,378 [INFO] HTTP Request: GET https://clob.polymarket.com/data/trades?next_cursor=MA%3D%3D "HTTP/2 200 OK"
2026-09-01 11:48:50,721 [INFO] HTTP Request: GET https://clob.polymarket.com/balance-allowance?signature_type=3&asset_type=CONDITIONAL&token_id=47615282314988048962232377836944794674273525829834186465285313272647874396868 "HTTP/2 200 OK"
2026-09-01 11:48:50,995 [INFO] HTTP Request: GET https://clob.polymarket.com/balance-allowance?signature_type=3&asset_type=CONDITIONAL&token_id=40226981542536983444919787300677464823405496856507835248518908133696697843012 "HTTP/2 200 OK"
2026-09-01 11:48:51,275 [INFO] HTTP Request: GET https://clob.polymarket.com/balance-allowance?signature_type=3&asset_type=CONDITIONAL&token_id=26476877693084651121621184216158038808086127859124156881728124490165576523451 "HTTP/2 200 OK"
2026-09-01 11:48:51,552 [INFO] HTTP Request: GET https://clob.polymarket.com/balance-allowance?signature_type=3&asset_type=CONDITIONAL&token_id=1209100588465112785678818703438506470483599541553020185250221908965218772872 "HTTP/2 200 OK"
2026-09-01 11:48:51,832 [INFO] HTTP Request: GET https://clob.polymarket.com/balance-allowance?signature_type=3&asset_type=CONDITIONAL&token_id=28954351601602517116578143135946836170457660396784135870164340162656431805667 "HTTP/2 200 OK"
2026-09-01 11:48:52,121 [INFO] HTTP Request: GET https://clob.polymarket.com/balance-allowance?signature_type=3&asset_type=CONDITIONAL&token_id=12484443029638413509502910860782421850450630566092261670297734882124129927945 "HTTP/2 200 OK"
2026-09-01 11:48:52,125 [INFO] 真實帳戶狀態：餘額 $50.93，持有部位 0 個，成交 30 筆
2026-09-01 11:49:02,508 [INFO] HTTP Request: GET https://clob.polymarket.com/balance-allowance?signature_type=3&asset_type=COLLATERAL "HTTP/2 200 OK"
2026-09-01 11:49:02,784 [INFO] HTTP Request: GET https://clob.polymarket.com/data/orders?next_cursor=MA%3D%3D "HTTP/2 200 OK"
2026-09-01 11:49:03,061 [INFO] HTTP Request: GET https://clob.polymarket.com/data/trades?next_cursor=MA%3D%3D "HTTP/2 200 OK"
2026-09-01 11:49:03,388 [INFO] HTTP Request: GET https://clob.polymarket.com/balance-allowance?signature_type=3&asset_type=CONDITIONAL&token_id=47615282314988048962232377836944794674273525829834186465285313272647874396868 "HTTP/2 200 OK"
2026-09-01 11:49:03,660 [INFO] HTTP Request: GET https://clob.polymarket.com/balance-allowance?signature_type=3&asset_type=CONDITIONAL&token_id=40226981542536983444919787300677464823405496856507835248518908133696697843012 "HTTP/2 200 OK"
2026-09-01 11:49:03,935 [INFO] HTTP Request: GET https://clob.polymarket.com/balance-allowance?signature_type=3&asset_type=CONDITIONAL&token_id=26476877693084651121621184216158038808086127859124156881728124490165576523451 "HTTP/2 200 OK"
2026-09-01 11:49:04,206 [INFO] HTTP Request: GET https://clob.polymarket.com/balance-allowance?signature_type=3&asset_type=CONDITIONAL&token_id=1209100588465112785678818703438506470483599541553020185250221908965218772872 "HTTP/2 200 OK"
2026-09-01 11:49:04,478 [INFO] HTTP Request: GET https://clob.polymarket.com/balance-allowance?signature_type=3&asset_type=CONDITIONAL&token_id=28954351601602517116578143135946836170457660396784135870164340162656431805667 "HTTP/2 200 OK"
2026-09-01 11:49:04,748 [INFO] HTTP Request: GET https://clob.polymarket.com/balance-allowance?signature_type=3&asset_type=CONDITIONAL&token_id=12484443029638413509502910860782421850450630566092261670297734882124129927945 "HTTP/2 200 OK"
2026-09-01 11:49:04,751 [INFO] 真實帳戶狀態：餘額 $50.93，持有部位 0 個，成交 30 筆
2026-09-01 11:49:15,119 [INFO] HTTP Request: GET https://clob.polymarket.com/balance-allowance?signature_type=3&asset_type=COLLATERAL "HTTP/2 200 OK"
2026-09-01 11:49:15,389 [INFO] HTTP Request: GET https://clob.polymarket.com/data/orders?next_cursor=MA%3D%3D "HTTP/2 200 OK"
2026-09-01 11:49:15,672 [INFO] HTTP Request: GET https://clob.polymarket.com/data/trades?next_cursor=MA%3D%3D "HTTP/2 200 OK"
2026-09-01 11:49:15,996 [INFO] HTTP Request: GET https://clob.polymarket.com/balance-allowance?signature_type=3&asset_type=CONDITIONAL&token_id=47615282314988048962232377836944794674273525829834186465285313272647874396868 "HTTP/2 200 OK"
2026-09-01 11:49:16,271 [INFO] HTTP Request: GET https://clob.polymarket.com/balance-allowance?signature_type=3&asset_type=CONDITIONAL&token_id=40226981542536983444919787300677464823405496856507835248518908133696697843012 "HTTP/2 200 OK"
2026-09-01 11:49:16,543 [INFO] HTTP Request: GET https://clob.polymarket.com/balance-allowance?signature_type=3&asset_type=CONDITIONAL&token_id=26476877693084651121621184216158038808086127859124156881728124490165576523451 "HTTP/2 200 OK"
2026-09-01 11:49:16,823 [INFO] HTTP Request: GET https://clob.polymarket.com/balance-allowance?signature_type=3&asset_type=CONDITIONAL&token_id=1209100588465112785678818703438506470483599541553020185250221908965218772872 "HTTP/2 200 OK"
2026-09-01 11:49:17,102 [INFO] HTTP Request: GET https://clob.polymarket.com/balance-allowance?signature_type=3&asset_type=CONDITIONAL&token_id=28954351601602517116578143135946836170457660396784135870164340162656431805667 "HTTP/2 200 OK"
2026-09-01 11:49:17,389 [INFO] HTTP Request: GET https://clob.polymarket.com/balance-allowance?signature_type=3&asset_type=CONDITIONAL&token_id=12484443029638413509502910860782421850450630566092261670297734882124129927945 "HTTP/2 200 OK"
2026-09-01 11:49:17,392 [INFO] 真實帳戶狀態：餘額 $50.93，持有部位 0 個，成交 30 筆
2026-09-01 11:49:27,779 [INFO] HTTP Request: GET https://clob.polymarket.com/balance-allowance?signature_type=3&asset_type=COLLATERAL "HTTP/2 200 OK"
2026-09-01 11:49:28,066 [INFO] HTTP Request: GET https://clob.polymarket.com/data/orders?next_cursor=MA%3D%3D "HTTP/2 200 OK"
2026-09-01 11:49:28,355 [INFO] HTTP Request: GET https://clob.polymarket.com/data/trades?next_cursor=MA%3D%3D "HTTP/2 200 OK"
2026-09-01 11:49:28,689 [INFO] HTTP Request: GET https://clob.polymarket.com/balance-allowance?signature_type=3&asset_type=CONDITIONAL&token_id=47615282314988048962232377836944794674273525829834186465285313272647874396868 "HTTP/2 200 OK"
2026-09-01 11:49:28,974 [INFO] HTTP Request: GET https://clob.polymarket.com/balance-allowance?signature_type=3&asset_type=CONDITIONAL&token_id=40226981542536983444919787300677464823405496856507835248518908133696697843012 "HTTP/2 200 OK"
2026-09-01 11:49:29,255 [INFO] HTTP Request: GET https://clob.polymarket.com/balance-allowance?signature_type=3&asset_type=CONDITIONAL&token_id=26476877693084651121621184216158038808086127859124156881728124490165576523451 "HTTP/2 200 OK"
2026-09-01 11:49:29,547 [INFO] HTTP Request: GET https://clob.polymarket.com/balance-allowance?signature_type=3&asset_type=CONDITIONAL&token_id=1209100588465112785678818703438506470483599541553020185250221908965218772872 "HTTP/2 200 OK"
2026-09-01 11:49:29,833 [INFO] HTTP Request: GET https://clob.polymarket.com/balance-allowance?signature_type=3&asset_type=CONDITIONAL&token_id=28954351601602517116578143135946836170457660396784135870164340162656431805667 "HTTP/2 200 OK"
2026-09-01 11:49:30,129 [INFO] HTTP Request: GET https://clob.polymarket.com/balance-allowance?signature_type=3&asset_type=CONDITIONAL&token_id=12484443029638413509502910860782421850450630566092261670297734882124129927945 "HTTP/2 200 OK"
2026-09-01 11:49:30,133 [INFO] 真實帳戶狀態：餘額 $50.93，持有部位 0 個，成交 30 筆
2026-09-01 11:49:40,512 [INFO] HTTP Request: GET https://clob.polymarket.com/balance-allowance?signature_type=3&asset_type=COLLATERAL "HTTP/2 200 OK"
2026-09-01 11:49:40,787 [INFO] HTTP Request: GET https://clob.polymarket.com/data/orders?next_cursor=MA%3D%3D "HTTP/2 200 OK"
2026-09-01 11:49:41,066 [INFO] HTTP Request: GET https://clob.polymarket.com/data/trades?next_cursor=MA%3D%3D "HTTP/2 200 OK"
2026-09-01 11:49:41,394 [INFO] HTTP Request: GET https://clob.polymarket.com/balance-allowance?signature_type=3&asset_type=CONDITIONAL&token_id=47615282314988048962232377836944794674273525829834186465285313272647874396868 "HTTP/2 200 OK"
2026-09-01 11:49:41,678 [INFO] HTTP Request: GET https://clob.polymarket.com/balance-allowance?signature_type=3&asset_type=CONDITIONAL&token_id=40226981542536983444919787300677464823405496856507835248518908133696697843012 "HTTP/2 200 OK"
2026-09-01 11:49:41,950 [INFO] HTTP Request: GET https://clob.polymarket.com/balance-allowance?signature_type=3&asset_type=CONDITIONAL&token_id=26476877693084651121621184216158038808086127859124156881728124490165576523451 "HTTP/2 200 OK"
2026-09-01 11:49:42,222 [INFO] HTTP Request: GET https://clob.polymarket.com/balance-allowance?signature_type=3&asset_type=CONDITIONAL&token_id=1209100588465112785678818703438506470483599541553020185250221908965218772872 "HTTP/2 200 OK"
2026-09-01 11:49:42,502 [INFO] HTTP Request: GET https://clob.polymarket.com/balance-allowance?signature_type=3&asset_type=CONDITIONAL&token_id=28954351601602517116578143135946836170457660396784135870164340162656431805667 "HTTP/2 200 OK"
2026-09-01 11:49:42,776 [INFO] HTTP Request: GET https://clob.polymarket.com/balance-allowance?signature_type=3&asset_type=CONDITIONAL&token_id=12484443029638413509502910860782421850450630566092261670297734882124129927945 "HTTP/2 200 OK"
2026-09-01 11:49:42,780 [INFO] 真實帳戶狀態：餘額 $50.93，持有部位 0 個，成交 30 筆
2026-09-01 11:49:53,157 [INFO] HTTP Request: GET https://clob.polymarket.com/balance-allowance?signature_type=3&asset_type=COLLATERAL "HTTP/2 200 OK"
2026-09-01 11:49:53,438 [INFO] HTTP Request: GET https://clob.polymarket.com/data/orders?next_cursor=MA%3D%3D "HTTP/2 200 OK"
2026-09-01 11:49:53,721 [INFO] HTTP Request: GET https://clob.polymarket.com/data/trades?next_cursor=MA%3D%3D "HTTP/2 200 OK"
2026-09-01 11:49:54,048 [INFO] HTTP Request: GET https://clob.polymarket.com/balance-allowance?signature_type=3&asset_type=CONDITIONAL&token_id=47615282314988048962232377836944794674273525829834186465285313272647874396868 "HTTP/2 200 OK"
2026-09-01 11:49:54,324 [INFO] HTTP Request: GET https://clob.polymarket.com/balance-allowance?signature_type=3&asset_type=CONDITIONAL&token_id=40226981542536983444919787300677464823405496856507835248518908133696697843012 "HTTP/2 200 OK"
2026-09-01 11:49:54,597 [INFO] HTTP Request: GET https://clob.polymarket.com/balance-allowance?signature_type=3&asset_type=CONDITIONAL&token_id=26476877693084651121621184216158038808086127859124156881728124490165576523451 "HTTP/2 200 OK"
2026-09-01 11:49:54,873 [INFO] HTTP Request: GET https://clob.polymarket.com/balance-allowance?signature_type=3&asset_type=CONDITIONAL&token_id=1209100588465112785678818703438506470483599541553020185250221908965218772872 "HTTP/2 200 OK"
2026-09-01 11:49:55,147 [INFO] HTTP Request: GET https://clob.polymarket.com/balance-allowance?signature_type=3&asset_type=CONDITIONAL&token_id=28954351601602517116578143135946836170457660396784135870164340162656431805667 "HTTP/2 200 OK"
2026-09-01 11:49:55,418 [INFO] HTTP Request: GET https://clob.polymarket.com/balance-allowance?signature_type=3&asset_type=CONDITIONAL&token_id=12484443029638413509502910860782421850450630566092261670297734882124129927945 "HTTP/2 200 OK"
2026-09-01 11:49:55,421 [INFO] 真實帳戶狀態：餘額 $50.93，持有部位 0 個，成交 30 筆
2026-09-01 11:50:05,794 [INFO] HTTP Request: GET https://clob.polymarket.com/balance-allowance?signature_type=3&asset_type=COLLATERAL "HTTP/2 200 OK"
2026-09-01 11:50:06,063 [INFO] HTTP Request: GET https://clob.polymarket.com/data/orders?next_cursor=MA%3D%3D "HTTP/2 200 OK"
2026-09-01 11:50:06,341 [INFO] HTTP Request: GET https://clob.polymarket.com/data/trades?next_cursor=MA%3D%3D "HTTP/2 200 OK"
2026-09-01 11:50:06,662 [INFO] HTTP Request: GET https://clob.polymarket.com/balance-allowance?signature_type=3&asset_type=CONDITIONAL&token_id=57943863669306782178144283301840016735275708897993195729399951880990118580844 "HTTP/2 200 OK"
2026-09-01 11:50:06,933 [INFO] HTTP Request: GET https://clob.polymarket.com/midpoint?token_id=57943863669306782178144283301840016735275708897993195729399951880990118580844 "HTTP/2 200 OK"
2026-09-01 11:50:07,205 [INFO] HTTP Request: GET https://clob.polymarket.com/balance-allowance?signature_type=3&asset_type=CONDITIONAL&token_id=47615282314988048962232377836944794674273525829834186465285313272647874396868 "HTTP/2 200 OK"
2026-09-01 11:50:07,477 [INFO] HTTP Request: GET https://clob.polymarket.com/balance-allowance?signature_type=3&asset_type=CONDITIONAL&token_id=40226981542536983444919787300677464823405496856507835248518908133696697843012 "HTTP/2 200 OK"
2026-09-01 11:50:07,757 [INFO] HTTP Request: GET https://clob.polymarket.com/balance-allowance?signature_type=3&asset_type=CONDITIONAL&token_id=26476877693084651121621184216158038808086127859124156881728124490165576523451 "HTTP/2 200 OK"
2026-09-01 11:50:08,154 [INFO] HTTP Request: GET https://clob.polymarket.com/balance-allowance?signature_type=3&asset_type=CONDITIONAL&token_id=1209100588465112785678818703438506470483599541553020185250221908965218772872 "HTTP/2 200 OK"
2026-09-01 11:50:08,428 [INFO] HTTP Request: GET https://clob.polymarket.com/balance-allowance?signature_type=3&asset_type=CONDITIONAL&token_id=28954351601602517116578143135946836170457660396784135870164340162656431805667 "HTTP/2 200 OK"
2026-09-01 11:50:08,700 [INFO] HTTP Request: GET https://clob.polymarket.com/balance-allowance?signature_type=3&asset_type=CONDITIONAL&token_id=12484443029638413509502910860782421850450630566092261670297734882124129927945 "HTTP/2 200 OK"
2026-09-01 11:50:08,704 [INFO] 真實帳戶狀態：餘額 $49.09，持有部位 1 個，成交 30 筆
2026-09-01 11:50:19,079 [INFO] HTTP Request: GET https://clob.polymarket.com/balance-allowance?signature_type=3&asset_type=COLLATERAL "HTTP/2 200 OK"
2026-09-01 11:50:19,349 [INFO] HTTP Request: GET https://clob.polymarket.com/data/orders?next_cursor=MA%3D%3D "HTTP/2 200 OK"
2026-09-01 11:50:19,635 [INFO] HTTP Request: GET https://clob.polymarket.com/data/trades?next_cursor=MA%3D%3D "HTTP/2 200 OK"
2026-09-01 11:50:19,963 [INFO] HTTP Request: GET https://clob.polymarket.com/balance-allowance?signature_type=3&asset_type=CONDITIONAL&token_id=57943863669306782178144283301840016735275708897993195729399951880990118580844 "HTTP/2 200 OK"
2026-09-01 11:50:20,240 [INFO] HTTP Request: GET https://clob.polymarket.com/midpoint?token_id=57943863669306782178144283301840016735275708897993195729399951880990118580844 "HTTP/2 200 OK"
2026-09-01 11:50:20,513 [INFO] HTTP Request: GET https://clob.polymarket.com/balance-allowance?signature_type=3&asset_type=CONDITIONAL&token_id=47615282314988048962232377836944794674273525829834186465285313272647874396868 "HTTP/2 200 OK"
2026-09-01 11:50:20,783 [INFO] HTTP Request: GET https://clob.polymarket.com/balance-allowance?signature_type=3&asset_type=CONDITIONAL&token_id=40226981542536983444919787300677464823405496856507835248518908133696697843012 "HTTP/2 200 OK"
2026-09-01 11:50:21,053 [INFO] HTTP Request: GET https://clob.polymarket.com/balance-allowance?signature_type=3&asset_type=CONDITIONAL&token_id=26476877693084651121621184216158038808086127859124156881728124490165576523451 "HTTP/2 200 OK"
2026-09-01 11:50:21,326 [INFO] HTTP Request: GET https://clob.polymarket.com/balance-allowance?signature_type=3&asset_type=CONDITIONAL&token_id=1209100588465112785678818703438506470483599541553020185250221908965218772872 "HTTP/2 200 OK"
2026-09-01 11:50:21,606 [INFO] HTTP Request: GET https://clob.polymarket.com/balance-allowance?signature_type=3&asset_type=CONDITIONAL&token_id=28954351601602517116578143135946836170457660396784135870164340162656431805667 "HTTP/2 200 OK"
2026-09-01 11:50:21,877 [INFO] HTTP Request: GET https://clob.polymarket.com/balance-allowance?signature_type=3&asset_type=CONDITIONAL&token_id=12484443029638413509502910860782421850450630566092261670297734882124129927945 "HTTP/2 200 OK"
2026-09-01 11:50:21,881 [INFO] 真實帳戶狀態：餘額 $49.09，持有部位 1 個，成交 30 筆
2026-09-01 11:50:32,245 [INFO] HTTP Request: GET https://clob.polymarket.com/balance-allowance?signature_type=3&asset_type=COLLATERAL "HTTP/2 200 OK"
2026-09-01 11:50:32,521 [INFO] HTTP Request: GET https://clob.polymarket.com/data/orders?next_cursor=MA%3D%3D "HTTP/2 200 OK"
2026-09-01 11:50:32,798 [INFO] HTTP Request: GET https://clob.polymarket.com/data/trades?next_cursor=MA%3D%3D "HTTP/2 200 OK"
2026-09-01 11:50:33,122 [INFO] HTTP Request: GET https://clob.polymarket.com/balance-allowance?signature_type=3&asset_type=CONDITIONAL&token_id=57943863669306782178144283301840016735275708897993195729399951880990118580844 "HTTP/2 200 OK"
2026-09-01 11:50:33,390 [INFO] HTTP Request: GET https://clob.polymarket.com/midpoint?token_id=57943863669306782178144283301840016735275708897993195729399951880990118580844 "HTTP/2 200 OK"
2026-09-01 11:50:33,890 [INFO] HTTP Request: GET https://clob.polymarket.com/balance-allowance?signature_type=3&asset_type=CONDITIONAL&token_id=47615282314988048962232377836944794674273525829834186465285313272647874396868 "HTTP/2 200 OK"
2026-09-01 11:50:34,166 [INFO] HTTP Request: GET https://clob.polymarket.com/balance-allowance?signature_type=3&asset_type=CONDITIONAL&token_id=40226981542536983444919787300677464823405496856507835248518908133696697843012 "HTTP/2 200 OK"
2026-09-01 11:50:34,523 [INFO] HTTP Request: GET https://clob.polymarket.com/balance-allowance?signature_type=3&asset_type=CONDITIONAL&token_id=26476877693084651121621184216158038808086127859124156881728124490165576523451 "HTTP/2 200 OK"
2026-09-01 11:50:34,795 [INFO] HTTP Request: GET https://clob.polymarket.com/balance-allowance?signature_type=3&asset_type=CONDITIONAL&token_id=1209100588465112785678818703438506470483599541553020185250221908965218772872 "HTTP/2 200 OK"
2026-09-01 11:50:35,070 [INFO] HTTP Request: GET https://clob.polymarket.com/balance-allowance?signature_type=3&asset_type=CONDITIONAL&token_id=28954351601602517116578143135946836170457660396784135870164340162656431805667 "HTTP/2 200 OK"
2026-09-01 11:50:35,341 [INFO] HTTP Request: GET https://clob.polymarket.com/balance-allowance?signature_type=3&asset_type=CONDITIONAL&token_id=12484443029638413509502910860782421850450630566092261670297734882124129927945 "HTTP/2 200 OK"
2026-09-01 11:50:35,345 [INFO] 真實帳戶狀態：餘額 $49.09，持有部位 1 個，成交 30 筆
2026-09-01 11:50:45,730 [INFO] HTTP Request: GET https://clob.polymarket.com/balance-allowance?signature_type=3&asset_type=COLLATERAL "HTTP/2 200 OK"
2026-09-01 11:50:46,018 [INFO] HTTP Request: GET https://clob.polymarket.com/data/orders?next_cursor=MA%3D%3D "HTTP/2 200 OK"
2026-09-01 11:50:46,309 [INFO] HTTP Request: GET https://clob.polymarket.com/data/trades?next_cursor=MA%3D%3D "HTTP/2 200 OK"
2026-09-01 11:50:46,641 [INFO] HTTP Request: GET https://clob.polymarket.com/balance-allowance?signature_type=3&asset_type=CONDITIONAL&token_id=57943863669306782178144283301840016735275708897993195729399951880990118580844 "HTTP/2 200 OK"
2026-09-01 11:50:46,918 [INFO] HTTP Request: GET https://clob.polymarket.com/midpoint?token_id=57943863669306782178144283301840016735275708897993195729399951880990118580844 "HTTP/2 200 OK"
2026-09-01 11:50:47,201 [INFO] HTTP Request: GET https://clob.polymarket.com/balance-allowance?signature_type=3&asset_type=CONDITIONAL&token_id=47615282314988048962232377836944794674273525829834186465285313272647874396868 "HTTP/2 200 OK"
2026-09-01 11:50:47,480 [INFO] HTTP Request: GET https://clob.polymarket.com/balance-allowance?signature_type=3&asset_type=CONDITIONAL&token_id=40226981542536983444919787300677464823405496856507835248518908133696697843012 "HTTP/2 200 OK"
2026-09-01 11:50:47,763 [INFO] HTTP Request: GET https://clob.polymarket.com/balance-allowance?signature_type=3&asset_type=CONDITIONAL&token_id=26476877693084651121621184216158038808086127859124156881728124490165576523451 "HTTP/2 200 OK"
2026-09-01 11:50:48,049 [INFO] HTTP Request: GET https://clob.polymarket.com/balance-allowance?signature_type=3&asset_type=CONDITIONAL&token_id=1209100588465112785678818703438506470483599541553020185250221908965218772872 "HTTP/2 200 OK"
2026-09-01 11:50:48,330 [INFO] HTTP Request: GET https://clob.polymarket.com/balance-allowance?signature_type=3&asset_type=CONDITIONAL&token_id=28954351601602517116578143135946836170457660396784135870164340162656431805667 "HTTP/2 200 OK"
2026-09-01 11:50:48,620 [INFO] HTTP Request: GET https://clob.polymarket.com/balance-allowance?signature_type=3&asset_type=CONDITIONAL&token_id=12484443029638413509502910860782421850450630566092261670297734882124129927945 "HTTP/2 200 OK"
2026-09-01 11:50:48,625 [INFO] 真實帳戶狀態：餘額 $49.09，持有部位 1 個，成交 30 筆
2026-09-01 11:50:59,026 [INFO] HTTP Request: GET https://clob.polymarket.com/balance-allowance?signature_type=3&asset_type=COLLATERAL "HTTP/2 200 OK"
2026-09-01 11:50:59,303 [INFO] HTTP Request: GET https://clob.polymarket.com/data/orders?next_cursor=MA%3D%3D "HTTP/2 200 OK"
2026-09-01 11:50:59,579 [INFO] HTTP Request: GET https://clob.polymarket.com/data/trades?next_cursor=MA%3D%3D "HTTP/2 200 OK"
2026-09-01 11:50:59,901 [INFO] HTTP Request: GET https://clob.polymarket.com/balance-allowance?signature_type=3&asset_type=CONDITIONAL&token_id=57943863669306782178144283301840016735275708897993195729399951880990118580844 "HTTP/2 200 OK"
2026-09-01 11:51:00,181 [INFO] HTTP Request: GET https://clob.polymarket.com/midpoint?token_id=57943863669306782178144283301840016735275708897993195729399951880990118580844 "HTTP/2 200 OK"
2026-09-01 11:51:00,458 [INFO] HTTP Request: GET https://clob.polymarket.com/balance-allowance?signature_type=3&asset_type=CONDITIONAL&token_id=47615282314988048962232377836944794674273525829834186465285313272647874396868 "HTTP/2 200 OK"
2026-09-01 11:51:00,729 [INFO] HTTP Request: GET https://clob.polymarket.com/balance-allowance?signature_type=3&asset_type=CONDITIONAL&token_id=40226981542536983444919787300677464823405496856507835248518908133696697843012 "HTTP/2 200 OK"
2026-09-01 11:51:01,001 [INFO] HTTP Request: GET https://clob.polymarket.com/balance-allowance?signature_type=3&asset_type=CONDITIONAL&token_id=26476877693084651121621184216158038808086127859124156881728124490165576523451 "HTTP/2 200 OK"
2026-09-01 11:51:01,273 [INFO] HTTP Request: GET https://clob.polymarket.com/balance-allowance?signature_type=3&asset_type=CONDITIONAL&token_id=1209100588465112785678818703438506470483599541553020185250221908965218772872 "HTTP/2 200 OK"
2026-09-01 11:51:01,544 [INFO] HTTP Request: GET https://clob.polymarket.com/balance-allowance?signature_type=3&asset_type=CONDITIONAL&token_id=28954351601602517116578143135946836170457660396784135870164340162656431805667 "HTTP/2 200 OK"
2026-09-01 11:51:01,829 [INFO] HTTP Request: GET https://clob.polymarket.com/balance-allowance?signature_type=3&asset_type=CONDITIONAL&token_id=12484443029638413509502910860782421850450630566092261670297734882124129927945 "HTTP/2 200 OK"
2026-09-01 11:51:01,832 [INFO] 真實帳戶狀態：餘額 $49.09，持有部位 1 個，成交 30 筆
2026-09-01 11:51:12,231 [INFO] HTTP Request: GET https://clob.polymarket.com/balance-allowance?signature_type=3&asset_type=COLLATERAL "HTTP/2 200 OK"
2026-09-01 11:51:12,502 [INFO] HTTP Request: GET https://clob.polymarket.com/data/orders?next_cursor=MA%3D%3D "HTTP/2 200 OK"
2026-09-01 11:51:12,779 [INFO] HTTP Request: GET https://clob.polymarket.com/data/trades?next_cursor=MA%3D%3D "HTTP/2 200 OK"
2026-09-01 11:51:13,102 [INFO] HTTP Request: GET https://clob.polymarket.com/balance-allowance?signature_type=3&asset_type=CONDITIONAL&token_id=57943863669306782178144283301840016735275708897993195729399951880990118580844 "HTTP/2 200 OK"
2026-09-01 11:51:13,378 [INFO] HTTP Request: GET https://clob.polymarket.com/midpoint?token_id=57943863669306782178144283301840016735275708897993195729399951880990118580844 "HTTP/2 200 OK"
2026-09-01 11:51:13,647 [INFO] HTTP Request: GET https://clob.polymarket.com/balance-allowance?signature_type=3&asset_type=CONDITIONAL&token_id=47615282314988048962232377836944794674273525829834186465285313272647874396868 "HTTP/2 200 OK"
2026-09-01 11:51:13,925 [INFO] HTTP Request: GET https://clob.polymarket.com/balance-allowance?signature_type=3&asset_type=CONDITIONAL&token_id=40226981542536983444919787300677464823405496856507835248518908133696697843012 "HTTP/2 200 OK"
2026-09-01 11:51:14,201 [INFO] HTTP Request: GET https://clob.polymarket.com/balance-allowance?signature_type=3&asset_type=CONDITIONAL&token_id=26476877693084651121621184216158038808086127859124156881728124490165576523451 "HTTP/2 200 OK"
2026-09-01 11:51:14,479 [INFO] HTTP Request: GET https://clob.polymarket.com/balance-allowance?signature_type=3&asset_type=CONDITIONAL&token_id=1209100588465112785678818703438506470483599541553020185250221908965218772872 "HTTP/2 200 OK"
2026-09-01 11:51:14,758 [INFO] HTTP Request: GET https://clob.polymarket.com/balance-allowance?signature_type=3&asset_type=CONDITIONAL&token_id=28954351601602517116578143135946836170457660396784135870164340162656431805667 "HTTP/2 200 OK"
2026-09-01 11:51:15,034 [INFO] HTTP Request: GET https://clob.polymarket.com/balance-allowance?signature_type=3&asset_type=CONDITIONAL&token_id=12484443029638413509502910860782421850450630566092261670297734882124129927945 "HTTP/2 200 OK"
2026-09-01 11:51:15,038 [INFO] 真實帳戶狀態：餘額 $49.09，持有部位 1 個，成交 30 筆
2026-09-01 11:51:25,402 [INFO] HTTP Request: GET https://clob.polymarket.com/balance-allowance?signature_type=3&asset_type=COLLATERAL "HTTP/2 200 OK"
2026-09-01 11:51:25,679 [INFO] HTTP Request: GET https://clob.polymarket.com/data/orders?next_cursor=MA%3D%3D "HTTP/2 200 OK"
2026-09-01 11:51:25,950 [INFO] HTTP Request: GET https://clob.polymarket.com/data/trades?next_cursor=MA%3D%3D "HTTP/2 200 OK"
2026-09-01 11:51:26,276 [INFO] HTTP Request: GET https://clob.polymarket.com/balance-allowance?signature_type=3&asset_type=CONDITIONAL&token_id=57943863669306782178144283301840016735275708897993195729399951880990118580844 "HTTP/2 200 OK"
2026-09-01 11:51:26,547 [INFO] HTTP Request: GET https://clob.polymarket.com/midpoint?token_id=57943863669306782178144283301840016735275708897993195729399951880990118580844 "HTTP/2 200 OK"
2026-09-01 11:51:26,817 [INFO] HTTP Request: GET https://clob.polymarket.com/balance-allowance?signature_type=3&asset_type=CONDITIONAL&token_id=47615282314988048962232377836944794674273525829834186465285313272647874396868 "HTTP/2 200 OK"
2026-09-01 11:51:27,089 [INFO] HTTP Request: GET https://clob.polymarket.com/balance-allowance?signature_type=3&asset_type=CONDITIONAL&token_id=40226981542536983444919787300677464823405496856507835248518908133696697843012 "HTTP/2 200 OK"
2026-09-01 11:51:27,359 [INFO] HTTP Request: GET https://clob.polymarket.com/balance-allowance?signature_type=3&asset_type=CONDITIONAL&token_id=26476877693084651121621184216158038808086127859124156881728124490165576523451 "HTTP/2 200 OK"
2026-09-01 11:51:27,663 [INFO] HTTP Request: GET https://clob.polymarket.com/balance-allowance?signature_type=3&asset_type=CONDITIONAL&token_id=1209100588465112785678818703438506470483599541553020185250221908965218772872 "HTTP/2 200 OK"
2026-09-01 11:51:27,935 [INFO] HTTP Request: GET https://clob.polymarket.com/balance-allowance?signature_type=3&asset_type=CONDITIONAL&token_id=28954351601602517116578143135946836170457660396784135870164340162656431805667 "HTTP/2 200 OK"
2026-09-01 11:51:28,210 [INFO] HTTP Request: GET https://clob.polymarket.com/balance-allowance?signature_type=3&asset_type=CONDITIONAL&token_id=12484443029638413509502910860782421850450630566092261670297734882124129927945 "HTTP/2 200 OK"
2026-09-01 11:51:28,214 [INFO] 真實帳戶狀態：餘額 $49.09，持有部位 1 個，成交 30 筆
2026-09-01 11:51:38,600 [INFO] HTTP Request: GET https://clob.polymarket.com/balance-allowance?signature_type=3&asset_type=COLLATERAL "HTTP/2 200 OK"
2026-09-01 11:51:38,871 [INFO] HTTP Request: GET https://clob.polymarket.com/data/orders?next_cursor=MA%3D%3D "HTTP/2 200 OK"
2026-09-01 11:51:39,149 [INFO] HTTP Request: GET https://clob.polymarket.com/data/trades?next_cursor=MA%3D%3D "HTTP/2 200 OK"
2026-09-01 11:51:39,492 [INFO] HTTP Request: GET https://clob.polymarket.com/balance-allowance?signature_type=3&asset_type=CONDITIONAL&token_id=57943863669306782178144283301840016735275708897993195729399951880990118580844 "HTTP/2 200 OK"
2026-09-01 11:51:39,767 [INFO] HTTP Request: GET https://clob.polymarket.com/midpoint?token_id=57943863669306782178144283301840016735275708897993195729399951880990118580844 "HTTP/2 200 OK"
2026-09-01 11:51:40,035 [INFO] HTTP Request: GET https://clob.polymarket.com/balance-allowance?signature_type=3&asset_type=CONDITIONAL&token_id=47615282314988048962232377836944794674273525829834186465285313272647874396868 "HTTP/2 200 OK"
2026-09-01 11:51:40,309 [INFO] HTTP Request: GET https://clob.polymarket.com/balance-allowance?signature_type=3&asset_type=CONDITIONAL&token_id=40226981542536983444919787300677464823405496856507835248518908133696697843012 "HTTP/2 200 OK"
2026-09-01 11:51:40,586 [INFO] HTTP Request: GET https://clob.polymarket.com/balance-allowance?signature_type=3&asset_type=CONDITIONAL&token_id=26476877693084651121621184216158038808086127859124156881728124490165576523451 "HTTP/2 200 OK"
2026-09-01 11:51:40,858 [INFO] HTTP Request: GET https://clob.polymarket.com/balance-allowance?signature_type=3&asset_type=CONDITIONAL&token_id=1209100588465112785678818703438506470483599541553020185250221908965218772872 "HTTP/2 200 OK"
2026-09-01 11:51:41,139 [INFO] HTTP Request: GET https://clob.polymarket.com/balance-allowance?signature_type=3&asset_type=CONDITIONAL&token_id=28954351601602517116578143135946836170457660396784135870164340162656431805667 "HTTP/2 200 OK"
2026-09-01 11:51:41,412 [INFO] HTTP Request: GET https://clob.polymarket.com/balance-allowance?signature_type=3&asset_type=CONDITIONAL&token_id=12484443029638413509502910860782421850450630566092261670297734882124129927945 "HTTP/2 200 OK"
2026-09-01 11:51:41,419 [INFO] 真實帳戶狀態：餘額 $49.09，持有部位 1 個，成交 30 筆
2026-09-01 11:51:51,777 [INFO] HTTP Request: GET https://clob.polymarket.com/balance-allowance?signature_type=3&asset_type=COLLATERAL "HTTP/2 200 OK"
2026-09-01 11:51:52,291 [INFO] HTTP Request: GET https://clob.polymarket.com/data/orders?next_cursor=MA%3D%3D "HTTP/2 200 OK"
2026-09-01 11:51:52,575 [INFO] HTTP Request: GET https://clob.polymarket.com/data/trades?next_cursor=MA%3D%3D "HTTP/2 200 OK"
2026-09-01 11:51:52,903 [INFO] HTTP Request: GET https://clob.polymarket.com/balance-allowance?signature_type=3&asset_type=CONDITIONAL&token_id=57943863669306782178144283301840016735275708897993195729399951880990118580844 "HTTP/2 200 OK"
2026-09-01 11:51:53,171 [INFO] HTTP Request: GET https://clob.polymarket.com/midpoint?token_id=57943863669306782178144283301840016735275708897993195729399951880990118580844 "HTTP/2 200 OK"
2026-09-01 11:51:53,448 [INFO] HTTP Request: GET https://clob.polymarket.com/balance-allowance?signature_type=3&asset_type=CONDITIONAL&token_id=47615282314988048962232377836944794674273525829834186465285313272647874396868 "HTTP/2 200 OK"
2026-09-01 11:51:53,726 [INFO] HTTP Request: GET https://clob.polymarket.com/balance-allowance?signature_type=3&asset_type=CONDITIONAL&token_id=40226981542536983444919787300677464823405496856507835248518908133696697843012 "HTTP/2 200 OK"
2026-09-01 11:51:53,996 [INFO] HTTP Request: GET https://clob.polymarket.com/balance-allowance?signature_type=3&asset_type=CONDITIONAL&token_id=26476877693084651121621184216158038808086127859124156881728124490165576523451 "HTTP/2 200 OK"
2026-09-01 11:51:54,266 [INFO] HTTP Request: GET https://clob.polymarket.com/balance-allowance?signature_type=3&asset_type=CONDITIONAL&token_id=1209100588465112785678818703438506470483599541553020185250221908965218772872 "HTTP/2 200 OK"
2026-09-01 11:51:54,536 [INFO] HTTP Request: GET https://clob.polymarket.com/balance-allowance?signature_type=3&asset_type=CONDITIONAL&token_id=28954351601602517116578143135946836170457660396784135870164340162656431805667 "HTTP/2 200 OK"
2026-09-01 11:51:54,806 [INFO] HTTP Request: GET https://clob.polymarket.com/balance-allowance?signature_type=3&asset_type=CONDITIONAL&token_id=12484443029638413509502910860782421850450630566092261670297734882124129927945 "HTTP/2 200 OK"
2026-09-01 11:51:54,809 [INFO] 真實帳戶狀態：餘額 $49.09，持有部位 1 個，成交 30 筆
2026-09-01 11:52:05,198 [INFO] HTTP Request: GET https://clob.polymarket.com/balance-allowance?signature_type=3&asset_type=COLLATERAL "HTTP/2 200 OK"
2026-09-01 11:52:05,474 [INFO] HTTP Request: GET https://clob.polymarket.com/data/orders?next_cursor=MA%3D%3D "HTTP/2 200 OK"
2026-09-01 11:52:05,766 [INFO] HTTP Request: GET https://clob.polymarket.com/data/trades?next_cursor=MA%3D%3D "HTTP/2 200 OK"
2026-09-01 11:52:06,507 [INFO] HTTP Request: GET https://clob.polymarket.com/balance-allowance?signature_type=3&asset_type=CONDITIONAL&token_id=57943863669306782178144283301840016735275708897993195729399951880990118580844 "HTTP/2 200 OK"
2026-09-01 11:52:06,805 [INFO] HTTP Request: GET https://clob.polymarket.com/midpoint?token_id=57943863669306782178144283301840016735275708897993195729399951880990118580844 "HTTP/2 200 OK"
2026-09-01 11:52:07,083 [INFO] HTTP Request: GET https://clob.polymarket.com/balance-allowance?signature_type=3&asset_type=CONDITIONAL&token_id=47615282314988048962232377836944794674273525829834186465285313272647874396868 "HTTP/2 200 OK"
2026-09-01 11:52:07,379 [INFO] HTTP Request: GET https://clob.polymarket.com/balance-allowance?signature_type=3&asset_type=CONDITIONAL&token_id=40226981542536983444919787300677464823405496856507835248518908133696697843012 "HTTP/2 200 OK"
2026-09-01 11:52:07,656 [INFO] HTTP Request: GET https://clob.polymarket.com/balance-allowance?signature_type=3&asset_type=CONDITIONAL&token_id=26476877693084651121621184216158038808086127859124156881728124490165576523451 "HTTP/2 200 OK"
2026-09-01 11:52:07,936 [INFO] HTTP Request: GET https://clob.polymarket.com/balance-allowance?signature_type=3&asset_type=CONDITIONAL&token_id=1209100588465112785678818703438506470483599541553020185250221908965218772872 "HTTP/2 200 OK"
2026-09-01 11:52:08,226 [INFO] HTTP Request: GET https://clob.polymarket.com/balance-allowance?signature_type=3&asset_type=CONDITIONAL&token_id=28954351601602517116578143135946836170457660396784135870164340162656431805667 "HTTP/2 200 OK"
2026-09-01 11:52:08,505 [INFO] HTTP Request: GET https://clob.polymarket.com/balance-allowance?signature_type=3&asset_type=CONDITIONAL&token_id=12484443029638413509502910860782421850450630566092261670297734882124129927945 "HTTP/2 200 OK"
2026-09-01 11:52:08,512 [INFO] 真實帳戶狀態：餘額 $49.09，持有部位 1 個，成交 30 筆
2026-09-01 11:52:18,890 [INFO] HTTP Request: GET https://clob.polymarket.com/balance-allowance?signature_type=3&asset_type=COLLATERAL "HTTP/2 200 OK"
2026-09-01 11:52:19,163 [INFO] HTTP Request: GET https://clob.polymarket.com/data/orders?next_cursor=MA%3D%3D "HTTP/2 200 OK"
2026-09-01 11:52:19,450 [INFO] HTTP Request: GET https://clob.polymarket.com/data/trades?next_cursor=MA%3D%3D "HTTP/2 200 OK"
2026-09-01 11:52:19,975 [INFO] HTTP Request: GET https://clob.polymarket.com/balance-allowance?signature_type=3&asset_type=CONDITIONAL&token_id=57943863669306782178144283301840016735275708897993195729399951880990118580844 "HTTP/2 200 OK"
2026-09-01 11:52:20,314 [INFO] HTTP Request: GET https://clob.polymarket.com/midpoint?token_id=57943863669306782178144283301840016735275708897993195729399951880990118580844 "HTTP/2 200 OK"
2026-09-01 11:52:20,587 [INFO] HTTP Request: GET https://clob.polymarket.com/balance-allowance?signature_type=3&asset_type=CONDITIONAL&token_id=47615282314988048962232377836944794674273525829834186465285313272647874396868 "HTTP/2 200 OK"
2026-09-01 11:52:20,865 [INFO] HTTP Request: GET https://clob.polymarket.com/balance-allowance?signature_type=3&asset_type=CONDITIONAL&token_id=40226981542536983444919787300677464823405496856507835248518908133696697843012 "HTTP/2 200 OK"
2026-09-01 11:52:21,146 [INFO] HTTP Request: GET https://clob.polymarket.com/balance-allowance?signature_type=3&asset_type=CONDITIONAL&token_id=26476877693084651121621184216158038808086127859124156881728124490165576523451 "HTTP/2 200 OK"
2026-09-01 11:52:21,428 [INFO] HTTP Request: GET https://clob.polymarket.com/balance-allowance?signature_type=3&asset_type=CONDITIONAL&token_id=1209100588465112785678818703438506470483599541553020185250221908965218772872 "HTTP/2 200 OK"
2026-09-01 11:52:21,744 [INFO] HTTP Request: GET https://clob.polymarket.com/balance-allowance?signature_type=3&asset_type=CONDITIONAL&token_id=28954351601602517116578143135946836170457660396784135870164340162656431805667 "HTTP/2 200 OK"
2026-09-01 11:52:22,020 [INFO] HTTP Request: GET https://clob.polymarket.com/balance-allowance?signature_type=3&asset_type=CONDITIONAL&token_id=12484443029638413509502910860782421850450630566092261670297734882124129927945 "HTTP/2 200 OK"
2026-09-01 11:52:22,025 [INFO] 真實帳戶狀態：餘額 $49.09，持有部位 1 個，成交 30 筆
2026-09-01 11:52:32,390 [INFO] HTTP Request: GET https://clob.polymarket.com/balance-allowance?signature_type=3&asset_type=COLLATERAL "HTTP/2 200 OK"
2026-09-01 11:52:32,661 [INFO] HTTP Request: GET https://clob.polymarket.com/data/orders?next_cursor=MA%3D%3D "HTTP/2 200 OK"
2026-09-01 11:52:32,939 [INFO] HTTP Request: GET https://clob.polymarket.com/data/trades?next_cursor=MA%3D%3D "HTTP/2 200 OK"
2026-09-01 11:52:33,270 [INFO] HTTP Request: GET https://clob.polymarket.com/balance-allowance?signature_type=3&asset_type=CONDITIONAL&token_id=57943863669306782178144283301840016735275708897993195729399951880990118580844 "HTTP/2 200 OK"
2026-09-01 11:52:33,540 [INFO] HTTP Request: GET https://clob.polymarket.com/midpoint?token_id=57943863669306782178144283301840016735275708897993195729399951880990118580844 "HTTP/2 200 OK"
2026-09-01 11:52:33,812 [INFO] HTTP Request: GET https://clob.polymarket.com/balance-allowance?signature_type=3&asset_type=CONDITIONAL&token_id=47615282314988048962232377836944794674273525829834186465285313272647874396868 "HTTP/2 200 OK"
2026-09-01 11:52:34,085 [INFO] HTTP Request: GET https://clob.polymarket.com/balance-allowance?signature_type=3&asset_type=CONDITIONAL&token_id=40226981542536983444919787300677464823405496856507835248518908133696697843012 "HTTP/2 200 OK"
2026-09-01 11:52:34,358 [INFO] HTTP Request: GET https://clob.polymarket.com/balance-allowance?signature_type=3&asset_type=CONDITIONAL&token_id=26476877693084651121621184216158038808086127859124156881728124490165576523451 "HTTP/2 200 OK"
2026-09-01 11:52:34,629 [INFO] HTTP Request: GET https://clob.polymarket.com/balance-allowance?signature_type=3&asset_type=CONDITIONAL&token_id=1209100588465112785678818703438506470483599541553020185250221908965218772872 "HTTP/2 200 OK"
2026-09-01 11:52:34,906 [INFO] HTTP Request: GET https://clob.polymarket.com/balance-allowance?signature_type=3&asset_type=CONDITIONAL&token_id=28954351601602517116578143135946836170457660396784135870164340162656431805667 "HTTP/2 200 OK"
2026-09-01 11:52:35,179 [INFO] HTTP Request: GET https://clob.polymarket.com/balance-allowance?signature_type=3&asset_type=CONDITIONAL&token_id=12484443029638413509502910860782421850450630566092261670297734882124129927945 "HTTP/2 200 OK"
2026-09-01 11:52:35,185 [INFO] 真實帳戶狀態：餘額 $49.09，持有部位 1 個，成交 30 筆
2026-09-01 11:52:45,571 [INFO] HTTP Request: GET https://clob.polymarket.com/balance-allowance?signature_type=3&asset_type=COLLATERAL "HTTP/2 200 OK"
2026-09-01 11:52:45,843 [INFO] HTTP Request: GET https://clob.polymarket.com/data/orders?next_cursor=MA%3D%3D "HTTP/2 200 OK"
2026-09-01 11:52:46,129 [INFO] HTTP Request: GET https://clob.polymarket.com/data/trades?next_cursor=MA%3D%3D "HTTP/2 200 OK"
2026-09-01 11:52:46,455 [INFO] HTTP Request: GET https://clob.polymarket.com/balance-allowance?signature_type=3&asset_type=CONDITIONAL&token_id=57943863669306782178144283301840016735275708897993195729399951880990118580844 "HTTP/2 200 OK"
2026-09-01 11:52:46,731 [INFO] HTTP Request: GET https://clob.polymarket.com/midpoint?token_id=57943863669306782178144283301840016735275708897993195729399951880990118580844 "HTTP/2 200 OK"
2026-09-01 11:52:47,009 [INFO] HTTP Request: GET https://clob.polymarket.com/balance-allowance?signature_type=3&asset_type=CONDITIONAL&token_id=47615282314988048962232377836944794674273525829834186465285313272647874396868 "HTTP/2 200 OK"
2026-09-01 11:52:47,285 [INFO] HTTP Request: GET https://clob.polymarket.com/balance-allowance?signature_type=3&asset_type=CONDITIONAL&token_id=40226981542536983444919787300677464823405496856507835248518908133696697843012 "HTTP/2 200 OK"
2026-09-01 11:52:47,555 [INFO] HTTP Request: GET https://clob.polymarket.com/balance-allowance?signature_type=3&asset_type=CONDITIONAL&token_id=26476877693084651121621184216158038808086127859124156881728124490165576523451 "HTTP/2 200 OK"
2026-09-01 11:52:47,826 [INFO] HTTP Request: GET https://clob.polymarket.com/balance-allowance?signature_type=3&asset_type=CONDITIONAL&token_id=1209100588465112785678818703438506470483599541553020185250221908965218772872 "HTTP/2 200 OK"
2026-09-01 11:52:48,102 [INFO] HTTP Request: GET https://clob.polymarket.com/balance-allowance?signature_type=3&asset_type=CONDITIONAL&token_id=28954351601602517116578143135946836170457660396784135870164340162656431805667 "HTTP/2 200 OK"
2026-09-01 11:52:48,374 [INFO] HTTP Request: GET https://clob.polymarket.com/balance-allowance?signature_type=3&asset_type=CONDITIONAL&token_id=12484443029638413509502910860782421850450630566092261670297734882124129927945 "HTTP/2 200 OK"
2026-09-01 11:52:48,379 [INFO] 真實帳戶狀態：餘額 $49.09，持有部位 1 個，成交 30 筆
2026-09-01 11:52:58,763 [INFO] HTTP Request: GET https://clob.polymarket.com/balance-allowance?signature_type=3&asset_type=COLLATERAL "HTTP/2 200 OK"
2026-09-01 11:52:59,041 [INFO] HTTP Request: GET https://clob.polymarket.com/data/orders?next_cursor=MA%3D%3D "HTTP/2 200 OK"
2026-09-01 11:52:59,327 [INFO] HTTP Request: GET https://clob.polymarket.com/data/trades?next_cursor=MA%3D%3D "HTTP/2 200 OK"
2026-09-01 11:52:59,670 [INFO] HTTP Request: GET https://clob.polymarket.com/balance-allowance?signature_type=3&asset_type=CONDITIONAL&token_id=57943863669306782178144283301840016735275708897993195729399951880990118580844 "HTTP/2 200 OK"
2026-09-01 11:52:59,957 [INFO] HTTP Request: GET https://clob.polymarket.com/midpoint?token_id=57943863669306782178144283301840016735275708897993195729399951880990118580844 "HTTP/2 200 OK"
2026-09-01 11:53:00,231 [INFO] HTTP Request: GET https://clob.polymarket.com/balance-allowance?signature_type=3&asset_type=CONDITIONAL&token_id=47615282314988048962232377836944794674273525829834186465285313272647874396868 "HTTP/2 200 OK"
2026-09-01 11:53:00,514 [INFO] HTTP Request: GET https://clob.polymarket.com/balance-allowance?signature_type=3&asset_type=CONDITIONAL&token_id=40226981542536983444919787300677464823405496856507835248518908133696697843012 "HTTP/2 200 OK"
2026-09-01 11:53:00,793 [INFO] HTTP Request: GET https://clob.polymarket.com/balance-allowance?signature_type=3&asset_type=CONDITIONAL&token_id=26476877693084651121621184216158038808086127859124156881728124490165576523451 "HTTP/2 200 OK"
2026-09-01 11:53:01,080 [INFO] HTTP Request: GET https://clob.polymarket.com/balance-allowance?signature_type=3&asset_type=CONDITIONAL&token_id=1209100588465112785678818703438506470483599541553020185250221908965218772872 "HTTP/2 200 OK"
2026-09-01 11:53:01,369 [INFO] HTTP Request: GET https://clob.polymarket.com/balance-allowance?signature_type=3&asset_type=CONDITIONAL&token_id=28954351601602517116578143135946836170457660396784135870164340162656431805667 "HTTP/2 200 OK"
2026-09-01 11:53:01,644 [INFO] HTTP Request: GET https://clob.polymarket.com/balance-allowance?signature_type=3&asset_type=CONDITIONAL&token_id=12484443029638413509502910860782421850450630566092261670297734882124129927945 "HTTP/2 200 OK"
2026-09-01 11:53:01,649 [INFO] 真實帳戶狀態：餘額 $49.09，持有部位 1 個，成交 30 筆
2026-09-01 11:53:12,014 [INFO] HTTP Request: GET https://clob.polymarket.com/balance-allowance?signature_type=3&asset_type=COLLATERAL "HTTP/2 200 OK"
2026-09-01 11:53:12,283 [INFO] HTTP Request: GET https://clob.polymarket.com/data/orders?next_cursor=MA%3D%3D "HTTP/2 200 OK"
2026-09-01 11:53:12,559 [INFO] HTTP Request: GET https://clob.polymarket.com/data/trades?next_cursor=MA%3D%3D "HTTP/2 200 OK"
2026-09-01 11:53:12,887 [INFO] HTTP Request: GET https://clob.polymarket.com/balance-allowance?signature_type=3&asset_type=CONDITIONAL&token_id=57943863669306782178144283301840016735275708897993195729399951880990118580844 "HTTP/2 200 OK"
2026-09-01 11:53:13,160 [INFO] HTTP Request: GET https://clob.polymarket.com/midpoint?token_id=57943863669306782178144283301840016735275708897993195729399951880990118580844 "HTTP/2 200 OK"
2026-09-01 11:53:13,432 [INFO] HTTP Request: GET https://clob.polymarket.com/balance-allowance?signature_type=3&asset_type=CONDITIONAL&token_id=47615282314988048962232377836944794674273525829834186465285313272647874396868 "HTTP/2 200 OK"
2026-09-01 11:53:13,710 [INFO] HTTP Request: GET https://clob.polymarket.com/balance-allowance?signature_type=3&asset_type=CONDITIONAL&token_id=40226981542536983444919787300677464823405496856507835248518908133696697843012 "HTTP/2 200 OK"
2026-09-01 11:53:13,985 [INFO] HTTP Request: GET https://clob.polymarket.com/balance-allowance?signature_type=3&asset_type=CONDITIONAL&token_id=26476877693084651121621184216158038808086127859124156881728124490165576523451 "HTTP/2 200 OK"
2026-09-01 11:53:14,262 [INFO] HTTP Request: GET https://clob.polymarket.com/balance-allowance?signature_type=3&asset_type=CONDITIONAL&token_id=1209100588465112785678818703438506470483599541553020185250221908965218772872 "HTTP/2 200 OK"
2026-09-01 11:53:14,536 [INFO] HTTP Request: GET https://clob.polymarket.com/balance-allowance?signature_type=3&asset_type=CONDITIONAL&token_id=28954351601602517116578143135946836170457660396784135870164340162656431805667 "HTTP/2 200 OK"
2026-09-01 11:53:14,809 [INFO] HTTP Request: GET https://clob.polymarket.com/balance-allowance?signature_type=3&asset_type=CONDITIONAL&token_id=12484443029638413509502910860782421850450630566092261670297734882124129927945 "HTTP/2 200 OK"
2026-09-01 11:53:14,814 [INFO] 真實帳戶狀態：餘額 $49.09，持有部位 1 個，成交 30 筆
2026-09-01 11:53:25,207 [INFO] HTTP Request: GET https://clob.polymarket.com/balance-allowance?signature_type=3&asset_type=COLLATERAL "HTTP/2 200 OK"
2026-09-01 11:53:25,479 [INFO] HTTP Request: GET https://clob.polymarket.com/data/orders?next_cursor=MA%3D%3D "HTTP/2 200 OK"
2026-09-01 11:53:25,760 [INFO] HTTP Request: GET https://clob.polymarket.com/data/trades?next_cursor=MA%3D%3D "HTTP/2 200 OK"
2026-09-01 11:53:26,086 [INFO] HTTP Request: GET https://clob.polymarket.com/balance-allowance?signature_type=3&asset_type=CONDITIONAL&token_id=57943863669306782178144283301840016735275708897993195729399951880990118580844 "HTTP/2 200 OK"
2026-09-01 11:53:26,360 [INFO] HTTP Request: GET https://clob.polymarket.com/midpoint?token_id=57943863669306782178144283301840016735275708897993195729399951880990118580844 "HTTP/2 200 OK"
2026-09-01 11:53:26,708 [INFO] HTTP Request: GET https://clob.polymarket.com/balance-allowance?signature_type=3&asset_type=CONDITIONAL&token_id=47615282314988048962232377836944794674273525829834186465285313272647874396868 "HTTP/2 200 OK"
2026-09-01 11:53:26,977 [INFO] HTTP Request: GET https://clob.polymarket.com/balance-allowance?signature_type=3&asset_type=CONDITIONAL&token_id=40226981542536983444919787300677464823405496856507835248518908133696697843012 "HTTP/2 200 OK"
2026-09-01 11:53:27,254 [INFO] HTTP Request: GET https://clob.polymarket.com/balance-allowance?signature_type=3&asset_type=CONDITIONAL&token_id=26476877693084651121621184216158038808086127859124156881728124490165576523451 "HTTP/2 200 OK"
2026-09-01 11:53:27,528 [INFO] HTTP Request: GET https://clob.polymarket.com/balance-allowance?signature_type=3&asset_type=CONDITIONAL&token_id=1209100588465112785678818703438506470483599541553020185250221908965218772872 "HTTP/2 200 OK"
2026-09-01 11:53:27,800 [INFO] HTTP Request: GET https://clob.polymarket.com/balance-allowance?signature_type=3&asset_type=CONDITIONAL&token_id=28954351601602517116578143135946836170457660396784135870164340162656431805667 "HTTP/2 200 OK"
2026-09-01 11:53:28,097 [INFO] HTTP Request: GET https://clob.polymarket.com/balance-allowance?signature_type=3&asset_type=CONDITIONAL&token_id=12484443029638413509502910860782421850450630566092261670297734882124129927945 "HTTP/2 200 OK"
2026-09-01 11:53:28,100 [INFO] 真實帳戶狀態：餘額 $49.09，持有部位 1 個，成交 30 筆
2026-09-01 11:53:38,512 [INFO] HTTP Request: GET https://clob.polymarket.com/balance-allowance?signature_type=3&asset_type=COLLATERAL "HTTP/2 200 OK"
2026-09-01 11:53:38,807 [INFO] HTTP Request: GET https://clob.polymarket.com/data/orders?next_cursor=MA%3D%3D "HTTP/2 200 OK"
2026-09-01 11:53:39,096 [INFO] HTTP Request: GET https://clob.polymarket.com/data/trades?next_cursor=MA%3D%3D "HTTP/2 200 OK"
2026-09-01 11:53:39,436 [INFO] HTTP Request: GET https://clob.polymarket.com/balance-allowance?signature_type=3&asset_type=CONDITIONAL&token_id=57943863669306782178144283301840016735275708897993195729399951880990118580844 "HTTP/2 200 OK"
2026-09-01 11:53:39,712 [INFO] HTTP Request: GET https://clob.polymarket.com/midpoint?token_id=57943863669306782178144283301840016735275708897993195729399951880990118580844 "HTTP/2 200 OK"
2026-09-01 11:53:39,998 [INFO] HTTP Request: GET https://clob.polymarket.com/balance-allowance?signature_type=3&asset_type=CONDITIONAL&token_id=47615282314988048962232377836944794674273525829834186465285313272647874396868 "HTTP/2 200 OK"
2026-09-01 11:53:40,285 [INFO] HTTP Request: GET https://clob.polymarket.com/balance-allowance?signature_type=3&asset_type=CONDITIONAL&token_id=40226981542536983444919787300677464823405496856507835248518908133696697843012 "HTTP/2 200 OK"
2026-09-01 11:53:40,571 [INFO] HTTP Request: GET https://clob.polymarket.com/balance-allowance?signature_type=3&asset_type=CONDITIONAL&token_id=26476877693084651121621184216158038808086127859124156881728124490165576523451 "HTTP/2 200 OK"
2026-09-01 11:53:40,990 [INFO] HTTP Request: GET https://clob.polymarket.com/balance-allowance?signature_type=3&asset_type=CONDITIONAL&token_id=1209100588465112785678818703438506470483599541553020185250221908965218772872 "HTTP/2 200 OK"
2026-09-01 11:53:41,379 [INFO] HTTP Request: GET https://clob.polymarket.com/balance-allowance?signature_type=3&asset_type=CONDITIONAL&token_id=28954351601602517116578143135946836170457660396784135870164340162656431805667 "HTTP/2 200 OK"
2026-09-01 11:53:41,673 [INFO] HTTP Request: GET https://clob.polymarket.com/balance-allowance?signature_type=3&asset_type=CONDITIONAL&token_id=12484443029638413509502910860782421850450630566092261670297734882124129927945 "HTTP/2 200 OK"
2026-09-01 11:53:41,680 [INFO] 真實帳戶狀態：餘額 $49.09，持有部位 1 個，成交 30 筆
2026-09-01 11:53:52,050 [INFO] HTTP Request: GET https://clob.polymarket.com/balance-allowance?signature_type=3&asset_type=COLLATERAL "HTTP/2 200 OK"
2026-09-01 11:53:52,331 [INFO] HTTP Request: GET https://clob.polymarket.com/data/orders?next_cursor=MA%3D%3D "HTTP/2 200 OK"
2026-09-01 11:53:52,624 [INFO] HTTP Request: GET https://clob.polymarket.com/data/trades?next_cursor=MA%3D%3D "HTTP/2 200 OK"
2026-09-01 11:53:52,962 [INFO] HTTP Request: GET https://clob.polymarket.com/balance-allowance?signature_type=3&asset_type=CONDITIONAL&token_id=57943863669306782178144283301840016735275708897993195729399951880990118580844 "HTTP/2 200 OK"
2026-09-01 11:53:53,238 [INFO] HTTP Request: GET https://clob.polymarket.com/midpoint?token_id=57943863669306782178144283301840016735275708897993195729399951880990118580844 "HTTP/2 200 OK"
2026-09-01 11:53:53,519 [INFO] HTTP Request: GET https://clob.polymarket.com/balance-allowance?signature_type=3&asset_type=CONDITIONAL&token_id=47615282314988048962232377836944794674273525829834186465285313272647874396868 "HTTP/2 200 OK"
2026-09-01 11:53:53,808 [INFO] HTTP Request: GET https://clob.polymarket.com/balance-allowance?signature_type=3&asset_type=CONDITIONAL&token_id=40226981542536983444919787300677464823405496856507835248518908133696697843012 "HTTP/2 200 OK"
2026-09-01 11:53:54,095 [INFO] HTTP Request: GET https://clob.polymarket.com/balance-allowance?signature_type=3&asset_type=CONDITIONAL&token_id=26476877693084651121621184216158038808086127859124156881728124490165576523451 "HTTP/2 200 OK"
2026-09-01 11:53:54,382 [INFO] HTTP Request: GET https://clob.polymarket.com/balance-allowance?signature_type=3&asset_type=CONDITIONAL&token_id=1209100588465112785678818703438506470483599541553020185250221908965218772872 "HTTP/2 200 OK"
2026-09-01 11:53:54,661 [INFO] HTTP Request: GET https://clob.polymarket.com/balance-allowance?signature_type=3&asset_type=CONDITIONAL&token_id=28954351601602517116578143135946836170457660396784135870164340162656431805667 "HTTP/2 200 OK"
2026-09-01 11:53:54,940 [INFO] HTTP Request: GET https://clob.polymarket.com/balance-allowance?signature_type=3&asset_type=CONDITIONAL&token_id=12484443029638413509502910860782421850450630566092261670297734882124129927945 "HTTP/2 200 OK"
2026-09-01 11:53:54,944 [INFO] 真實帳戶狀態：餘額 $49.09，持有部位 1 個，成交 30 筆
2026-09-01 11:54:05,327 [INFO] HTTP Request: GET https://clob.polymarket.com/balance-allowance?signature_type=3&asset_type=COLLATERAL "HTTP/2 200 OK"
2026-09-01 11:54:05,600 [INFO] HTTP Request: GET https://clob.polymarket.com/data/orders?next_cursor=MA%3D%3D "HTTP/2 200 OK"
2026-09-01 11:54:05,872 [INFO] HTTP Request: GET https://clob.polymarket.com/data/trades?next_cursor=MA%3D%3D "HTTP/2 200 OK"
2026-09-01 11:54:06,201 [INFO] HTTP Request: GET https://clob.polymarket.com/balance-allowance?signature_type=3&asset_type=CONDITIONAL&token_id=57943863669306782178144283301840016735275708897993195729399951880990118580844 "HTTP/2 200 OK"
2026-09-01 11:54:06,475 [INFO] HTTP Request: GET https://clob.polymarket.com/midpoint?token_id=57943863669306782178144283301840016735275708897993195729399951880990118580844 "HTTP/2 200 OK"
2026-09-01 11:54:06,747 [INFO] HTTP Request: GET https://clob.polymarket.com/balance-allowance?signature_type=3&asset_type=CONDITIONAL&token_id=47615282314988048962232377836944794674273525829834186465285313272647874396868 "HTTP/2 200 OK"
2026-09-01 11:54:07,019 [INFO] HTTP Request: GET https://clob.polymarket.com/balance-allowance?signature_type=3&asset_type=CONDITIONAL&token_id=40226981542536983444919787300677464823405496856507835248518908133696697843012 "HTTP/2 200 OK"
2026-09-01 11:54:07,296 [INFO] HTTP Request: GET https://clob.polymarket.com/balance-allowance?signature_type=3&asset_type=CONDITIONAL&token_id=26476877693084651121621184216158038808086127859124156881728124490165576523451 "HTTP/2 200 OK"
2026-09-01 11:54:07,566 [INFO] HTTP Request: GET https://clob.polymarket.com/balance-allowance?signature_type=3&asset_type=CONDITIONAL&token_id=1209100588465112785678818703438506470483599541553020185250221908965218772872 "HTTP/2 200 OK"
2026-09-01 11:54:07,837 [INFO] HTTP Request: GET https://clob.polymarket.com/balance-allowance?signature_type=3&asset_type=CONDITIONAL&token_id=28954351601602517116578143135946836170457660396784135870164340162656431805667 "HTTP/2 200 OK"
2026-09-01 11:54:08,112 [INFO] HTTP Request: GET https://clob.polymarket.com/balance-allowance?signature_type=3&asset_type=CONDITIONAL&token_id=12484443029638413509502910860782421850450630566092261670297734882124129927945 "HTTP/2 200 OK"
2026-09-01 11:54:08,116 [INFO] 真實帳戶狀態：餘額 $49.09，持有部位 1 個，成交 30 筆
2026-09-01 11:54:18,476 [INFO] HTTP Request: GET https://clob.polymarket.com/balance-allowance?signature_type=3&asset_type=COLLATERAL "HTTP/2 200 OK"
2026-09-01 11:54:18,751 [INFO] HTTP Request: GET https://clob.polymarket.com/data/orders?next_cursor=MA%3D%3D "HTTP/2 200 OK"
2026-09-01 11:54:19,043 [INFO] HTTP Request: GET https://clob.polymarket.com/data/trades?next_cursor=MA%3D%3D "HTTP/2 200 OK"
2026-09-01 11:54:19,787 [INFO] HTTP Request: GET https://clob.polymarket.com/balance-allowance?signature_type=3&asset_type=CONDITIONAL&token_id=73762761860659734030891197316041785328834920454117099289556533947788426778871 "HTTP/2 200 OK"
2026-09-01 11:54:20,056 [INFO] HTTP Request: GET https://clob.polymarket.com/midpoint?token_id=73762761860659734030891197316041785328834920454117099289556533947788426778871 "HTTP/2 200 OK"
2026-09-01 11:54:20,325 [INFO] HTTP Request: GET https://clob.polymarket.com/balance-allowance?signature_type=3&asset_type=CONDITIONAL&token_id=57943863669306782178144283301840016735275708897993195729399951880990118580844 "HTTP/2 200 OK"
2026-09-01 11:54:20,591 [INFO] HTTP Request: GET https://clob.polymarket.com/midpoint?token_id=57943863669306782178144283301840016735275708897993195729399951880990118580844 "HTTP/2 200 OK"
2026-09-01 11:54:20,864 [INFO] HTTP Request: GET https://clob.polymarket.com/balance-allowance?signature_type=3&asset_type=CONDITIONAL&token_id=47615282314988048962232377836944794674273525829834186465285313272647874396868 "HTTP/2 200 OK"
2026-09-01 11:54:21,156 [INFO] HTTP Request: GET https://clob.polymarket.com/balance-allowance?signature_type=3&asset_type=CONDITIONAL&token_id=40226981542536983444919787300677464823405496856507835248518908133696697843012 "HTTP/2 200 OK"
2026-09-01 11:54:21,428 [INFO] HTTP Request: GET https://clob.polymarket.com/balance-allowance?signature_type=3&asset_type=CONDITIONAL&token_id=26476877693084651121621184216158038808086127859124156881728124490165576523451 "HTTP/2 200 OK"
2026-09-01 11:54:21,702 [INFO] HTTP Request: GET https://clob.polymarket.com/balance-allowance?signature_type=3&asset_type=CONDITIONAL&token_id=1209100588465112785678818703438506470483599541553020185250221908965218772872 "HTTP/2 200 OK"
2026-09-01 11:54:21,972 [INFO] HTTP Request: GET https://clob.polymarket.com/balance-allowance?signature_type=3&asset_type=CONDITIONAL&token_id=28954351601602517116578143135946836170457660396784135870164340162656431805667 "HTTP/2 200 OK"
2026-09-01 11:54:21,978 [INFO] 真實帳戶狀態：餘額 $46.35，持有部位 2 個，成交 30 筆
2026-09-01 11:54:32,373 [INFO] HTTP Request: GET https://clob.polymarket.com/balance-allowance?signature_type=3&asset_type=COLLATERAL "HTTP/2 200 OK"
2026-09-01 11:54:32,646 [INFO] HTTP Request: GET https://clob.polymarket.com/data/orders?next_cursor=MA%3D%3D "HTTP/2 200 OK"
2026-09-01 11:54:32,925 [INFO] HTTP Request: GET https://clob.polymarket.com/data/trades?next_cursor=MA%3D%3D "HTTP/2 200 OK"
2026-09-01 11:54:33,250 [INFO] HTTP Request: GET https://clob.polymarket.com/balance-allowance?signature_type=3&asset_type=CONDITIONAL&token_id=73762761860659734030891197316041785328834920454117099289556533947788426778871 "HTTP/2 200 OK"
2026-09-01 11:54:33,522 [INFO] HTTP Request: GET https://clob.polymarket.com/midpoint?token_id=73762761860659734030891197316041785328834920454117099289556533947788426778871 "HTTP/2 200 OK"
2026-09-01 11:54:33,794 [INFO] HTTP Request: GET https://clob.polymarket.com/balance-allowance?signature_type=3&asset_type=CONDITIONAL&token_id=57943863669306782178144283301840016735275708897993195729399951880990118580844 "HTTP/2 200 OK"
2026-09-01 11:54:34,063 [INFO] HTTP Request: GET https://clob.polymarket.com/midpoint?token_id=57943863669306782178144283301840016735275708897993195729399951880990118580844 "HTTP/2 200 OK"
2026-09-01 11:54:34,332 [INFO] HTTP Request: GET https://clob.polymarket.com/balance-allowance?signature_type=3&asset_type=CONDITIONAL&token_id=47615282314988048962232377836944794674273525829834186465285313272647874396868 "HTTP/2 200 OK"
2026-09-01 11:54:34,605 [INFO] HTTP Request: GET https://clob.polymarket.com/balance-allowance?signature_type=3&asset_type=CONDITIONAL&token_id=40226981542536983444919787300677464823405496856507835248518908133696697843012 "HTTP/2 200 OK"
2026-09-01 11:54:34,879 [INFO] HTTP Request: GET https://clob.polymarket.com/balance-allowance?signature_type=3&asset_type=CONDITIONAL&token_id=26476877693084651121621184216158038808086127859124156881728124490165576523451 "HTTP/2 200 OK"
2026-09-01 11:54:35,152 [INFO] HTTP Request: GET https://clob.polymarket.com/balance-allowance?signature_type=3&asset_type=CONDITIONAL&token_id=1209100588465112785678818703438506470483599541553020185250221908965218772872 "HTTP/2 200 OK"
2026-09-01 11:54:35,423 [INFO] HTTP Request: GET https://clob.polymarket.com/balance-allowance?signature_type=3&asset_type=CONDITIONAL&token_id=28954351601602517116578143135946836170457660396784135870164340162656431805667 "HTTP/2 200 OK"
2026-09-01 11:54:35,429 [INFO] 真實帳戶狀態：餘額 $46.35，持有部位 2 個，成交 30 筆
2026-09-01 11:54:45,814 [INFO] HTTP Request: GET https://clob.polymarket.com/balance-allowance?signature_type=3&asset_type=COLLATERAL "HTTP/2 200 OK"
2026-09-01 11:54:46,091 [INFO] HTTP Request: GET https://clob.polymarket.com/data/orders?next_cursor=MA%3D%3D "HTTP/2 200 OK"
2026-09-01 11:54:46,379 [INFO] HTTP Request: GET https://clob.polymarket.com/data/trades?next_cursor=MA%3D%3D "HTTP/2 200 OK"
2026-09-01 11:54:46,716 [INFO] HTTP Request: GET https://clob.polymarket.com/balance-allowance?signature_type=3&asset_type=CONDITIONAL&token_id=73762761860659734030891197316041785328834920454117099289556533947788426778871 "HTTP/2 200 OK"
2026-09-01 11:54:46,997 [INFO] HTTP Request: GET https://clob.polymarket.com/midpoint?token_id=73762761860659734030891197316041785328834920454117099289556533947788426778871 "HTTP/2 200 OK"
2026-09-01 11:54:47,277 [INFO] HTTP Request: GET https://clob.polymarket.com/balance-allowance?signature_type=3&asset_type=CONDITIONAL&token_id=57943863669306782178144283301840016735275708897993195729399951880990118580844 "HTTP/2 200 OK"
2026-09-01 11:54:47,549 [INFO] HTTP Request: GET https://clob.polymarket.com/midpoint?token_id=57943863669306782178144283301840016735275708897993195729399951880990118580844 "HTTP/2 200 OK"
2026-09-01 11:54:47,836 [INFO] HTTP Request: GET https://clob.polymarket.com/balance-allowance?signature_type=3&asset_type=CONDITIONAL&token_id=47615282314988048962232377836944794674273525829834186465285313272647874396868 "HTTP/2 200 OK"
2026-09-01 11:54:48,119 [INFO] HTTP Request: GET https://clob.polymarket.com/balance-allowance?signature_type=3&asset_type=CONDITIONAL&token_id=40226981542536983444919787300677464823405496856507835248518908133696697843012 "HTTP/2 200 OK"
2026-09-01 11:54:48,405 [INFO] HTTP Request: GET https://clob.polymarket.com/balance-allowance?signature_type=3&asset_type=CONDITIONAL&token_id=26476877693084651121621184216158038808086127859124156881728124490165576523451 "HTTP/2 200 OK"
2026-09-01 11:54:48,696 [INFO] HTTP Request: GET https://clob.polymarket.com/balance-allowance?signature_type=3&asset_type=CONDITIONAL&token_id=1209100588465112785678818703438506470483599541553020185250221908965218772872 "HTTP/2 200 OK"
2026-09-01 11:54:48,977 [INFO] HTTP Request: GET https://clob.polymarket.com/balance-allowance?signature_type=3&asset_type=CONDITIONAL&token_id=28954351601602517116578143135946836170457660396784135870164340162656431805667 "HTTP/2 200 OK"
2026-09-01 11:54:48,983 [INFO] 真實帳戶狀態：餘額 $46.35，持有部位 2 個，成交 30 筆
2026-09-01 11:54:59,351 [INFO] HTTP Request: GET https://clob.polymarket.com/balance-allowance?signature_type=3&asset_type=COLLATERAL "HTTP/2 200 OK"
2026-09-01 11:54:59,624 [INFO] HTTP Request: GET https://clob.polymarket.com/data/orders?next_cursor=MA%3D%3D "HTTP/2 200 OK"
2026-09-01 11:54:59,903 [INFO] HTTP Request: GET https://clob.polymarket.com/data/trades?next_cursor=MA%3D%3D "HTTP/2 200 OK"
2026-09-01 11:55:00,245 [INFO] HTTP Request: GET https://clob.polymarket.com/balance-allowance?signature_type=3&asset_type=CONDITIONAL&token_id=73762761860659734030891197316041785328834920454117099289556533947788426778871 "HTTP/2 200 OK"
2026-09-01 11:55:00,534 [INFO] HTTP Request: GET https://clob.polymarket.com/midpoint?token_id=73762761860659734030891197316041785328834920454117099289556533947788426778871 "HTTP/2 200 OK"
2026-09-01 11:55:00,808 [INFO] HTTP Request: GET https://clob.polymarket.com/balance-allowance?signature_type=3&asset_type=CONDITIONAL&token_id=57943863669306782178144283301840016735275708897993195729399951880990118580844 "HTTP/2 200 OK"
2026-09-01 11:55:01,290 [INFO] HTTP Request: GET https://clob.polymarket.com/midpoint?token_id=57943863669306782178144283301840016735275708897993195729399951880990118580844 "HTTP/2 200 OK"
2026-09-01 11:55:01,581 [INFO] HTTP Request: GET https://clob.polymarket.com/balance-allowance?signature_type=3&asset_type=CONDITIONAL&token_id=47615282314988048962232377836944794674273525829834186465285313272647874396868 "HTTP/2 200 OK"
2026-09-01 11:55:01,855 [INFO] HTTP Request: GET https://clob.polymarket.com/balance-allowance?signature_type=3&asset_type=CONDITIONAL&token_id=40226981542536983444919787300677464823405496856507835248518908133696697843012 "HTTP/2 200 OK"
2026-09-01 11:55:02,134 [INFO] HTTP Request: GET https://clob.polymarket.com/balance-allowance?signature_type=3&asset_type=CONDITIONAL&token_id=26476877693084651121621184216158038808086127859124156881728124490165576523451 "HTTP/2 200 OK"
2026-09-01 11:55:02,408 [INFO] HTTP Request: GET https://clob.polymarket.com/balance-allowance?signature_type=3&asset_type=CONDITIONAL&token_id=1209100588465112785678818703438506470483599541553020185250221908965218772872 "HTTP/2 200 OK"
2026-09-01 11:55:02,689 [INFO] HTTP Request: GET https://clob.polymarket.com/balance-allowance?signature_type=3&asset_type=CONDITIONAL&token_id=28954351601602517116578143135946836170457660396784135870164340162656431805667 "HTTP/2 200 OK"
2026-09-01 11:55:02,692 [INFO] 真實帳戶狀態：餘額 $46.35，持有部位 2 個，成交 30 筆
2026-09-01 11:55:13,045 [INFO] HTTP Request: GET https://clob.polymarket.com/balance-allowance?signature_type=3&asset_type=COLLATERAL "HTTP/2 200 OK"
2026-09-01 11:55:13,318 [INFO] HTTP Request: GET https://clob.polymarket.com/data/orders?next_cursor=MA%3D%3D "HTTP/2 200 OK"
2026-09-01 11:55:13,595 [INFO] HTTP Request: GET https://clob.polymarket.com/data/trades?next_cursor=MA%3D%3D "HTTP/2 200 OK"
2026-09-01 11:55:13,919 [INFO] HTTP Request: GET https://clob.polymarket.com/balance-allowance?signature_type=3&asset_type=CONDITIONAL&token_id=73762761860659734030891197316041785328834920454117099289556533947788426778871 "HTTP/2 200 OK"
2026-09-01 11:55:14,187 [INFO] HTTP Request: GET https://clob.polymarket.com/midpoint?token_id=73762761860659734030891197316041785328834920454117099289556533947788426778871 "HTTP/2 200 OK"
2026-09-01 11:55:14,459 [INFO] HTTP Request: GET https://clob.polymarket.com/balance-allowance?signature_type=3&asset_type=CONDITIONAL&token_id=57943863669306782178144283301840016735275708897993195729399951880990118580844 "HTTP/2 200 OK"
2026-09-01 11:55:14,734 [INFO] HTTP Request: GET https://clob.polymarket.com/midpoint?token_id=57943863669306782178144283301840016735275708897993195729399951880990118580844 "HTTP/2 200 OK"
2026-09-01 11:55:15,003 [INFO] HTTP Request: GET https://clob.polymarket.com/balance-allowance?signature_type=3&asset_type=CONDITIONAL&token_id=47615282314988048962232377836944794674273525829834186465285313272647874396868 "HTTP/2 200 OK"
2026-09-01 11:55:15,282 [INFO] HTTP Request: GET https://clob.polymarket.com/balance-allowance?signature_type=3&asset_type=CONDITIONAL&token_id=40226981542536983444919787300677464823405496856507835248518908133696697843012 "HTTP/2 200 OK"
2026-09-01 11:55:15,554 [INFO] HTTP Request: GET https://clob.polymarket.com/balance-allowance?signature_type=3&asset_type=CONDITIONAL&token_id=26476877693084651121621184216158038808086127859124156881728124490165576523451 "HTTP/2 200 OK"
2026-09-01 11:55:15,824 [INFO] HTTP Request: GET https://clob.polymarket.com/balance-allowance?signature_type=3&asset_type=CONDITIONAL&token_id=1209100588465112785678818703438506470483599541553020185250221908965218772872 "HTTP/2 200 OK"
2026-09-01 11:55:16,098 [INFO] HTTP Request: GET https://clob.polymarket.com/balance-allowance?signature_type=3&asset_type=CONDITIONAL&token_id=28954351601602517116578143135946836170457660396784135870164340162656431805667 "HTTP/2 200 OK"
2026-09-01 11:55:16,101 [INFO] 真實帳戶狀態：餘額 $46.35，持有部位 2 個，成交 30 筆
2026-09-01 11:55:26,454 [INFO] HTTP Request: GET https://clob.polymarket.com/balance-allowance?signature_type=3&asset_type=COLLATERAL "HTTP/2 200 OK"
2026-09-01 11:55:26,732 [INFO] HTTP Request: GET https://clob.polymarket.com/data/orders?next_cursor=MA%3D%3D "HTTP/2 200 OK"
2026-09-01 11:55:27,019 [INFO] HTTP Request: GET https://clob.polymarket.com/data/trades?next_cursor=MA%3D%3D "HTTP/2 200 OK"
2026-09-01 11:55:27,341 [INFO] HTTP Request: GET https://clob.polymarket.com/balance-allowance?signature_type=3&asset_type=CONDITIONAL&token_id=73762761860659734030891197316041785328834920454117099289556533947788426778871 "HTTP/2 200 OK"
2026-09-01 11:55:27,608 [INFO] HTTP Request: GET https://clob.polymarket.com/midpoint?token_id=73762761860659734030891197316041785328834920454117099289556533947788426778871 "HTTP/2 200 OK"
2026-09-01 11:55:27,883 [INFO] HTTP Request: GET https://clob.polymarket.com/balance-allowance?signature_type=3&asset_type=CONDITIONAL&token_id=57943863669306782178144283301840016735275708897993195729399951880990118580844 "HTTP/2 200 OK"
2026-09-01 11:55:28,150 [INFO] HTTP Request: GET https://clob.polymarket.com/midpoint?token_id=57943863669306782178144283301840016735275708897993195729399951880990118580844 "HTTP/2 200 OK"
2026-09-01 11:55:28,427 [INFO] HTTP Request: GET https://clob.polymarket.com/balance-allowance?signature_type=3&asset_type=CONDITIONAL&token_id=47615282314988048962232377836944794674273525829834186465285313272647874396868 "HTTP/2 200 OK"
2026-09-01 11:55:28,715 [INFO] HTTP Request: GET https://clob.polymarket.com/balance-allowance?signature_type=3&asset_type=CONDITIONAL&token_id=40226981542536983444919787300677464823405496856507835248518908133696697843012 "HTTP/2 200 OK"
2026-09-01 11:55:28,988 [INFO] HTTP Request: GET https://clob.polymarket.com/balance-allowance?signature_type=3&asset_type=CONDITIONAL&token_id=26476877693084651121621184216158038808086127859124156881728124490165576523451 "HTTP/2 200 OK"
2026-09-01 11:55:29,262 [INFO] HTTP Request: GET https://clob.polymarket.com/balance-allowance?signature_type=3&asset_type=CONDITIONAL&token_id=1209100588465112785678818703438506470483599541553020185250221908965218772872 "HTTP/2 200 OK"
2026-09-01 11:55:29,540 [INFO] HTTP Request: GET https://clob.polymarket.com/balance-allowance?signature_type=3&asset_type=CONDITIONAL&token_id=28954351601602517116578143135946836170457660396784135870164340162656431805667 "HTTP/2 200 OK"
2026-09-01 11:55:29,543 [INFO] 真實帳戶狀態：餘額 $46.35，持有部位 2 個，成交 30 筆
2026-09-01 11:55:39,908 [INFO] HTTP Request: GET https://clob.polymarket.com/balance-allowance?signature_type=3&asset_type=COLLATERAL "HTTP/2 200 OK"
2026-09-01 11:55:40,177 [INFO] HTTP Request: GET https://clob.polymarket.com/data/orders?next_cursor=MA%3D%3D "HTTP/2 200 OK"
2026-09-01 11:55:40,456 [INFO] HTTP Request: GET https://clob.polymarket.com/data/trades?next_cursor=MA%3D%3D "HTTP/2 200 OK"
2026-09-01 11:55:40,780 [INFO] HTTP Request: GET https://clob.polymarket.com/balance-allowance?signature_type=3&asset_type=CONDITIONAL&token_id=73762761860659734030891197316041785328834920454117099289556533947788426778871 "HTTP/2 200 OK"
2026-09-01 11:55:41,175 [INFO] HTTP Request: GET https://clob.polymarket.com/midpoint?token_id=73762761860659734030891197316041785328834920454117099289556533947788426778871 "HTTP/2 200 OK"
2026-09-01 11:55:41,451 [INFO] HTTP Request: GET https://clob.polymarket.com/balance-allowance?signature_type=3&asset_type=CONDITIONAL&token_id=57943863669306782178144283301840016735275708897993195729399951880990118580844 "HTTP/2 200 OK"
2026-09-01 11:55:41,722 [INFO] HTTP Request: GET https://clob.polymarket.com/midpoint?token_id=57943863669306782178144283301840016735275708897993195729399951880990118580844 "HTTP/2 200 OK"
2026-09-01 11:55:41,993 [INFO] HTTP Request: GET https://clob.polymarket.com/balance-allowance?signature_type=3&asset_type=CONDITIONAL&token_id=47615282314988048962232377836944794674273525829834186465285313272647874396868 "HTTP/2 200 OK"
2026-09-01 11:55:42,269 [INFO] HTTP Request: GET https://clob.polymarket.com/balance-allowance?signature_type=3&asset_type=CONDITIONAL&token_id=40226981542536983444919787300677464823405496856507835248518908133696697843012 "HTTP/2 200 OK"
2026-09-01 11:55:42,545 [INFO] HTTP Request: GET https://clob.polymarket.com/balance-allowance?signature_type=3&asset_type=CONDITIONAL&token_id=26476877693084651121621184216158038808086127859124156881728124490165576523451 "HTTP/2 200 OK"
2026-09-01 11:55:42,816 [INFO] HTTP Request: GET https://clob.polymarket.com/balance-allowance?signature_type=3&asset_type=CONDITIONAL&token_id=1209100588465112785678818703438506470483599541553020185250221908965218772872 "HTTP/2 200 OK"
2026-09-01 11:55:43,089 [INFO] HTTP Request: GET https://clob.polymarket.com/balance-allowance?signature_type=3&asset_type=CONDITIONAL&token_id=28954351601602517116578143135946836170457660396784135870164340162656431805667 "HTTP/2 200 OK"
2026-09-01 11:55:43,093 [INFO] 真實帳戶狀態：餘額 $46.35，持有部位 2 個，成交 30 筆
2026-09-01 11:55:53,474 [INFO] HTTP Request: GET https://clob.polymarket.com/balance-allowance?signature_type=3&asset_type=COLLATERAL "HTTP/2 200 OK"
2026-09-01 11:55:53,749 [INFO] HTTP Request: GET https://clob.polymarket.com/data/orders?next_cursor=MA%3D%3D "HTTP/2 200 OK"
2026-09-01 11:55:54,023 [INFO] HTTP Request: GET https://clob.polymarket.com/data/trades?next_cursor=MA%3D%3D "HTTP/2 200 OK"
2026-09-01 11:55:54,346 [INFO] HTTP Request: GET https://clob.polymarket.com/balance-allowance?signature_type=3&asset_type=CONDITIONAL&token_id=73762761860659734030891197316041785328834920454117099289556533947788426778871 "HTTP/2 200 OK"
2026-09-01 11:55:54,615 [INFO] HTTP Request: GET https://clob.polymarket.com/midpoint?token_id=73762761860659734030891197316041785328834920454117099289556533947788426778871 "HTTP/2 200 OK"
2026-09-01 11:55:54,887 [INFO] HTTP Request: GET https://clob.polymarket.com/balance-allowance?signature_type=3&asset_type=CONDITIONAL&token_id=57943863669306782178144283301840016735275708897993195729399951880990118580844 "HTTP/2 200 OK"
2026-09-01 11:55:55,156 [INFO] HTTP Request: GET https://clob.polymarket.com/midpoint?token_id=57943863669306782178144283301840016735275708897993195729399951880990118580844 "HTTP/2 200 OK"
2026-09-01 11:55:55,426 [INFO] HTTP Request: GET https://clob.polymarket.com/balance-allowance?signature_type=3&asset_type=CONDITIONAL&token_id=47615282314988048962232377836944794674273525829834186465285313272647874396868 "HTTP/2 200 OK"
2026-09-01 11:55:55,698 [INFO] HTTP Request: GET https://clob.polymarket.com/balance-allowance?signature_type=3&asset_type=CONDITIONAL&token_id=40226981542536983444919787300677464823405496856507835248518908133696697843012 "HTTP/2 200 OK"
2026-09-01 11:55:55,971 [INFO] HTTP Request: GET https://clob.polymarket.com/balance-allowance?signature_type=3&asset_type=CONDITIONAL&token_id=26476877693084651121621184216158038808086127859124156881728124490165576523451 "HTTP/2 200 OK"
2026-09-01 11:55:56,249 [INFO] HTTP Request: GET https://clob.polymarket.com/balance-allowance?signature_type=3&asset_type=CONDITIONAL&token_id=1209100588465112785678818703438506470483599541553020185250221908965218772872 "HTTP/2 200 OK"
2026-09-01 11:55:56,523 [INFO] HTTP Request: GET https://clob.polymarket.com/balance-allowance?signature_type=3&asset_type=CONDITIONAL&token_id=28954351601602517116578143135946836170457660396784135870164340162656431805667 "HTTP/2 200 OK"
2026-09-01 11:55:56,526 [INFO] 真實帳戶狀態：餘額 $46.35，持有部位 2 個，成交 30 筆
2026-09-01 11:56:06,910 [INFO] HTTP Request: GET https://clob.polymarket.com/balance-allowance?signature_type=3&asset_type=COLLATERAL "HTTP/2 200 OK"
2026-09-01 11:56:07,189 [INFO] HTTP Request: GET https://clob.polymarket.com/data/orders?next_cursor=MA%3D%3D "HTTP/2 200 OK"
2026-09-01 11:56:07,482 [INFO] HTTP Request: GET https://clob.polymarket.com/data/trades?next_cursor=MA%3D%3D "HTTP/2 200 OK"
2026-09-01 11:56:07,817 [INFO] HTTP Request: GET https://clob.polymarket.com/balance-allowance?signature_type=3&asset_type=CONDITIONAL&token_id=73762761860659734030891197316041785328834920454117099289556533947788426778871 "HTTP/2 200 OK"
2026-09-01 11:56:08,109 [INFO] HTTP Request: GET https://clob.polymarket.com/midpoint?token_id=73762761860659734030891197316041785328834920454117099289556533947788426778871 "HTTP/2 200 OK"
2026-09-01 11:56:08,392 [INFO] HTTP Request: GET https://clob.polymarket.com/balance-allowance?signature_type=3&asset_type=CONDITIONAL&token_id=57943863669306782178144283301840016735275708897993195729399951880990118580844 "HTTP/2 200 OK"
2026-09-01 11:56:08,674 [INFO] HTTP Request: GET https://clob.polymarket.com/midpoint?token_id=57943863669306782178144283301840016735275708897993195729399951880990118580844 "HTTP/2 200 OK"
2026-09-01 11:56:08,950 [INFO] HTTP Request: GET https://clob.polymarket.com/balance-allowance?signature_type=3&asset_type=CONDITIONAL&token_id=47615282314988048962232377836944794674273525829834186465285313272647874396868 "HTTP/2 200 OK"
2026-09-01 11:56:09,238 [INFO] HTTP Request: GET https://clob.polymarket.com/balance-allowance?signature_type=3&asset_type=CONDITIONAL&token_id=40226981542536983444919787300677464823405496856507835248518908133696697843012 "HTTP/2 200 OK"
2026-09-01 11:56:09,519 [INFO] HTTP Request: GET https://clob.polymarket.com/balance-allowance?signature_type=3&asset_type=CONDITIONAL&token_id=26476877693084651121621184216158038808086127859124156881728124490165576523451 "HTTP/2 200 OK"
2026-09-01 11:56:09,802 [INFO] HTTP Request: GET https://clob.polymarket.com/balance-allowance?signature_type=3&asset_type=CONDITIONAL&token_id=1209100588465112785678818703438506470483599541553020185250221908965218772872 "HTTP/2 200 OK"
2026-09-01 11:56:10,084 [INFO] HTTP Request: GET https://clob.polymarket.com/balance-allowance?signature_type=3&asset_type=CONDITIONAL&token_id=28954351601602517116578143135946836170457660396784135870164340162656431805667 "HTTP/2 200 OK"
2026-09-01 11:56:10,088 [INFO] 真實帳戶狀態：餘額 $46.35，持有部位 2 個，成交 30 筆
2026-09-01 11:56:20,443 [INFO] HTTP Request: GET https://clob.polymarket.com/balance-allowance?signature_type=3&asset_type=COLLATERAL "HTTP/2 200 OK"
2026-09-01 11:56:20,713 [INFO] HTTP Request: GET https://clob.polymarket.com/data/orders?next_cursor=MA%3D%3D "HTTP/2 200 OK"
2026-09-01 11:56:20,993 [INFO] HTTP Request: GET https://clob.polymarket.com/data/trades?next_cursor=MA%3D%3D "HTTP/2 200 OK"
2026-09-01 11:56:21,317 [INFO] HTTP Request: GET https://clob.polymarket.com/balance-allowance?signature_type=3&asset_type=CONDITIONAL&token_id=73762761860659734030891197316041785328834920454117099289556533947788426778871 "HTTP/2 200 OK"
2026-09-01 11:56:21,591 [INFO] HTTP Request: GET https://clob.polymarket.com/midpoint?token_id=73762761860659734030891197316041785328834920454117099289556533947788426778871 "HTTP/2 200 OK"
2026-09-01 11:56:21,860 [INFO] HTTP Request: GET https://clob.polymarket.com/balance-allowance?signature_type=3&asset_type=CONDITIONAL&token_id=57943863669306782178144283301840016735275708897993195729399951880990118580844 "HTTP/2 200 OK"
2026-09-01 11:56:22,133 [INFO] HTTP Request: GET https://clob.polymarket.com/midpoint?token_id=57943863669306782178144283301840016735275708897993195729399951880990118580844 "HTTP/2 200 OK"
2026-09-01 11:56:22,406 [INFO] HTTP Request: GET https://clob.polymarket.com/balance-allowance?signature_type=3&asset_type=CONDITIONAL&token_id=47615282314988048962232377836944794674273525829834186465285313272647874396868 "HTTP/2 200 OK"
2026-09-01 11:56:22,680 [INFO] HTTP Request: GET https://clob.polymarket.com/balance-allowance?signature_type=3&asset_type=CONDITIONAL&token_id=40226981542536983444919787300677464823405496856507835248518908133696697843012 "HTTP/2 200 OK"
2026-09-01 11:56:22,952 [INFO] HTTP Request: GET https://clob.polymarket.com/balance-allowance?signature_type=3&asset_type=CONDITIONAL&token_id=26476877693084651121621184216158038808086127859124156881728124490165576523451 "HTTP/2 200 OK"
2026-09-01 11:56:23,221 [INFO] HTTP Request: GET https://clob.polymarket.com/balance-allowance?signature_type=3&asset_type=CONDITIONAL&token_id=1209100588465112785678818703438506470483599541553020185250221908965218772872 "HTTP/2 200 OK"
2026-09-01 11:56:23,493 [INFO] HTTP Request: GET https://clob.polymarket.com/balance-allowance?signature_type=3&asset_type=CONDITIONAL&token_id=28954351601602517116578143135946836170457660396784135870164340162656431805667 "HTTP/2 200 OK"
2026-09-01 11:56:23,497 [INFO] 真實帳戶狀態：餘額 $46.35，持有部位 2 個，成交 30 筆
2026-09-01 11:56:33,859 [INFO] HTTP Request: GET https://clob.polymarket.com/balance-allowance?signature_type=3&asset_type=COLLATERAL "HTTP/2 200 OK"
2026-09-01 11:56:34,126 [INFO] HTTP Request: GET https://clob.polymarket.com/data/orders?next_cursor=MA%3D%3D "HTTP/2 200 OK"
2026-09-01 11:56:34,408 [INFO] HTTP Request: GET https://clob.polymarket.com/data/trades?next_cursor=MA%3D%3D "HTTP/2 200 OK"
2026-09-01 11:56:34,730 [INFO] HTTP Request: GET https://clob.polymarket.com/balance-allowance?signature_type=3&asset_type=CONDITIONAL&token_id=73762761860659734030891197316041785328834920454117099289556533947788426778871 "HTTP/2 200 OK"
2026-09-01 11:56:35,000 [INFO] HTTP Request: GET https://clob.polymarket.com/midpoint?token_id=73762761860659734030891197316041785328834920454117099289556533947788426778871 "HTTP/2 200 OK"
2026-09-01 11:56:35,270 [INFO] HTTP Request: GET https://clob.polymarket.com/balance-allowance?signature_type=3&asset_type=CONDITIONAL&token_id=57943863669306782178144283301840016735275708897993195729399951880990118580844 "HTTP/2 200 OK"
2026-09-01 11:56:35,539 [INFO] HTTP Request: GET https://clob.polymarket.com/midpoint?token_id=57943863669306782178144283301840016735275708897993195729399951880990118580844 "HTTP/2 200 OK"
2026-09-01 11:56:35,810 [INFO] HTTP Request: GET https://clob.polymarket.com/balance-allowance?signature_type=3&asset_type=CONDITIONAL&token_id=47615282314988048962232377836944794674273525829834186465285313272647874396868 "HTTP/2 200 OK"
2026-09-01 11:56:36,078 [INFO] HTTP Request: GET https://clob.polymarket.com/balance-allowance?signature_type=3&asset_type=CONDITIONAL&token_id=40226981542536983444919787300677464823405496856507835248518908133696697843012 "HTTP/2 200 OK"
2026-09-01 11:56:36,357 [INFO] HTTP Request: GET https://clob.polymarket.com/balance-allowance?signature_type=3&asset_type=CONDITIONAL&token_id=26476877693084651121621184216158038808086127859124156881728124490165576523451 "HTTP/2 200 OK"
2026-09-01 11:56:36,633 [INFO] HTTP Request: GET https://clob.polymarket.com/balance-allowance?signature_type=3&asset_type=CONDITIONAL&token_id=1209100588465112785678818703438506470483599541553020185250221908965218772872 "HTTP/2 200 OK"
2026-09-01 11:56:36,907 [INFO] HTTP Request: GET https://clob.polymarket.com/balance-allowance?signature_type=3&asset_type=CONDITIONAL&token_id=28954351601602517116578143135946836170457660396784135870164340162656431805667 "HTTP/2 200 OK"
2026-09-01 11:56:36,912 [INFO] 真實帳戶狀態：餘額 $46.35，持有部位 2 個，成交 30 筆
2026-09-01 11:56:47,286 [INFO] HTTP Request: GET https://clob.polymarket.com/balance-allowance?signature_type=3&asset_type=COLLATERAL "HTTP/2 200 OK"
2026-09-01 11:56:47,558 [INFO] HTTP Request: GET https://clob.polymarket.com/data/orders?next_cursor=MA%3D%3D "HTTP/2 200 OK"
2026-09-01 11:56:47,836 [INFO] HTTP Request: GET https://clob.polymarket.com/data/trades?next_cursor=MA%3D%3D "HTTP/2 200 OK"
2026-09-01 11:56:48,160 [INFO] HTTP Request: GET https://clob.polymarket.com/balance-allowance?signature_type=3&asset_type=CONDITIONAL&token_id=73762761860659734030891197316041785328834920454117099289556533947788426778871 "HTTP/2 200 OK"
2026-09-01 11:56:48,436 [INFO] HTTP Request: GET https://clob.polymarket.com/balance-allowance?signature_type=3&asset_type=CONDITIONAL&token_id=57943863669306782178144283301840016735275708897993195729399951880990118580844 "HTTP/2 200 OK"
2026-09-01 11:56:48,709 [INFO] HTTP Request: GET https://clob.polymarket.com/balance-allowance?signature_type=3&asset_type=CONDITIONAL&token_id=47615282314988048962232377836944794674273525829834186465285313272647874396868 "HTTP/2 200 OK"
2026-09-01 11:56:48,983 [INFO] HTTP Request: GET https://clob.polymarket.com/balance-allowance?signature_type=3&asset_type=CONDITIONAL&token_id=40226981542536983444919787300677464823405496856507835248518908133696697843012 "HTTP/2 200 OK"
2026-09-01 11:56:49,253 [INFO] HTTP Request: GET https://clob.polymarket.com/balance-allowance?signature_type=3&asset_type=CONDITIONAL&token_id=26476877693084651121621184216158038808086127859124156881728124490165576523451 "HTTP/2 200 OK"
2026-09-01 11:56:49,535 [INFO] HTTP Request: GET https://clob.polymarket.com/balance-allowance?signature_type=3&asset_type=CONDITIONAL&token_id=1209100588465112785678818703438506470483599541553020185250221908965218772872 "HTTP/2 200 OK"
2026-09-01 11:56:49,805 [INFO] HTTP Request: GET https://clob.polymarket.com/balance-allowance?signature_type=3&asset_type=CONDITIONAL&token_id=28954351601602517116578143135946836170457660396784135870164340162656431805667 "HTTP/2 200 OK"
2026-09-01 11:56:49,809 [INFO] 真實帳戶狀態：餘額 $51.45，持有部位 0 個，成交 30 筆
2026-09-01 11:57:00,175 [INFO] HTTP Request: GET https://clob.polymarket.com/balance-allowance?signature_type=3&asset_type=COLLATERAL "HTTP/2 200 OK"
2026-09-01 11:57:00,444 [INFO] HTTP Request: GET https://clob.polymarket.com/data/orders?next_cursor=MA%3D%3D "HTTP/2 200 OK"
2026-09-01 11:57:00,725 [INFO] HTTP Request: GET https://clob.polymarket.com/data/trades?next_cursor=MA%3D%3D "HTTP/2 200 OK"
2026-09-01 11:57:01,053 [INFO] HTTP Request: GET https://clob.polymarket.com/balance-allowance?signature_type=3&asset_type=CONDITIONAL&token_id=73762761860659734030891197316041785328834920454117099289556533947788426778871 "HTTP/2 200 OK"
2026-09-01 11:57:01,330 [INFO] HTTP Request: GET https://clob.polymarket.com/balance-allowance?signature_type=3&asset_type=CONDITIONAL&token_id=57943863669306782178144283301840016735275708897993195729399951880990118580844 "HTTP/2 200 OK"
2026-09-01 11:57:01,611 [INFO] HTTP Request: GET https://clob.polymarket.com/balance-allowance?signature_type=3&asset_type=CONDITIONAL&token_id=47615282314988048962232377836944794674273525829834186465285313272647874396868 "HTTP/2 200 OK"
2026-09-01 11:57:01,884 [INFO] HTTP Request: GET https://clob.polymarket.com/balance-allowance?signature_type=3&asset_type=CONDITIONAL&token_id=40226981542536983444919787300677464823405496856507835248518908133696697843012 "HTTP/2 200 OK"
2026-09-01 11:57:02,159 [INFO] HTTP Request: GET https://clob.polymarket.com/balance-allowance?signature_type=3&asset_type=CONDITIONAL&token_id=26476877693084651121621184216158038808086127859124156881728124490165576523451 "HTTP/2 200 OK"
2026-09-01 11:57:02,432 [INFO] HTTP Request: GET https://clob.polymarket.com/balance-allowance?signature_type=3&asset_type=CONDITIONAL&token_id=1209100588465112785678818703438506470483599541553020185250221908965218772872 "HTTP/2 200 OK"
2026-09-01 11:57:02,709 [INFO] HTTP Request: GET https://clob.polymarket.com/balance-allowance?signature_type=3&asset_type=CONDITIONAL&token_id=28954351601602517116578143135946836170457660396784135870164340162656431805667 "HTTP/2 200 OK"
2026-09-01 11:57:02,714 [INFO] 真實帳戶狀態：餘額 $51.45，持有部位 0 個，成交 30 筆
2026-09-01 11:57:13,102 [INFO] HTTP Request: GET https://clob.polymarket.com/balance-allowance?signature_type=3&asset_type=COLLATERAL "HTTP/2 200 OK"
2026-09-01 11:57:13,378 [INFO] HTTP Request: GET https://clob.polymarket.com/data/orders?next_cursor=MA%3D%3D "HTTP/2 200 OK"
2026-09-01 11:57:13,658 [INFO] HTTP Request: GET https://clob.polymarket.com/data/trades?next_cursor=MA%3D%3D "HTTP/2 200 OK"
2026-09-01 11:57:13,984 [INFO] HTTP Request: GET https://clob.polymarket.com/balance-allowance?signature_type=3&asset_type=CONDITIONAL&token_id=73762761860659734030891197316041785328834920454117099289556533947788426778871 "HTTP/2 200 OK"
2026-09-01 11:57:14,261 [INFO] HTTP Request: GET https://clob.polymarket.com/balance-allowance?signature_type=3&asset_type=CONDITIONAL&token_id=57943863669306782178144283301840016735275708897993195729399951880990118580844 "HTTP/2 200 OK"
2026-09-01 11:57:14,536 [INFO] HTTP Request: GET https://clob.polymarket.com/balance-allowance?signature_type=3&asset_type=CONDITIONAL&token_id=47615282314988048962232377836944794674273525829834186465285313272647874396868 "HTTP/2 200 OK"
2026-09-01 11:57:14,816 [INFO] HTTP Request: GET https://clob.polymarket.com/balance-allowance?signature_type=3&asset_type=CONDITIONAL&token_id=40226981542536983444919787300677464823405496856507835248518908133696697843012 "HTTP/2 200 OK"
2026-09-01 11:57:15,095 [INFO] HTTP Request: GET https://clob.polymarket.com/balance-allowance?signature_type=3&asset_type=CONDITIONAL&token_id=26476877693084651121621184216158038808086127859124156881728124490165576523451 "HTTP/2 200 OK"
2026-09-01 11:57:15,376 [INFO] HTTP Request: GET https://clob.polymarket.com/balance-allowance?signature_type=3&asset_type=CONDITIONAL&token_id=1209100588465112785678818703438506470483599541553020185250221908965218772872 "HTTP/2 200 OK"
2026-09-01 11:57:15,673 [INFO] HTTP Request: GET https://clob.polymarket.com/balance-allowance?signature_type=3&asset_type=CONDITIONAL&token_id=28954351601602517116578143135946836170457660396784135870164340162656431805667 "HTTP/2 200 OK"
2026-09-01 11:57:15,679 [INFO] 真實帳戶狀態：餘額 $51.45，持有部位 0 個，成交 30 筆
2026-09-01 11:57:26,061 [INFO] HTTP Request: GET https://clob.polymarket.com/balance-allowance?signature_type=3&asset_type=COLLATERAL "HTTP/2 200 OK"
2026-09-01 11:57:26,335 [INFO] HTTP Request: GET https://clob.polymarket.com/data/orders?next_cursor=MA%3D%3D "HTTP/2 200 OK"
2026-09-01 11:57:26,631 [INFO] HTTP Request: GET https://clob.polymarket.com/data/trades?next_cursor=MA%3D%3D "HTTP/2 200 OK"
2026-09-01 11:57:26,958 [INFO] HTTP Request: GET https://clob.polymarket.com/balance-allowance?signature_type=3&asset_type=CONDITIONAL&token_id=73762761860659734030891197316041785328834920454117099289556533947788426778871 "HTTP/2 200 OK"
2026-09-01 11:57:27,240 [INFO] HTTP Request: GET https://clob.polymarket.com/balance-allowance?signature_type=3&asset_type=CONDITIONAL&token_id=57943863669306782178144283301840016735275708897993195729399951880990118580844 "HTTP/2 200 OK"
2026-09-01 11:57:27,516 [INFO] HTTP Request: GET https://clob.polymarket.com/balance-allowance?signature_type=3&asset_type=CONDITIONAL&token_id=47615282314988048962232377836944794674273525829834186465285313272647874396868 "HTTP/2 200 OK"
2026-09-01 11:57:27,789 [INFO] HTTP Request: GET https://clob.polymarket.com/balance-allowance?signature_type=3&asset_type=CONDITIONAL&token_id=40226981542536983444919787300677464823405496856507835248518908133696697843012 "HTTP/2 200 OK"
2026-09-01 11:57:28,071 [INFO] HTTP Request: GET https://clob.polymarket.com/balance-allowance?signature_type=3&asset_type=CONDITIONAL&token_id=26476877693084651121621184216158038808086127859124156881728124490165576523451 "HTTP/2 200 OK"
2026-09-01 11:57:28,353 [INFO] HTTP Request: GET https://clob.polymarket.com/balance-allowance?signature_type=3&asset_type=CONDITIONAL&token_id=1209100588465112785678818703438506470483599541553020185250221908965218772872 "HTTP/2 200 OK"
2026-09-01 11:57:28,628 [INFO] HTTP Request: GET https://clob.polymarket.com/balance-allowance?signature_type=3&asset_type=CONDITIONAL&token_id=28954351601602517116578143135946836170457660396784135870164340162656431805667 "HTTP/2 200 OK"
2026-09-01 11:57:28,632 [INFO] 真實帳戶狀態：餘額 $51.45，持有部位 0 個，成交 30 筆
2026-09-01 11:57:39,008 [INFO] HTTP Request: GET https://clob.polymarket.com/balance-allowance?signature_type=3&asset_type=COLLATERAL "HTTP/2 200 OK"
2026-09-01 11:57:39,280 [INFO] HTTP Request: GET https://clob.polymarket.com/data/orders?next_cursor=MA%3D%3D "HTTP/2 200 OK"
2026-09-01 11:57:39,560 [INFO] HTTP Request: GET https://clob.polymarket.com/data/trades?next_cursor=MA%3D%3D "HTTP/2 200 OK"
2026-09-01 11:57:39,888 [INFO] HTTP Request: GET https://clob.polymarket.com/balance-allowance?signature_type=3&asset_type=CONDITIONAL&token_id=64072557528806795697364097553081905342930799525954895195097442269026331622070 "HTTP/2 200 OK"
2026-09-01 11:57:40,160 [INFO] HTTP Request: GET https://clob.polymarket.com/midpoint?token_id=64072557528806795697364097553081905342930799525954895195097442269026331622070 "HTTP/2 200 OK"
2026-09-01 11:57:40,435 [INFO] HTTP Request: GET https://clob.polymarket.com/balance-allowance?signature_type=3&asset_type=CONDITIONAL&token_id=73762761860659734030891197316041785328834920454117099289556533947788426778871 "HTTP/2 200 OK"
2026-09-01 11:57:40,722 [INFO] HTTP Request: GET https://clob.polymarket.com/balance-allowance?signature_type=3&asset_type=CONDITIONAL&token_id=57943863669306782178144283301840016735275708897993195729399951880990118580844 "HTTP/2 200 OK"
2026-09-01 11:57:40,995 [INFO] HTTP Request: GET https://clob.polymarket.com/balance-allowance?signature_type=3&asset_type=CONDITIONAL&token_id=47615282314988048962232377836944794674273525829834186465285313272647874396868 "HTTP/2 200 OK"
2026-09-01 11:57:41,270 [INFO] HTTP Request: GET https://clob.polymarket.com/balance-allowance?signature_type=3&asset_type=CONDITIONAL&token_id=40226981542536983444919787300677464823405496856507835248518908133696697843012 "HTTP/2 200 OK"
2026-09-01 11:57:41,543 [INFO] HTTP Request: GET https://clob.polymarket.com/balance-allowance?signature_type=3&asset_type=CONDITIONAL&token_id=26476877693084651121621184216158038808086127859124156881728124490165576523451 "HTTP/2 200 OK"
2026-09-01 11:57:41,819 [INFO] HTTP Request: GET https://clob.polymarket.com/balance-allowance?signature_type=3&asset_type=CONDITIONAL&token_id=1209100588465112785678818703438506470483599541553020185250221908965218772872 "HTTP/2 200 OK"
2026-09-01 11:57:41,823 [INFO] 真實帳戶狀態：餘額 $49.82，持有部位 1 個，成交 30 筆
2026-09-01 11:57:52,218 [INFO] HTTP Request: GET https://clob.polymarket.com/balance-allowance?signature_type=3&asset_type=COLLATERAL "HTTP/2 200 OK"
2026-09-01 11:57:52,491 [INFO] HTTP Request: GET https://clob.polymarket.com/data/orders?next_cursor=MA%3D%3D "HTTP/2 200 OK"
2026-09-01 11:57:52,769 [INFO] HTTP Request: GET https://clob.polymarket.com/data/trades?next_cursor=MA%3D%3D "HTTP/2 200 OK"
2026-09-01 11:57:53,093 [INFO] HTTP Request: GET https://clob.polymarket.com/balance-allowance?signature_type=3&asset_type=CONDITIONAL&token_id=64072557528806795697364097553081905342930799525954895195097442269026331622070 "HTTP/2 200 OK"
2026-09-01 11:57:53,363 [INFO] HTTP Request: GET https://clob.polymarket.com/midpoint?token_id=64072557528806795697364097553081905342930799525954895195097442269026331622070 "HTTP/2 200 OK"
2026-09-01 11:57:53,633 [INFO] HTTP Request: GET https://clob.polymarket.com/balance-allowance?signature_type=3&asset_type=CONDITIONAL&token_id=73762761860659734030891197316041785328834920454117099289556533947788426778871 "HTTP/2 200 OK"
2026-09-01 11:57:53,906 [INFO] HTTP Request: GET https://clob.polymarket.com/balance-allowance?signature_type=3&asset_type=CONDITIONAL&token_id=57943863669306782178144283301840016735275708897993195729399951880990118580844 "HTTP/2 200 OK"
2026-09-01 11:57:54,187 [INFO] HTTP Request: GET https://clob.polymarket.com/balance-allowance?signature_type=3&asset_type=CONDITIONAL&token_id=47615282314988048962232377836944794674273525829834186465285313272647874396868 "HTTP/2 200 OK"
2026-09-01 11:57:54,460 [INFO] HTTP Request: GET https://clob.polymarket.com/balance-allowance?signature_type=3&asset_type=CONDITIONAL&token_id=40226981542536983444919787300677464823405496856507835248518908133696697843012 "HTTP/2 200 OK"
2026-09-01 11:57:54,737 [INFO] HTTP Request: GET https://clob.polymarket.com/balance-allowance?signature_type=3&asset_type=CONDITIONAL&token_id=26476877693084651121621184216158038808086127859124156881728124490165576523451 "HTTP/2 200 OK"
2026-09-01 11:57:55,088 [INFO] HTTP Request: GET https://clob.polymarket.com/balance-allowance?signature_type=3&asset_type=CONDITIONAL&token_id=1209100588465112785678818703438506470483599541553020185250221908965218772872 "HTTP/2 200 OK"
2026-09-01 11:57:55,092 [INFO] 真實帳戶狀態：餘額 $49.82，持有部位 1 個，成交 30 筆
2026-09-01 11:58:05,454 [INFO] HTTP Request: GET https://clob.polymarket.com/balance-allowance?signature_type=3&asset_type=COLLATERAL "HTTP/2 200 OK"
2026-09-01 11:58:05,724 [INFO] HTTP Request: GET https://clob.polymarket.com/data/orders?next_cursor=MA%3D%3D "HTTP/2 200 OK"
2026-09-01 11:58:06,001 [INFO] HTTP Request: GET https://clob.polymarket.com/data/trades?next_cursor=MA%3D%3D "HTTP/2 200 OK"
2026-09-01 11:58:06,323 [INFO] HTTP Request: GET https://clob.polymarket.com/balance-allowance?signature_type=3&asset_type=CONDITIONAL&token_id=64072557528806795697364097553081905342930799525954895195097442269026331622070 "HTTP/2 200 OK"
2026-09-01 11:58:06,600 [INFO] HTTP Request: GET https://clob.polymarket.com/midpoint?token_id=64072557528806795697364097553081905342930799525954895195097442269026331622070 "HTTP/2 200 OK"
2026-09-01 11:58:06,941 [INFO] HTTP Request: GET https://clob.polymarket.com/balance-allowance?signature_type=3&asset_type=CONDITIONAL&token_id=73762761860659734030891197316041785328834920454117099289556533947788426778871 "HTTP/2 200 OK"
2026-09-01 11:58:07,216 [INFO] HTTP Request: GET https://clob.polymarket.com/balance-allowance?signature_type=3&asset_type=CONDITIONAL&token_id=57943863669306782178144283301840016735275708897993195729399951880990118580844 "HTTP/2 200 OK"
2026-09-01 11:58:07,490 [INFO] HTTP Request: GET https://clob.polymarket.com/balance-allowance?signature_type=3&asset_type=CONDITIONAL&token_id=47615282314988048962232377836944794674273525829834186465285313272647874396868 "HTTP/2 200 OK"
2026-09-01 11:58:07,762 [INFO] HTTP Request: GET https://clob.polymarket.com/balance-allowance?signature_type=3&asset_type=CONDITIONAL&token_id=40226981542536983444919787300677464823405496856507835248518908133696697843012 "HTTP/2 200 OK"
2026-09-01 11:58:08,031 [INFO] HTTP Request: GET https://clob.polymarket.com/balance-allowance?signature_type=3&asset_type=CONDITIONAL&token_id=26476877693084651121621184216158038808086127859124156881728124490165576523451 "HTTP/2 200 OK"
2026-09-01 11:58:08,304 [INFO] HTTP Request: GET https://clob.polymarket.com/balance-allowance?signature_type=3&asset_type=CONDITIONAL&token_id=1209100588465112785678818703438506470483599541553020185250221908965218772872 "HTTP/2 200 OK"
2026-09-01 11:58:08,309 [INFO] 真實帳戶狀態：餘額 $49.82，持有部位 1 個，成交 30 筆
2026-09-01 11:58:18,678 [INFO] HTTP Request: GET https://clob.polymarket.com/balance-allowance?signature_type=3&asset_type=COLLATERAL "HTTP/2 200 OK"
2026-09-01 11:58:18,949 [INFO] HTTP Request: GET https://clob.polymarket.com/data/orders?next_cursor=MA%3D%3D "HTTP/2 200 OK"
2026-09-01 11:58:19,227 [INFO] HTTP Request: GET https://clob.polymarket.com/data/trades?next_cursor=MA%3D%3D "HTTP/2 200 OK"
2026-09-01 11:58:19,567 [INFO] HTTP Request: GET https://clob.polymarket.com/balance-allowance?signature_type=3&asset_type=CONDITIONAL&token_id=64072557528806795697364097553081905342930799525954895195097442269026331622070 "HTTP/2 200 OK"
2026-09-01 11:58:19,837 [INFO] HTTP Request: GET https://clob.polymarket.com/midpoint?token_id=64072557528806795697364097553081905342930799525954895195097442269026331622070 "HTTP/2 200 OK"
2026-09-01 11:58:20,114 [INFO] HTTP Request: GET https://clob.polymarket.com/balance-allowance?signature_type=3&asset_type=CONDITIONAL&token_id=73762761860659734030891197316041785328834920454117099289556533947788426778871 "HTTP/2 200 OK"
2026-09-01 11:58:20,384 [INFO] HTTP Request: GET https://clob.polymarket.com/balance-allowance?signature_type=3&asset_type=CONDITIONAL&token_id=57943863669306782178144283301840016735275708897993195729399951880990118580844 "HTTP/2 200 OK"
2026-09-01 11:58:20,665 [INFO] HTTP Request: GET https://clob.polymarket.com/balance-allowance?signature_type=3&asset_type=CONDITIONAL&token_id=47615282314988048962232377836944794674273525829834186465285313272647874396868 "HTTP/2 200 OK"
2026-09-01 11:58:20,950 [INFO] HTTP Request: GET https://clob.polymarket.com/balance-allowance?signature_type=3&asset_type=CONDITIONAL&token_id=40226981542536983444919787300677464823405496856507835248518908133696697843012 "HTTP/2 200 OK"
2026-09-01 11:58:21,224 [INFO] HTTP Request: GET https://clob.polymarket.com/balance-allowance?signature_type=3&asset_type=CONDITIONAL&token_id=26476877693084651121621184216158038808086127859124156881728124490165576523451 "HTTP/2 200 OK"
2026-09-01 11:58:21,511 [INFO] HTTP Request: GET https://clob.polymarket.com/balance-allowance?signature_type=3&asset_type=CONDITIONAL&token_id=1209100588465112785678818703438506470483599541553020185250221908965218772872 "HTTP/2 200 OK"
2026-09-01 11:58:21,516 [INFO] 真實帳戶狀態：餘額 $49.82，持有部位 1 個，成交 30 筆
2026-09-01 11:58:31,892 [INFO] HTTP Request: GET https://clob.polymarket.com/balance-allowance?signature_type=3&asset_type=COLLATERAL "HTTP/2 200 OK"
2026-09-01 11:58:32,166 [INFO] HTTP Request: GET https://clob.polymarket.com/data/orders?next_cursor=MA%3D%3D "HTTP/2 200 OK"
2026-09-01 11:58:32,450 [INFO] HTTP Request: GET https://clob.polymarket.com/data/trades?next_cursor=MA%3D%3D "HTTP/2 200 OK"
2026-09-01 11:58:32,785 [INFO] HTTP Request: GET https://clob.polymarket.com/balance-allowance?signature_type=3&asset_type=CONDITIONAL&token_id=64072557528806795697364097553081905342930799525954895195097442269026331622070 "HTTP/2 200 OK"
2026-09-01 11:58:33,060 [INFO] HTTP Request: GET https://clob.polymarket.com/midpoint?token_id=64072557528806795697364097553081905342930799525954895195097442269026331622070 "HTTP/2 200 OK"
2026-09-01 11:58:33,339 [INFO] HTTP Request: GET https://clob.polymarket.com/balance-allowance?signature_type=3&asset_type=CONDITIONAL&token_id=73762761860659734030891197316041785328834920454117099289556533947788426778871 "HTTP/2 200 OK"
2026-09-01 11:58:33,618 [INFO] HTTP Request: GET https://clob.polymarket.com/balance-allowance?signature_type=3&asset_type=CONDITIONAL&token_id=57943863669306782178144283301840016735275708897993195729399951880990118580844 "HTTP/2 200 OK"
2026-09-01 11:58:33,892 [INFO] HTTP Request: GET https://clob.polymarket.com/balance-allowance?signature_type=3&asset_type=CONDITIONAL&token_id=47615282314988048962232377836944794674273525829834186465285313272647874396868 "HTTP/2 200 OK"
2026-09-01 11:58:34,174 [INFO] HTTP Request: GET https://clob.polymarket.com/balance-allowance?signature_type=3&asset_type=CONDITIONAL&token_id=40226981542536983444919787300677464823405496856507835248518908133696697843012 "HTTP/2 200 OK"
2026-09-01 11:58:34,460 [INFO] HTTP Request: GET https://clob.polymarket.com/balance-allowance?signature_type=3&asset_type=CONDITIONAL&token_id=26476877693084651121621184216158038808086127859124156881728124490165576523451 "HTTP/2 200 OK"
2026-09-01 11:58:34,742 [INFO] HTTP Request: GET https://clob.polymarket.com/balance-allowance?signature_type=3&asset_type=CONDITIONAL&token_id=1209100588465112785678818703438506470483599541553020185250221908965218772872 "HTTP/2 200 OK"
2026-09-01 11:58:34,746 [INFO] 真實帳戶狀態：餘額 $49.82，持有部位 1 個，成交 30 筆
2026-09-01 11:58:45,119 [INFO] HTTP Request: GET https://clob.polymarket.com/balance-allowance?signature_type=3&asset_type=COLLATERAL "HTTP/2 200 OK"
2026-09-01 11:58:45,392 [INFO] HTTP Request: GET https://clob.polymarket.com/data/orders?next_cursor=MA%3D%3D "HTTP/2 200 OK"
2026-09-01 11:58:45,669 [INFO] HTTP Request: GET https://clob.polymarket.com/data/trades?next_cursor=MA%3D%3D "HTTP/2 200 OK"
2026-09-01 11:58:46,000 [INFO] HTTP Request: GET https://clob.polymarket.com/balance-allowance?signature_type=3&asset_type=CONDITIONAL&token_id=64072557528806795697364097553081905342930799525954895195097442269026331622070 "HTTP/2 200 OK"
2026-09-01 11:58:46,267 [INFO] HTTP Request: GET https://clob.polymarket.com/midpoint?token_id=64072557528806795697364097553081905342930799525954895195097442269026331622070 "HTTP/2 200 OK"
2026-09-01 11:58:46,542 [INFO] HTTP Request: GET https://clob.polymarket.com/balance-allowance?signature_type=3&asset_type=CONDITIONAL&token_id=73762761860659734030891197316041785328834920454117099289556533947788426778871 "HTTP/2 200 OK"
2026-09-01 11:58:46,812 [INFO] HTTP Request: GET https://clob.polymarket.com/balance-allowance?signature_type=3&asset_type=CONDITIONAL&token_id=57943863669306782178144283301840016735275708897993195729399951880990118580844 "HTTP/2 200 OK"
2026-09-01 11:58:47,083 [INFO] HTTP Request: GET https://clob.polymarket.com/balance-allowance?signature_type=3&asset_type=CONDITIONAL&token_id=47615282314988048962232377836944794674273525829834186465285313272647874396868 "HTTP/2 200 OK"
2026-09-01 11:58:47,353 [INFO] HTTP Request: GET https://clob.polymarket.com/balance-allowance?signature_type=3&asset_type=CONDITIONAL&token_id=40226981542536983444919787300677464823405496856507835248518908133696697843012 "HTTP/2 200 OK"
2026-09-01 11:58:47,623 [INFO] HTTP Request: GET https://clob.polymarket.com/balance-allowance?signature_type=3&asset_type=CONDITIONAL&token_id=26476877693084651121621184216158038808086127859124156881728124490165576523451 "HTTP/2 200 OK"
2026-09-01 11:58:47,896 [INFO] HTTP Request: GET https://clob.polymarket.com/balance-allowance?signature_type=3&asset_type=CONDITIONAL&token_id=1209100588465112785678818703438506470483599541553020185250221908965218772872 "HTTP/2 200 OK"
2026-09-01 11:58:47,900 [INFO] 真實帳戶狀態：餘額 $49.82，持有部位 1 個，成交 30 筆
2026-09-01 11:58:58,296 [INFO] HTTP Request: GET https://clob.polymarket.com/balance-allowance?signature_type=3&asset_type=COLLATERAL "HTTP/2 200 OK"
2026-09-01 11:58:58,572 [INFO] HTTP Request: GET https://clob.polymarket.com/data/orders?next_cursor=MA%3D%3D "HTTP/2 200 OK"
2026-09-01 11:58:58,850 [INFO] HTTP Request: GET https://clob.polymarket.com/data/trades?next_cursor=MA%3D%3D "HTTP/2 200 OK"
2026-09-01 11:58:59,186 [INFO] HTTP Request: GET https://clob.polymarket.com/balance-allowance?signature_type=3&asset_type=CONDITIONAL&token_id=64072557528806795697364097553081905342930799525954895195097442269026331622070 "HTTP/2 200 OK"
2026-09-01 11:58:59,457 [INFO] HTTP Request: GET https://clob.polymarket.com/midpoint?token_id=64072557528806795697364097553081905342930799525954895195097442269026331622070 "HTTP/2 200 OK"
2026-09-01 11:58:59,734 [INFO] HTTP Request: GET https://clob.polymarket.com/balance-allowance?signature_type=3&asset_type=CONDITIONAL&token_id=73762761860659734030891197316041785328834920454117099289556533947788426778871 "HTTP/2 200 OK"
2026-09-01 11:59:00,018 [INFO] HTTP Request: GET https://clob.polymarket.com/balance-allowance?signature_type=3&asset_type=CONDITIONAL&token_id=57943863669306782178144283301840016735275708897993195729399951880990118580844 "HTTP/2 200 OK"
2026-09-01 11:59:00,302 [INFO] HTTP Request: GET https://clob.polymarket.com/balance-allowance?signature_type=3&asset_type=CONDITIONAL&token_id=47615282314988048962232377836944794674273525829834186465285313272647874396868 "HTTP/2 200 OK"
2026-09-01 11:59:00,588 [INFO] HTTP Request: GET https://clob.polymarket.com/balance-allowance?signature_type=3&asset_type=CONDITIONAL&token_id=40226981542536983444919787300677464823405496856507835248518908133696697843012 "HTTP/2 200 OK"
2026-09-01 11:59:00,872 [INFO] HTTP Request: GET https://clob.polymarket.com/balance-allowance?signature_type=3&asset_type=CONDITIONAL&token_id=26476877693084651121621184216158038808086127859124156881728124490165576523451 "HTTP/2 200 OK"
2026-09-01 11:59:01,160 [INFO] HTTP Request: GET https://clob.polymarket.com/balance-allowance?signature_type=3&asset_type=CONDITIONAL&token_id=1209100588465112785678818703438506470483599541553020185250221908965218772872 "HTTP/2 200 OK"
2026-09-01 11:59:01,164 [INFO] 真實帳戶狀態：餘額 $49.82，持有部位 1 個，成交 30 筆
2026-09-01 11:59:11,537 [INFO] HTTP Request: GET https://clob.polymarket.com/balance-allowance?signature_type=3&asset_type=COLLATERAL "HTTP/2 200 OK"
2026-09-01 11:59:11,808 [INFO] HTTP Request: GET https://clob.polymarket.com/data/orders?next_cursor=MA%3D%3D "HTTP/2 200 OK"
2026-09-01 11:59:12,087 [INFO] HTTP Request: GET https://clob.polymarket.com/data/trades?next_cursor=MA%3D%3D "HTTP/2 200 OK"
2026-09-01 11:59:12,411 [INFO] HTTP Request: GET https://clob.polymarket.com/balance-allowance?signature_type=3&asset_type=CONDITIONAL&token_id=64072557528806795697364097553081905342930799525954895195097442269026331622070 "HTTP/2 200 OK"
2026-09-01 11:59:12,695 [INFO] HTTP Request: GET https://clob.polymarket.com/midpoint?token_id=64072557528806795697364097553081905342930799525954895195097442269026331622070 "HTTP/2 200 OK"
2026-09-01 11:59:12,970 [INFO] HTTP Request: GET https://clob.polymarket.com/balance-allowance?signature_type=3&asset_type=CONDITIONAL&token_id=73762761860659734030891197316041785328834920454117099289556533947788426778871 "HTTP/2 200 OK"
2026-09-01 11:59:13,245 [INFO] HTTP Request: GET https://clob.polymarket.com/balance-allowance?signature_type=3&asset_type=CONDITIONAL&token_id=57943863669306782178144283301840016735275708897993195729399951880990118580844 "HTTP/2 200 OK"
2026-09-01 11:59:13,517 [INFO] HTTP Request: GET https://clob.polymarket.com/balance-allowance?signature_type=3&asset_type=CONDITIONAL&token_id=47615282314988048962232377836944794674273525829834186465285313272647874396868 "HTTP/2 200 OK"
2026-09-01 11:59:13,797 [INFO] HTTP Request: GET https://clob.polymarket.com/balance-allowance?signature_type=3&asset_type=CONDITIONAL&token_id=40226981542536983444919787300677464823405496856507835248518908133696697843012 "HTTP/2 200 OK"
2026-09-01 11:59:14,069 [INFO] HTTP Request: GET https://clob.polymarket.com/balance-allowance?signature_type=3&asset_type=CONDITIONAL&token_id=26476877693084651121621184216158038808086127859124156881728124490165576523451 "HTTP/2 200 OK"
2026-09-01 11:59:14,341 [INFO] HTTP Request: GET https://clob.polymarket.com/balance-allowance?signature_type=3&asset_type=CONDITIONAL&token_id=1209100588465112785678818703438506470483599541553020185250221908965218772872 "HTTP/2 200 OK"
2026-09-01 11:59:14,345 [INFO] 真實帳戶狀態：餘額 $49.82，持有部位 1 個，成交 30 筆
2026-09-01 11:59:24,701 [INFO] HTTP Request: GET https://clob.polymarket.com/balance-allowance?signature_type=3&asset_type=COLLATERAL "HTTP/2 200 OK"
2026-09-01 11:59:24,970 [INFO] HTTP Request: GET https://clob.polymarket.com/data/orders?next_cursor=MA%3D%3D "HTTP/2 200 OK"
2026-09-01 11:59:25,247 [INFO] HTTP Request: GET https://clob.polymarket.com/data/trades?next_cursor=MA%3D%3D "HTTP/2 200 OK"
2026-09-01 11:59:25,570 [INFO] HTTP Request: GET https://clob.polymarket.com/balance-allowance?signature_type=3&asset_type=CONDITIONAL&token_id=64072557528806795697364097553081905342930799525954895195097442269026331622070 "HTTP/2 200 OK"
2026-09-01 11:59:25,837 [INFO] HTTP Request: GET https://clob.polymarket.com/midpoint?token_id=64072557528806795697364097553081905342930799525954895195097442269026331622070 "HTTP/2 200 OK"
2026-09-01 11:59:26,105 [INFO] HTTP Request: GET https://clob.polymarket.com/balance-allowance?signature_type=3&asset_type=CONDITIONAL&token_id=73762761860659734030891197316041785328834920454117099289556533947788426778871 "HTTP/2 200 OK"
2026-09-01 11:59:26,376 [INFO] HTTP Request: GET https://clob.polymarket.com/balance-allowance?signature_type=3&asset_type=CONDITIONAL&token_id=57943863669306782178144283301840016735275708897993195729399951880990118580844 "HTTP/2 200 OK"
2026-09-01 11:59:26,648 [INFO] HTTP Request: GET https://clob.polymarket.com/balance-allowance?signature_type=3&asset_type=CONDITIONAL&token_id=47615282314988048962232377836944794674273525829834186465285313272647874396868 "HTTP/2 200 OK"
2026-09-01 11:59:26,923 [INFO] HTTP Request: GET https://clob.polymarket.com/balance-allowance?signature_type=3&asset_type=CONDITIONAL&token_id=40226981542536983444919787300677464823405496856507835248518908133696697843012 "HTTP/2 200 OK"
2026-09-01 11:59:27,194 [INFO] HTTP Request: GET https://clob.polymarket.com/balance-allowance?signature_type=3&asset_type=CONDITIONAL&token_id=26476877693084651121621184216158038808086127859124156881728124490165576523451 "HTTP/2 200 OK"
2026-09-01 11:59:27,470 [INFO] HTTP Request: GET https://clob.polymarket.com/balance-allowance?signature_type=3&asset_type=CONDITIONAL&token_id=1209100588465112785678818703438506470483599541553020185250221908965218772872 "HTTP/2 200 OK"
2026-09-01 11:59:27,473 [INFO] 真實帳戶狀態：餘額 $49.82，持有部位 1 個，成交 30 筆
2026-09-01 11:59:37,848 [INFO] HTTP Request: GET https://clob.polymarket.com/balance-allowance?signature_type=3&asset_type=COLLATERAL "HTTP/2 200 OK"
2026-09-01 11:59:38,124 [INFO] HTTP Request: GET https://clob.polymarket.com/data/orders?next_cursor=MA%3D%3D "HTTP/2 200 OK"
2026-09-01 11:59:38,414 [INFO] HTTP Request: GET https://clob.polymarket.com/data/trades?next_cursor=MA%3D%3D "HTTP/2 200 OK"
2026-09-01 11:59:38,735 [INFO] HTTP Request: GET https://clob.polymarket.com/balance-allowance?signature_type=3&asset_type=CONDITIONAL&token_id=64072557528806795697364097553081905342930799525954895195097442269026331622070 "HTTP/2 200 OK"
2026-09-01 11:59:39,010 [INFO] HTTP Request: GET https://clob.polymarket.com/midpoint?token_id=64072557528806795697364097553081905342930799525954895195097442269026331622070 "HTTP/2 200 OK"
2026-09-01 11:59:39,289 [INFO] HTTP Request: GET https://clob.polymarket.com/balance-allowance?signature_type=3&asset_type=CONDITIONAL&token_id=73762761860659734030891197316041785328834920454117099289556533947788426778871 "HTTP/2 200 OK"
2026-09-01 11:59:39,582 [INFO] HTTP Request: GET https://clob.polymarket.com/balance-allowance?signature_type=3&asset_type=CONDITIONAL&token_id=57943863669306782178144283301840016735275708897993195729399951880990118580844 "HTTP/2 200 OK"
2026-09-01 11:59:39,861 [INFO] HTTP Request: GET https://clob.polymarket.com/balance-allowance?signature_type=3&asset_type=CONDITIONAL&token_id=47615282314988048962232377836944794674273525829834186465285313272647874396868 "HTTP/2 200 OK"
2026-09-01 11:59:40,136 [INFO] HTTP Request: GET https://clob.polymarket.com/balance-allowance?signature_type=3&asset_type=CONDITIONAL&token_id=40226981542536983444919787300677464823405496856507835248518908133696697843012 "HTTP/2 200 OK"
2026-09-01 11:59:40,413 [INFO] HTTP Request: GET https://clob.polymarket.com/balance-allowance?signature_type=3&asset_type=CONDITIONAL&token_id=26476877693084651121621184216158038808086127859124156881728124490165576523451 "HTTP/2 200 OK"
2026-09-01 11:59:40,706 [INFO] HTTP Request: GET https://clob.polymarket.com/balance-allowance?signature_type=3&asset_type=CONDITIONAL&token_id=1209100588465112785678818703438506470483599541553020185250221908965218772872 "HTTP/2 200 OK"
2026-09-01 11:59:40,710 [INFO] 真實帳戶狀態：餘額 $49.82，持有部位 1 個，成交 30 筆
2026-09-01 11:59:51,077 [INFO] HTTP Request: GET https://clob.polymarket.com/balance-allowance?signature_type=3&asset_type=COLLATERAL "HTTP/2 200 OK"
2026-09-01 11:59:51,355 [INFO] HTTP Request: GET https://clob.polymarket.com/data/orders?next_cursor=MA%3D%3D "HTTP/2 200 OK"
2026-09-01 11:59:51,631 [INFO] HTTP Request: GET https://clob.polymarket.com/data/trades?next_cursor=MA%3D%3D "HTTP/2 200 OK"
2026-09-01 11:59:51,966 [INFO] HTTP Request: GET https://clob.polymarket.com/balance-allowance?signature_type=3&asset_type=CONDITIONAL&token_id=64072557528806795697364097553081905342930799525954895195097442269026331622070 "HTTP/2 200 OK"
2026-09-01 11:59:52,239 [INFO] HTTP Request: GET https://clob.polymarket.com/midpoint?token_id=64072557528806795697364097553081905342930799525954895195097442269026331622070 "HTTP/2 200 OK"
2026-09-01 11:59:52,516 [INFO] HTTP Request: GET https://clob.polymarket.com/balance-allowance?signature_type=3&asset_type=CONDITIONAL&token_id=73762761860659734030891197316041785328834920454117099289556533947788426778871 "HTTP/2 200 OK"
2026-09-01 11:59:52,787 [INFO] HTTP Request: GET https://clob.polymarket.com/balance-allowance?signature_type=3&asset_type=CONDITIONAL&token_id=57943863669306782178144283301840016735275708897993195729399951880990118580844 "HTTP/2 200 OK"
2026-09-01 11:59:53,066 [INFO] HTTP Request: GET https://clob.polymarket.com/balance-allowance?signature_type=3&asset_type=CONDITIONAL&token_id=47615282314988048962232377836944794674273525829834186465285313272647874396868 "HTTP/2 200 OK"
2026-09-01 11:59:53,339 [INFO] HTTP Request: GET https://clob.polymarket.com/balance-allowance?signature_type=3&asset_type=CONDITIONAL&token_id=40226981542536983444919787300677464823405496856507835248518908133696697843012 "HTTP/2 200 OK"
2026-09-01 11:59:53,615 [INFO] HTTP Request: GET https://clob.polymarket.com/balance-allowance?signature_type=3&asset_type=CONDITIONAL&token_id=26476877693084651121621184216158038808086127859124156881728124490165576523451 "HTTP/2 200 OK"
2026-09-01 11:59:53,889 [INFO] HTTP Request: GET https://clob.polymarket.com/balance-allowance?signature_type=3&asset_type=CONDITIONAL&token_id=1209100588465112785678818703438506470483599541553020185250221908965218772872 "HTTP/2 200 OK"
2026-09-01 11:59:53,892 [INFO] 真實帳戶狀態：餘額 $49.82，持有部位 1 個，成交 30 筆
2026-09-01 12:00:04,253 [INFO] HTTP Request: GET https://clob.polymarket.com/balance-allowance?signature_type=3&asset_type=COLLATERAL "HTTP/2 200 OK"
2026-09-01 12:00:04,526 [INFO] HTTP Request: GET https://clob.polymarket.com/data/orders?next_cursor=MA%3D%3D "HTTP/2 200 OK"
2026-09-01 12:00:04,805 [INFO] HTTP Request: GET https://clob.polymarket.com/data/trades?next_cursor=MA%3D%3D "HTTP/2 200 OK"
2026-09-01 12:00:05,134 [INFO] HTTP Request: GET https://clob.polymarket.com/balance-allowance?signature_type=3&asset_type=CONDITIONAL&token_id=64072557528806795697364097553081905342930799525954895195097442269026331622070 "HTTP/2 200 OK"
2026-09-01 12:00:05,405 [INFO] HTTP Request: GET https://clob.polymarket.com/midpoint?token_id=64072557528806795697364097553081905342930799525954895195097442269026331622070 "HTTP/2 200 OK"
2026-09-01 12:00:05,674 [INFO] HTTP Request: GET https://clob.polymarket.com/balance-allowance?signature_type=3&asset_type=CONDITIONAL&token_id=73762761860659734030891197316041785328834920454117099289556533947788426778871 "HTTP/2 200 OK"
2026-09-01 12:00:05,947 [INFO] HTTP Request: GET https://clob.polymarket.com/balance-allowance?signature_type=3&asset_type=CONDITIONAL&token_id=57943863669306782178144283301840016735275708897993195729399951880990118580844 "HTTP/2 200 OK"
2026-09-01 12:00:06,218 [INFO] HTTP Request: GET https://clob.polymarket.com/balance-allowance?signature_type=3&asset_type=CONDITIONAL&token_id=47615282314988048962232377836944794674273525829834186465285313272647874396868 "HTTP/2 200 OK"
2026-09-01 12:00:06,489 [INFO] HTTP Request: GET https://clob.polymarket.com/balance-allowance?signature_type=3&asset_type=CONDITIONAL&token_id=40226981542536983444919787300677464823405496856507835248518908133696697843012 "HTTP/2 200 OK"
2026-09-01 12:00:06,761 [INFO] HTTP Request: GET https://clob.polymarket.com/balance-allowance?signature_type=3&asset_type=CONDITIONAL&token_id=26476877693084651121621184216158038808086127859124156881728124490165576523451 "HTTP/2 200 OK"
2026-09-01 12:00:07,036 [INFO] HTTP Request: GET https://clob.polymarket.com/balance-allowance?signature_type=3&asset_type=CONDITIONAL&token_id=1209100588465112785678818703438506470483599541553020185250221908965218772872 "HTTP/2 200 OK"
2026-09-01 12:00:07,040 [INFO] 真實帳戶狀態：餘額 $49.82，持有部位 1 個，成交 30 筆
2026-09-01 12:00:17,427 [INFO] HTTP Request: GET https://clob.polymarket.com/balance-allowance?signature_type=3&asset_type=COLLATERAL "HTTP/2 200 OK"
2026-09-01 12:00:17,701 [INFO] HTTP Request: GET https://clob.polymarket.com/data/orders?next_cursor=MA%3D%3D "HTTP/2 200 OK"
2026-09-01 12:00:17,975 [INFO] HTTP Request: GET https://clob.polymarket.com/data/trades?next_cursor=MA%3D%3D "HTTP/2 200 OK"
2026-09-01 12:00:18,300 [INFO] HTTP Request: GET https://clob.polymarket.com/balance-allowance?signature_type=3&asset_type=CONDITIONAL&token_id=25733328574494573564106962933112715506635021858960967552608809708572094092689 "HTTP/2 200 OK"
2026-09-01 12:00:18,577 [INFO] HTTP Request: GET https://clob.polymarket.com/midpoint?token_id=25733328574494573564106962933112715506635021858960967552608809708572094092689 "HTTP/2 200 OK"
2026-09-01 12:00:18,849 [INFO] HTTP Request: GET https://clob.polymarket.com/balance-allowance?signature_type=3&asset_type=CONDITIONAL&token_id=64072557528806795697364097553081905342930799525954895195097442269026331622070 "HTTP/2 200 OK"
2026-09-01 12:00:19,134 [INFO] HTTP Request: GET https://clob.polymarket.com/midpoint?token_id=64072557528806795697364097553081905342930799525954895195097442269026331622070 "HTTP/2 200 OK"
2026-09-01 12:00:19,409 [INFO] HTTP Request: GET https://clob.polymarket.com/balance-allowance?signature_type=3&asset_type=CONDITIONAL&token_id=73762761860659734030891197316041785328834920454117099289556533947788426778871 "HTTP/2 200 OK"
2026-09-01 12:00:19,678 [INFO] HTTP Request: GET https://clob.polymarket.com/balance-allowance?signature_type=3&asset_type=CONDITIONAL&token_id=57943863669306782178144283301840016735275708897993195729399951880990118580844 "HTTP/2 200 OK"
2026-09-01 12:00:19,956 [INFO] HTTP Request: GET https://clob.polymarket.com/balance-allowance?signature_type=3&asset_type=CONDITIONAL&token_id=47615282314988048962232377836944794674273525829834186465285313272647874396868 "HTTP/2 200 OK"
2026-09-01 12:00:20,231 [INFO] HTTP Request: GET https://clob.polymarket.com/balance-allowance?signature_type=3&asset_type=CONDITIONAL&token_id=40226981542536983444919787300677464823405496856507835248518908133696697843012 "HTTP/2 200 OK"
2026-09-01 12:00:20,525 [INFO] HTTP Request: GET https://clob.polymarket.com/balance-allowance?signature_type=3&asset_type=CONDITIONAL&token_id=26476877693084651121621184216158038808086127859124156881728124490165576523451 "HTTP/2 200 OK"
2026-09-01 12:00:20,818 [INFO] HTTP Request: GET https://clob.polymarket.com/balance-allowance?signature_type=3&asset_type=CONDITIONAL&token_id=1209100588465112785678818703438506470483599541553020185250221908965218772872 "HTTP/2 200 OK"
2026-09-01 12:00:20,824 [INFO] 真實帳戶狀態：餘額 $48.04，持有部位 2 個，成交 30 筆
2026-09-01 12:00:31,178 [INFO] HTTP Request: GET https://clob.polymarket.com/balance-allowance?signature_type=3&asset_type=COLLATERAL "HTTP/2 200 OK"
2026-09-01 12:00:31,463 [INFO] HTTP Request: GET https://clob.polymarket.com/data/orders?next_cursor=MA%3D%3D "HTTP/2 200 OK"
2026-09-01 12:00:31,755 [INFO] HTTP Request: GET https://clob.polymarket.com/data/trades?next_cursor=MA%3D%3D "HTTP/2 200 OK"
2026-09-01 12:00:32,499 [INFO] HTTP Request: GET https://clob.polymarket.com/balance-allowance?signature_type=3&asset_type=CONDITIONAL&token_id=25733328574494573564106962933112715506635021858960967552608809708572094092689 "HTTP/2 200 OK"
2026-09-01 12:00:32,774 [INFO] HTTP Request: GET https://clob.polymarket.com/midpoint?token_id=25733328574494573564106962933112715506635021858960967552608809708572094092689 "HTTP/2 200 OK"
2026-09-01 12:00:33,046 [INFO] HTTP Request: GET https://clob.polymarket.com/balance-allowance?signature_type=3&asset_type=CONDITIONAL&token_id=64072557528806795697364097553081905342930799525954895195097442269026331622070 "HTTP/2 200 OK"
2026-09-01 12:00:33,316 [INFO] HTTP Request: GET https://clob.polymarket.com/midpoint?token_id=64072557528806795697364097553081905342930799525954895195097442269026331622070 "HTTP/2 200 OK"
2026-09-01 12:00:33,603 [INFO] HTTP Request: GET https://clob.polymarket.com/balance-allowance?signature_type=3&asset_type=CONDITIONAL&token_id=73762761860659734030891197316041785328834920454117099289556533947788426778871 "HTTP/2 200 OK"
2026-09-01 12:00:33,892 [INFO] HTTP Request: GET https://clob.polymarket.com/balance-allowance?signature_type=3&asset_type=CONDITIONAL&token_id=57943863669306782178144283301840016735275708897993195729399951880990118580844 "HTTP/2 200 OK"
2026-09-01 12:00:34,175 [INFO] HTTP Request: GET https://clob.polymarket.com/balance-allowance?signature_type=3&asset_type=CONDITIONAL&token_id=47615282314988048962232377836944794674273525829834186465285313272647874396868 "HTTP/2 200 OK"
2026-09-01 12:00:34,448 [INFO] HTTP Request: GET https://clob.polymarket.com/balance-allowance?signature_type=3&asset_type=CONDITIONAL&token_id=40226981542536983444919787300677464823405496856507835248518908133696697843012 "HTTP/2 200 OK"
2026-09-01 12:00:34,721 [INFO] HTTP Request: GET https://clob.polymarket.com/balance-allowance?signature_type=3&asset_type=CONDITIONAL&token_id=26476877693084651121621184216158038808086127859124156881728124490165576523451 "HTTP/2 200 OK"
2026-09-01 12:00:34,994 [INFO] HTTP Request: GET https://clob.polymarket.com/balance-allowance?signature_type=3&asset_type=CONDITIONAL&token_id=1209100588465112785678818703438506470483599541553020185250221908965218772872 "HTTP/2 200 OK"
2026-09-01 12:00:34,998 [INFO] 真實帳戶狀態：餘額 $48.04，持有部位 2 個，成交 30 筆
2026-09-01 12:00:45,354 [INFO] HTTP Request: GET https://clob.polymarket.com/balance-allowance?signature_type=3&asset_type=COLLATERAL "HTTP/2 200 OK"
2026-09-01 12:00:45,623 [INFO] HTTP Request: GET https://clob.polymarket.com/data/orders?next_cursor=MA%3D%3D "HTTP/2 200 OK"
2026-09-01 12:00:45,908 [INFO] HTTP Request: GET https://clob.polymarket.com/data/trades?next_cursor=MA%3D%3D "HTTP/2 200 OK"
2026-09-01 12:00:46,635 [INFO] HTTP Request: GET https://clob.polymarket.com/balance-allowance?signature_type=3&asset_type=CONDITIONAL&token_id=25733328574494573564106962933112715506635021858960967552608809708572094092689 "HTTP/2 200 OK"
2026-09-01 12:00:46,905 [INFO] HTTP Request: GET https://clob.polymarket.com/midpoint?token_id=25733328574494573564106962933112715506635021858960967552608809708572094092689 "HTTP/2 200 OK"
2026-09-01 12:00:47,198 [INFO] HTTP Request: GET https://clob.polymarket.com/balance-allowance?signature_type=3&asset_type=CONDITIONAL&token_id=64072557528806795697364097553081905342930799525954895195097442269026331622070 "HTTP/2 200 OK"
2026-09-01 12:00:47,471 [INFO] HTTP Request: GET https://clob.polymarket.com/midpoint?token_id=64072557528806795697364097553081905342930799525954895195097442269026331622070 "HTTP/2 200 OK"
2026-09-01 12:00:47,744 [INFO] HTTP Request: GET https://clob.polymarket.com/balance-allowance?signature_type=3&asset_type=CONDITIONAL&token_id=73762761860659734030891197316041785328834920454117099289556533947788426778871 "HTTP/2 200 OK"
2026-09-01 12:00:48,022 [INFO] HTTP Request: GET https://clob.polymarket.com/balance-allowance?signature_type=3&asset_type=CONDITIONAL&token_id=57943863669306782178144283301840016735275708897993195729399951880990118580844 "HTTP/2 200 OK"
2026-09-01 12:00:48,303 [INFO] HTTP Request: GET https://clob.polymarket.com/balance-allowance?signature_type=3&asset_type=CONDITIONAL&token_id=47615282314988048962232377836944794674273525829834186465285313272647874396868 "HTTP/2 200 OK"
2026-09-01 12:00:48,579 [INFO] HTTP Request: GET https://clob.polymarket.com/balance-allowance?signature_type=3&asset_type=CONDITIONAL&token_id=40226981542536983444919787300677464823405496856507835248518908133696697843012 "HTTP/2 200 OK"
2026-09-01 12:00:48,881 [INFO] HTTP Request: GET https://clob.polymarket.com/balance-allowance?signature_type=3&asset_type=CONDITIONAL&token_id=26476877693084651121621184216158038808086127859124156881728124490165576523451 "HTTP/2 200 OK"
2026-09-01 12:00:49,175 [INFO] HTTP Request: GET https://clob.polymarket.com/balance-allowance?signature_type=3&asset_type=CONDITIONAL&token_id=1209100588465112785678818703438506470483599541553020185250221908965218772872 "HTTP/2 200 OK"
2026-09-01 12:00:49,179 [INFO] 真實帳戶狀態：餘額 $48.04，持有部位 2 個，成交 30 筆
2026-09-01 12:00:59,542 [INFO] HTTP Request: GET https://clob.polymarket.com/balance-allowance?signature_type=3&asset_type=COLLATERAL "HTTP/2 200 OK"
2026-09-01 12:00:59,814 [INFO] HTTP Request: GET https://clob.polymarket.com/data/orders?next_cursor=MA%3D%3D "HTTP/2 200 OK"
2026-09-01 12:01:00,099 [INFO] HTTP Request: GET https://clob.polymarket.com/data/trades?next_cursor=MA%3D%3D "HTTP/2 200 OK"
2026-09-01 12:01:00,524 [INFO] HTTP Request: GET https://clob.polymarket.com/balance-allowance?signature_type=3&asset_type=CONDITIONAL&token_id=25733328574494573564106962933112715506635021858960967552608809708572094092689 "HTTP/2 200 OK"
2026-09-01 12:01:00,794 [INFO] HTTP Request: GET https://clob.polymarket.com/midpoint?token_id=25733328574494573564106962933112715506635021858960967552608809708572094092689 "HTTP/2 200 OK"
2026-09-01 12:01:01,075 [INFO] HTTP Request: GET https://clob.polymarket.com/balance-allowance?signature_type=3&asset_type=CONDITIONAL&token_id=64072557528806795697364097553081905342930799525954895195097442269026331622070 "HTTP/2 200 OK"
2026-09-01 12:01:01,343 [INFO] HTTP Request: GET https://clob.polymarket.com/midpoint?token_id=64072557528806795697364097553081905342930799525954895195097442269026331622070 "HTTP/2 200 OK"
2026-09-01 12:01:01,620 [INFO] HTTP Request: GET https://clob.polymarket.com/balance-allowance?signature_type=3&asset_type=CONDITIONAL&token_id=73762761860659734030891197316041785328834920454117099289556533947788426778871 "HTTP/2 200 OK"
2026-09-01 12:01:01,897 [INFO] HTTP Request: GET https://clob.polymarket.com/balance-allowance?signature_type=3&asset_type=CONDITIONAL&token_id=57943863669306782178144283301840016735275708897993195729399951880990118580844 "HTTP/2 200 OK"
2026-09-01 12:01:02,166 [INFO] HTTP Request: GET https://clob.polymarket.com/balance-allowance?signature_type=3&asset_type=CONDITIONAL&token_id=47615282314988048962232377836944794674273525829834186465285313272647874396868 "HTTP/2 200 OK"
2026-09-01 12:01:02,452 [INFO] HTTP Request: GET https://clob.polymarket.com/balance-allowance?signature_type=3&asset_type=CONDITIONAL&token_id=40226981542536983444919787300677464823405496856507835248518908133696697843012 "HTTP/2 200 OK"
2026-09-01 12:01:02,730 [INFO] HTTP Request: GET https://clob.polymarket.com/balance-allowance?signature_type=3&asset_type=CONDITIONAL&token_id=26476877693084651121621184216158038808086127859124156881728124490165576523451 "HTTP/2 200 OK"
2026-09-01 12:01:03,016 [INFO] HTTP Request: GET https://clob.polymarket.com/balance-allowance?signature_type=3&asset_type=CONDITIONAL&token_id=1209100588465112785678818703438506470483599541553020185250221908965218772872 "HTTP/2 200 OK"
2026-09-01 12:01:03,019 [INFO] 真實帳戶狀態：餘額 $48.04，持有部位 2 個，成交 30 筆
2026-09-01 12:01:13,414 [INFO] HTTP Request: GET https://clob.polymarket.com/balance-allowance?signature_type=3&asset_type=COLLATERAL "HTTP/2 200 OK"
2026-09-01 12:01:13,684 [INFO] HTTP Request: GET https://clob.polymarket.com/data/orders?next_cursor=MA%3D%3D "HTTP/2 200 OK"
2026-09-01 12:01:13,961 [INFO] HTTP Request: GET https://clob.polymarket.com/data/trades?next_cursor=MA%3D%3D "HTTP/2 200 OK"
2026-09-01 12:01:14,286 [INFO] HTTP Request: GET https://clob.polymarket.com/balance-allowance?signature_type=3&asset_type=CONDITIONAL&token_id=25733328574494573564106962933112715506635021858960967552608809708572094092689 "HTTP/2 200 OK"
2026-09-01 12:01:14,554 [INFO] HTTP Request: GET https://clob.polymarket.com/midpoint?token_id=25733328574494573564106962933112715506635021858960967552608809708572094092689 "HTTP/2 200 OK"
2026-09-01 12:01:14,826 [INFO] HTTP Request: GET https://clob.polymarket.com/balance-allowance?signature_type=3&asset_type=CONDITIONAL&token_id=64072557528806795697364097553081905342930799525954895195097442269026331622070 "HTTP/2 200 OK"
2026-09-01 12:01:15,099 [INFO] HTTP Request: GET https://clob.polymarket.com/midpoint?token_id=64072557528806795697364097553081905342930799525954895195097442269026331622070 "HTTP/2 200 OK"
2026-09-01 12:01:15,369 [INFO] HTTP Request: GET https://clob.polymarket.com/balance-allowance?signature_type=3&asset_type=CONDITIONAL&token_id=73762761860659734030891197316041785328834920454117099289556533947788426778871 "HTTP/2 200 OK"
2026-09-01 12:01:15,643 [INFO] HTTP Request: GET https://clob.polymarket.com/balance-allowance?signature_type=3&asset_type=CONDITIONAL&token_id=57943863669306782178144283301840016735275708897993195729399951880990118580844 "HTTP/2 200 OK"
2026-09-01 12:01:15,913 [INFO] HTTP Request: GET https://clob.polymarket.com/balance-allowance?signature_type=3&asset_type=CONDITIONAL&token_id=47615282314988048962232377836944794674273525829834186465285313272647874396868 "HTTP/2 200 OK"
2026-09-01 12:01:16,189 [INFO] HTTP Request: GET https://clob.polymarket.com/balance-allowance?signature_type=3&asset_type=CONDITIONAL&token_id=40226981542536983444919787300677464823405496856507835248518908133696697843012 "HTTP/2 200 OK"
2026-09-01 12:01:16,538 [INFO] HTTP Request: GET https://clob.polymarket.com/balance-allowance?signature_type=3&asset_type=CONDITIONAL&token_id=26476877693084651121621184216158038808086127859124156881728124490165576523451 "HTTP/2 200 OK"
2026-09-01 12:01:16,808 [INFO] HTTP Request: GET https://clob.polymarket.com/balance-allowance?signature_type=3&asset_type=CONDITIONAL&token_id=1209100588465112785678818703438506470483599541553020185250221908965218772872 "HTTP/2 200 OK"
2026-09-01 12:01:16,812 [INFO] 真實帳戶狀態：餘額 $48.04，持有部位 2 個，成交 30 筆
2026-09-01 12:01:27,191 [INFO] HTTP Request: GET https://clob.polymarket.com/balance-allowance?signature_type=3&asset_type=COLLATERAL "HTTP/2 200 OK"
2026-09-01 12:01:27,467 [INFO] HTTP Request: GET https://clob.polymarket.com/data/orders?next_cursor=MA%3D%3D "HTTP/2 200 OK"
2026-09-01 12:01:27,756 [INFO] HTTP Request: GET https://clob.polymarket.com/data/trades?next_cursor=MA%3D%3D "HTTP/2 200 OK"
2026-09-01 12:01:28,083 [INFO] HTTP Request: GET https://clob.polymarket.com/balance-allowance?signature_type=3&asset_type=CONDITIONAL&token_id=25733328574494573564106962933112715506635021858960967552608809708572094092689 "HTTP/2 200 OK"
2026-09-01 12:01:28,358 [INFO] HTTP Request: GET https://clob.polymarket.com/midpoint?token_id=25733328574494573564106962933112715506635021858960967552608809708572094092689 "HTTP/2 200 OK"
2026-09-01 12:01:28,640 [INFO] HTTP Request: GET https://clob.polymarket.com/balance-allowance?signature_type=3&asset_type=CONDITIONAL&token_id=64072557528806795697364097553081905342930799525954895195097442269026331622070 "HTTP/2 200 OK"
2026-09-01 12:01:28,916 [INFO] HTTP Request: GET https://clob.polymarket.com/midpoint?token_id=64072557528806795697364097553081905342930799525954895195097442269026331622070 "HTTP/2 200 OK"
2026-09-01 12:01:29,197 [INFO] HTTP Request: GET https://clob.polymarket.com/balance-allowance?signature_type=3&asset_type=CONDITIONAL&token_id=73762761860659734030891197316041785328834920454117099289556533947788426778871 "HTTP/2 200 OK"
2026-09-01 12:01:29,483 [INFO] HTTP Request: GET https://clob.polymarket.com/balance-allowance?signature_type=3&asset_type=CONDITIONAL&token_id=57943863669306782178144283301840016735275708897993195729399951880990118580844 "HTTP/2 200 OK"
2026-09-01 12:01:29,768 [INFO] HTTP Request: GET https://clob.polymarket.com/balance-allowance?signature_type=3&asset_type=CONDITIONAL&token_id=47615282314988048962232377836944794674273525829834186465285313272647874396868 "HTTP/2 200 OK"
2026-09-01 12:01:30,049 [INFO] HTTP Request: GET https://clob.polymarket.com/balance-allowance?signature_type=3&asset_type=CONDITIONAL&token_id=40226981542536983444919787300677464823405496856507835248518908133696697843012 "HTTP/2 200 OK"
2026-09-01 12:01:30,343 [INFO] HTTP Request: GET https://clob.polymarket.com/balance-allowance?signature_type=3&asset_type=CONDITIONAL&token_id=26476877693084651121621184216158038808086127859124156881728124490165576523451 "HTTP/2 200 OK"
2026-09-01 12:01:30,628 [INFO] HTTP Request: GET https://clob.polymarket.com/balance-allowance?signature_type=3&asset_type=CONDITIONAL&token_id=1209100588465112785678818703438506470483599541553020185250221908965218772872 "HTTP/2 200 OK"
2026-09-01 12:01:30,632 [INFO] 真實帳戶狀態：餘額 $48.04，持有部位 2 個，成交 30 筆
2026-09-01 12:01:41,039 [INFO] HTTP Request: GET https://clob.polymarket.com/balance-allowance?signature_type=3&asset_type=COLLATERAL "HTTP/2 200 OK"
2026-09-01 12:01:41,320 [INFO] HTTP Request: GET https://clob.polymarket.com/data/orders?next_cursor=MA%3D%3D "HTTP/2 200 OK"
2026-09-01 12:01:41,607 [INFO] HTTP Request: GET https://clob.polymarket.com/data/trades?next_cursor=MA%3D%3D "HTTP/2 200 OK"
2026-09-01 12:01:41,943 [INFO] HTTP Request: GET https://clob.polymarket.com/balance-allowance?signature_type=3&asset_type=CONDITIONAL&token_id=25733328574494573564106962933112715506635021858960967552608809708572094092689 "HTTP/2 200 OK"
2026-09-01 12:01:42,228 [INFO] HTTP Request: GET https://clob.polymarket.com/midpoint?token_id=25733328574494573564106962933112715506635021858960967552608809708572094092689 "HTTP/2 200 OK"
2026-09-01 12:01:42,508 [INFO] HTTP Request: GET https://clob.polymarket.com/balance-allowance?signature_type=3&asset_type=CONDITIONAL&token_id=64072557528806795697364097553081905342930799525954895195097442269026331622070 "HTTP/2 200 OK"
2026-09-01 12:01:42,788 [INFO] HTTP Request: GET https://clob.polymarket.com/midpoint?token_id=64072557528806795697364097553081905342930799525954895195097442269026331622070 "HTTP/2 200 OK"
2026-09-01 12:01:43,069 [INFO] HTTP Request: GET https://clob.polymarket.com/balance-allowance?signature_type=3&asset_type=CONDITIONAL&token_id=73762761860659734030891197316041785328834920454117099289556533947788426778871 "HTTP/2 200 OK"
2026-09-01 12:01:43,369 [INFO] HTTP Request: GET https://clob.polymarket.com/balance-allowance?signature_type=3&asset_type=CONDITIONAL&token_id=57943863669306782178144283301840016735275708897993195729399951880990118580844 "HTTP/2 200 OK"
2026-09-01 12:01:43,652 [INFO] HTTP Request: GET https://clob.polymarket.com/balance-allowance?signature_type=3&asset_type=CONDITIONAL&token_id=47615282314988048962232377836944794674273525829834186465285313272647874396868 "HTTP/2 200 OK"
2026-09-01 12:01:43,937 [INFO] HTTP Request: GET https://clob.polymarket.com/balance-allowance?signature_type=3&asset_type=CONDITIONAL&token_id=40226981542536983444919787300677464823405496856507835248518908133696697843012 "HTTP/2 200 OK"
2026-09-01 12:01:44,218 [INFO] HTTP Request: GET https://clob.polymarket.com/balance-allowance?signature_type=3&asset_type=CONDITIONAL&token_id=26476877693084651121621184216158038808086127859124156881728124490165576523451 "HTTP/2 200 OK"
2026-09-01 12:01:44,502 [INFO] HTTP Request: GET https://clob.polymarket.com/balance-allowance?signature_type=3&asset_type=CONDITIONAL&token_id=1209100588465112785678818703438506470483599541553020185250221908965218772872 "HTTP/2 200 OK"
2026-09-01 12:01:44,506 [INFO] 真實帳戶狀態：餘額 $48.04，持有部位 2 個，成交 30 筆
2026-09-01 12:01:54,891 [INFO] HTTP Request: GET https://clob.polymarket.com/balance-allowance?signature_type=3&asset_type=COLLATERAL "HTTP/2 200 OK"
2026-09-01 12:01:55,177 [INFO] HTTP Request: GET https://clob.polymarket.com/data/orders?next_cursor=MA%3D%3D "HTTP/2 200 OK"
2026-09-01 12:01:55,453 [INFO] HTTP Request: GET https://clob.polymarket.com/data/trades?next_cursor=MA%3D%3D "HTTP/2 200 OK"
2026-09-01 12:01:55,781 [INFO] HTTP Request: GET https://clob.polymarket.com/balance-allowance?signature_type=3&asset_type=CONDITIONAL&token_id=25733328574494573564106962933112715506635021858960967552608809708572094092689 "HTTP/2 200 OK"
2026-09-01 12:01:56,052 [INFO] HTTP Request: GET https://clob.polymarket.com/midpoint?token_id=25733328574494573564106962933112715506635021858960967552608809708572094092689 "HTTP/2 200 OK"
2026-09-01 12:01:56,323 [INFO] HTTP Request: GET https://clob.polymarket.com/balance-allowance?signature_type=3&asset_type=CONDITIONAL&token_id=64072557528806795697364097553081905342930799525954895195097442269026331622070 "HTTP/2 200 OK"
2026-09-01 12:01:56,593 [INFO] HTTP Request: GET https://clob.polymarket.com/midpoint?token_id=64072557528806795697364097553081905342930799525954895195097442269026331622070 "HTTP/2 200 OK"
2026-09-01 12:01:56,863 [INFO] HTTP Request: GET https://clob.polymarket.com/balance-allowance?signature_type=3&asset_type=CONDITIONAL&token_id=73762761860659734030891197316041785328834920454117099289556533947788426778871 "HTTP/2 200 OK"
2026-09-01 12:01:57,135 [INFO] HTTP Request: GET https://clob.polymarket.com/balance-allowance?signature_type=3&asset_type=CONDITIONAL&token_id=57943863669306782178144283301840016735275708897993195729399951880990118580844 "HTTP/2 200 OK"
2026-09-01 12:01:57,421 [INFO] HTTP Request: GET https://clob.polymarket.com/balance-allowance?signature_type=3&asset_type=CONDITIONAL&token_id=47615282314988048962232377836944794674273525829834186465285313272647874396868 "HTTP/2 200 OK"
2026-09-01 12:01:57,690 [INFO] HTTP Request: GET https://clob.polymarket.com/balance-allowance?signature_type=3&asset_type=CONDITIONAL&token_id=40226981542536983444919787300677464823405496856507835248518908133696697843012 "HTTP/2 200 OK"
2026-09-01 12:01:57,962 [INFO] HTTP Request: GET https://clob.polymarket.com/balance-allowance?signature_type=3&asset_type=CONDITIONAL&token_id=26476877693084651121621184216158038808086127859124156881728124490165576523451 "HTTP/2 200 OK"
2026-09-01 12:01:58,235 [INFO] HTTP Request: GET https://clob.polymarket.com/balance-allowance?signature_type=3&asset_type=CONDITIONAL&token_id=1209100588465112785678818703438506470483599541553020185250221908965218772872 "HTTP/2 200 OK"
2026-09-01 12:01:58,239 [INFO] 真實帳戶狀態：餘額 $48.04，持有部位 2 個，成交 30 筆
2026-09-01 12:02:08,616 [INFO] HTTP Request: GET https://clob.polymarket.com/balance-allowance?signature_type=3&asset_type=COLLATERAL "HTTP/2 200 OK"
2026-09-01 12:02:08,905 [INFO] HTTP Request: GET https://clob.polymarket.com/data/orders?next_cursor=MA%3D%3D "HTTP/2 200 OK"
2026-09-01 12:02:09,210 [INFO] HTTP Request: GET https://clob.polymarket.com/data/trades?next_cursor=MA%3D%3D "HTTP/2 200 OK"
2026-09-01 12:02:09,543 [INFO] HTTP Request: GET https://clob.polymarket.com/balance-allowance?signature_type=3&asset_type=CONDITIONAL&token_id=25733328574494573564106962933112715506635021858960967552608809708572094092689 "HTTP/2 200 OK"
2026-09-01 12:02:09,830 [INFO] HTTP Request: GET https://clob.polymarket.com/midpoint?token_id=25733328574494573564106962933112715506635021858960967552608809708572094092689 "HTTP/2 200 OK"
2026-09-01 12:02:10,116 [INFO] HTTP Request: GET https://clob.polymarket.com/balance-allowance?signature_type=3&asset_type=CONDITIONAL&token_id=64072557528806795697364097553081905342930799525954895195097442269026331622070 "HTTP/2 200 OK"
2026-09-01 12:02:10,391 [INFO] HTTP Request: GET https://clob.polymarket.com/midpoint?token_id=64072557528806795697364097553081905342930799525954895195097442269026331622070 "HTTP/2 200 OK"
2026-09-01 12:02:10,671 [INFO] HTTP Request: GET https://clob.polymarket.com/balance-allowance?signature_type=3&asset_type=CONDITIONAL&token_id=73762761860659734030891197316041785328834920454117099289556533947788426778871 "HTTP/2 200 OK"
2026-09-01 12:02:10,946 [INFO] HTTP Request: GET https://clob.polymarket.com/balance-allowance?signature_type=3&asset_type=CONDITIONAL&token_id=57943863669306782178144283301840016735275708897993195729399951880990118580844 "HTTP/2 200 OK"
2026-09-01 12:02:11,224 [INFO] HTTP Request: GET https://clob.polymarket.com/balance-allowance?signature_type=3&asset_type=CONDITIONAL&token_id=47615282314988048962232377836944794674273525829834186465285313272647874396868 "HTTP/2 200 OK"
2026-09-01 12:02:11,741 [INFO] HTTP Request: GET https://clob.polymarket.com/balance-allowance?signature_type=3&asset_type=CONDITIONAL&token_id=40226981542536983444919787300677464823405496856507835248518908133696697843012 "HTTP/2 200 OK"
2026-09-01 12:02:12,015 [INFO] HTTP Request: GET https://clob.polymarket.com/balance-allowance?signature_type=3&asset_type=CONDITIONAL&token_id=26476877693084651121621184216158038808086127859124156881728124490165576523451 "HTTP/2 200 OK"
2026-09-01 12:02:12,300 [INFO] HTTP Request: GET https://clob.polymarket.com/balance-allowance?signature_type=3&asset_type=CONDITIONAL&token_id=1209100588465112785678818703438506470483599541553020185250221908965218772872 "HTTP/2 200 OK"
2026-09-01 12:02:12,305 [INFO] 真實帳戶狀態：餘額 $48.04，持有部位 2 個，成交 30 筆
2026-09-01 12:02:22,696 [INFO] HTTP Request: GET https://clob.polymarket.com/balance-allowance?signature_type=3&asset_type=COLLATERAL "HTTP/2 200 OK"
2026-09-01 12:02:22,965 [INFO] HTTP Request: GET https://clob.polymarket.com/data/orders?next_cursor=MA%3D%3D "HTTP/2 200 OK"
2026-09-01 12:02:23,244 [INFO] HTTP Request: GET https://clob.polymarket.com/data/trades?next_cursor=MA%3D%3D "HTTP/2 200 OK"
2026-09-01 12:02:23,564 [INFO] HTTP Request: GET https://clob.polymarket.com/balance-allowance?signature_type=3&asset_type=CONDITIONAL&token_id=25733328574494573564106962933112715506635021858960967552608809708572094092689 "HTTP/2 200 OK"
2026-09-01 12:02:23,901 [INFO] HTTP Request: GET https://clob.polymarket.com/midpoint?token_id=25733328574494573564106962933112715506635021858960967552608809708572094092689 "HTTP/2 200 OK"
2026-09-01 12:02:24,174 [INFO] HTTP Request: GET https://clob.polymarket.com/balance-allowance?signature_type=3&asset_type=CONDITIONAL&token_id=64072557528806795697364097553081905342930799525954895195097442269026331622070 "HTTP/2 200 OK"
2026-09-01 12:02:24,449 [INFO] HTTP Request: GET https://clob.polymarket.com/midpoint?token_id=64072557528806795697364097553081905342930799525954895195097442269026331622070 "HTTP/2 200 OK"
2026-09-01 12:02:24,734 [INFO] HTTP Request: GET https://clob.polymarket.com/balance-allowance?signature_type=3&asset_type=CONDITIONAL&token_id=73762761860659734030891197316041785328834920454117099289556533947788426778871 "HTTP/2 200 OK"
2026-09-01 12:02:25,004 [INFO] HTTP Request: GET https://clob.polymarket.com/balance-allowance?signature_type=3&asset_type=CONDITIONAL&token_id=57943863669306782178144283301840016735275708897993195729399951880990118580844 "HTTP/2 200 OK"
2026-09-01 12:02:25,293 [INFO] HTTP Request: GET https://clob.polymarket.com/balance-allowance?signature_type=3&asset_type=CONDITIONAL&token_id=47615282314988048962232377836944794674273525829834186465285313272647874396868 "HTTP/2 200 OK"
2026-09-01 12:02:25,568 [INFO] HTTP Request: GET https://clob.polymarket.com/balance-allowance?signature_type=3&asset_type=CONDITIONAL&token_id=40226981542536983444919787300677464823405496856507835248518908133696697843012 "HTTP/2 200 OK"
2026-09-01 12:02:25,846 [INFO] HTTP Request: GET https://clob.polymarket.com/balance-allowance?signature_type=3&asset_type=CONDITIONAL&token_id=26476877693084651121621184216158038808086127859124156881728124490165576523451 "HTTP/2 200 OK"
2026-09-01 12:02:26,121 [INFO] HTTP Request: GET https://clob.polymarket.com/balance-allowance?signature_type=3&asset_type=CONDITIONAL&token_id=1209100588465112785678818703438506470483599541553020185250221908965218772872 "HTTP/2 200 OK"
2026-09-01 12:02:26,126 [INFO] 真實帳戶狀態：餘額 $48.04，持有部位 2 個，成交 30 筆
2026-09-01 12:02:36,509 [INFO] HTTP Request: GET https://clob.polymarket.com/balance-allowance?signature_type=3&asset_type=COLLATERAL "HTTP/2 200 OK"
2026-09-01 12:02:36,779 [INFO] HTTP Request: GET https://clob.polymarket.com/data/orders?next_cursor=MA%3D%3D "HTTP/2 200 OK"
2026-09-01 12:02:37,060 [INFO] HTTP Request: GET https://clob.polymarket.com/data/trades?next_cursor=MA%3D%3D "HTTP/2 200 OK"
2026-09-01 12:02:37,385 [INFO] HTTP Request: GET https://clob.polymarket.com/balance-allowance?signature_type=3&asset_type=CONDITIONAL&token_id=25733328574494573564106962933112715506635021858960967552608809708572094092689 "HTTP/2 200 OK"
2026-09-01 12:02:37,658 [INFO] HTTP Request: GET https://clob.polymarket.com/midpoint?token_id=25733328574494573564106962933112715506635021858960967552608809708572094092689 "HTTP/2 200 OK"
2026-09-01 12:02:37,939 [INFO] HTTP Request: GET https://clob.polymarket.com/balance-allowance?signature_type=3&asset_type=CONDITIONAL&token_id=64072557528806795697364097553081905342930799525954895195097442269026331622070 "HTTP/2 200 OK"
2026-09-01 12:02:38,213 [INFO] HTTP Request: GET https://clob.polymarket.com/midpoint?token_id=64072557528806795697364097553081905342930799525954895195097442269026331622070 "HTTP/2 404 Not Found"
2026-09-01 12:02:38,214 [ERROR] [py_clob_client_v2] request error status=404 url=https://clob.polymarket.com/midpoint body={"error":"No orderbook exists for the requested token id"}

2026-09-01 12:02:38,501 [INFO] HTTP Request: GET https://clob.polymarket.com/balance-allowance?signature_type=3&asset_type=CONDITIONAL&token_id=73762761860659734030891197316041785328834920454117099289556533947788426778871 "HTTP/2 200 OK"
2026-09-01 12:02:38,776 [INFO] HTTP Request: GET https://clob.polymarket.com/balance-allowance?signature_type=3&asset_type=CONDITIONAL&token_id=57943863669306782178144283301840016735275708897993195729399951880990118580844 "HTTP/2 200 OK"
2026-09-01 12:02:39,049 [INFO] HTTP Request: GET https://clob.polymarket.com/balance-allowance?signature_type=3&asset_type=CONDITIONAL&token_id=47615282314988048962232377836944794674273525829834186465285313272647874396868 "HTTP/2 200 OK"
2026-09-01 12:02:39,321 [INFO] HTTP Request: GET https://clob.polymarket.com/balance-allowance?signature_type=3&asset_type=CONDITIONAL&token_id=40226981542536983444919787300677464823405496856507835248518908133696697843012 "HTTP/2 200 OK"
2026-09-01 12:02:39,594 [INFO] HTTP Request: GET https://clob.polymarket.com/balance-allowance?signature_type=3&asset_type=CONDITIONAL&token_id=26476877693084651121621184216158038808086127859124156881728124490165576523451 "HTTP/2 200 OK"
2026-09-01 12:02:39,870 [INFO] HTTP Request: GET https://clob.polymarket.com/balance-allowance?signature_type=3&asset_type=CONDITIONAL&token_id=1209100588465112785678818703438506470483599541553020185250221908965218772872 "HTTP/2 200 OK"
2026-09-01 12:02:39,874 [INFO] 真實帳戶狀態：餘額 $48.04，持有部位 1 個，成交 30 筆
2026-09-01 12:02:50,248 [INFO] HTTP Request: GET https://clob.polymarket.com/balance-allowance?signature_type=3&asset_type=COLLATERAL "HTTP/2 200 OK"
2026-09-01 12:02:50,570 [INFO] HTTP Request: GET https://clob.polymarket.com/data/orders?next_cursor=MA%3D%3D "HTTP/2 200 OK"
2026-09-01 12:02:50,881 [INFO] HTTP Request: GET https://clob.polymarket.com/data/trades?next_cursor=MA%3D%3D "HTTP/2 200 OK"
2026-09-01 12:02:51,217 [INFO] HTTP Request: GET https://clob.polymarket.com/balance-allowance?signature_type=3&asset_type=CONDITIONAL&token_id=25733328574494573564106962933112715506635021858960967552608809708572094092689 "HTTP/2 200 OK"
2026-09-01 12:02:51,507 [INFO] HTTP Request: GET https://clob.polymarket.com/midpoint?token_id=25733328574494573564106962933112715506635021858960967552608809708572094092689 "HTTP/2 200 OK"
2026-09-01 12:02:51,816 [INFO] HTTP Request: GET https://clob.polymarket.com/balance-allowance?signature_type=3&asset_type=CONDITIONAL&token_id=73762761860659734030891197316041785328834920454117099289556533947788426778871 "HTTP/2 200 OK"
2026-09-01 12:02:52,124 [INFO] HTTP Request: GET https://clob.polymarket.com/balance-allowance?signature_type=3&asset_type=CONDITIONAL&token_id=57943863669306782178144283301840016735275708897993195729399951880990118580844 "HTTP/2 200 OK"
2026-09-01 12:02:52,414 [INFO] HTTP Request: GET https://clob.polymarket.com/balance-allowance?signature_type=3&asset_type=CONDITIONAL&token_id=47615282314988048962232377836944794674273525829834186465285313272647874396868 "HTTP/2 200 OK"
2026-09-01 12:02:52,706 [INFO] HTTP Request: GET https://clob.polymarket.com/balance-allowance?signature_type=3&asset_type=CONDITIONAL&token_id=40226981542536983444919787300677464823405496856507835248518908133696697843012 "HTTP/2 200 OK"
2026-09-01 12:02:53,000 [INFO] HTTP Request: GET https://clob.polymarket.com/balance-allowance?signature_type=3&asset_type=CONDITIONAL&token_id=26476877693084651121621184216158038808086127859124156881728124490165576523451 "HTTP/2 200 OK"
2026-09-01 12:02:53,294 [INFO] HTTP Request: GET https://clob.polymarket.com/balance-allowance?signature_type=3&asset_type=CONDITIONAL&token_id=1209100588465112785678818703438506470483599541553020185250221908965218772872 "HTTP/2 200 OK"
2026-09-01 12:02:53,297 [INFO] 真實帳戶狀態：餘額 $48.04，持有部位 1 個，成交 30 筆
2026-09-01 12:03:03,666 [INFO] HTTP Request: GET https://clob.polymarket.com/balance-allowance?signature_type=3&asset_type=COLLATERAL "HTTP/2 200 OK"
2026-09-01 12:03:03,935 [INFO] HTTP Request: GET https://clob.polymarket.com/data/orders?next_cursor=MA%3D%3D "HTTP/2 200 OK"
2026-09-01 12:03:04,217 [INFO] HTTP Request: GET https://clob.polymarket.com/data/trades?next_cursor=MA%3D%3D "HTTP/2 200 OK"
2026-09-01 12:03:04,546 [INFO] HTTP Request: GET https://clob.polymarket.com/balance-allowance?signature_type=3&asset_type=CONDITIONAL&token_id=25733328574494573564106962933112715506635021858960967552608809708572094092689 "HTTP/2 200 OK"
2026-09-01 12:03:04,830 [INFO] HTTP Request: GET https://clob.polymarket.com/midpoint?token_id=25733328574494573564106962933112715506635021858960967552608809708572094092689 "HTTP/2 200 OK"
2026-09-01 12:03:05,112 [INFO] HTTP Request: GET https://clob.polymarket.com/balance-allowance?signature_type=3&asset_type=CONDITIONAL&token_id=73762761860659734030891197316041785328834920454117099289556533947788426778871 "HTTP/2 200 OK"
2026-09-01 12:03:05,388 [INFO] HTTP Request: GET https://clob.polymarket.com/balance-allowance?signature_type=3&asset_type=CONDITIONAL&token_id=57943863669306782178144283301840016735275708897993195729399951880990118580844 "HTTP/2 200 OK"
2026-09-01 12:03:05,660 [INFO] HTTP Request: GET https://clob.polymarket.com/balance-allowance?signature_type=3&asset_type=CONDITIONAL&token_id=47615282314988048962232377836944794674273525829834186465285313272647874396868 "HTTP/2 200 OK"
2026-09-01 12:03:05,930 [INFO] HTTP Request: GET https://clob.polymarket.com/balance-allowance?signature_type=3&asset_type=CONDITIONAL&token_id=40226981542536983444919787300677464823405496856507835248518908133696697843012 "HTTP/2 200 OK"
2026-09-01 12:03:06,202 [INFO] HTTP Request: GET https://clob.polymarket.com/balance-allowance?signature_type=3&asset_type=CONDITIONAL&token_id=26476877693084651121621184216158038808086127859124156881728124490165576523451 "HTTP/2 200 OK"
2026-09-01 12:03:06,475 [INFO] HTTP Request: GET https://clob.polymarket.com/balance-allowance?signature_type=3&asset_type=CONDITIONAL&token_id=1209100588465112785678818703438506470483599541553020185250221908965218772872 "HTTP/2 200 OK"
2026-09-01 12:03:06,480 [INFO] 真實帳戶狀態：餘額 $48.04，持有部位 1 個，成交 30 筆
2026-09-01 12:03:16,867 [INFO] HTTP Request: GET https://clob.polymarket.com/balance-allowance?signature_type=3&asset_type=COLLATERAL "HTTP/2 200 OK"
2026-09-01 12:03:17,141 [INFO] HTTP Request: GET https://clob.polymarket.com/data/orders?next_cursor=MA%3D%3D "HTTP/2 200 OK"
2026-09-01 12:03:17,414 [INFO] HTTP Request: GET https://clob.polymarket.com/data/trades?next_cursor=MA%3D%3D "HTTP/2 200 OK"
2026-09-01 12:03:17,744 [INFO] HTTP Request: GET https://clob.polymarket.com/balance-allowance?signature_type=3&asset_type=CONDITIONAL&token_id=25733328574494573564106962933112715506635021858960967552608809708572094092689 "HTTP/2 200 OK"
2026-09-01 12:03:18,020 [INFO] HTTP Request: GET https://clob.polymarket.com/midpoint?token_id=25733328574494573564106962933112715506635021858960967552608809708572094092689 "HTTP/2 200 OK"
2026-09-01 12:03:18,297 [INFO] HTTP Request: GET https://clob.polymarket.com/balance-allowance?signature_type=3&asset_type=CONDITIONAL&token_id=73762761860659734030891197316041785328834920454117099289556533947788426778871 "HTTP/2 200 OK"
2026-09-01 12:03:18,568 [INFO] HTTP Request: GET https://clob.polymarket.com/balance-allowance?signature_type=3&asset_type=CONDITIONAL&token_id=57943863669306782178144283301840016735275708897993195729399951880990118580844 "HTTP/2 200 OK"
2026-09-01 12:03:18,837 [INFO] HTTP Request: GET https://clob.polymarket.com/balance-allowance?signature_type=3&asset_type=CONDITIONAL&token_id=47615282314988048962232377836944794674273525829834186465285313272647874396868 "HTTP/2 200 OK"
2026-09-01 12:03:19,173 [INFO] HTTP Request: GET https://clob.polymarket.com/balance-allowance?signature_type=3&asset_type=CONDITIONAL&token_id=40226981542536983444919787300677464823405496856507835248518908133696697843012 "HTTP/2 200 OK"
2026-09-01 12:03:19,502 [INFO] HTTP Request: GET https://clob.polymarket.com/balance-allowance?signature_type=3&asset_type=CONDITIONAL&token_id=26476877693084651121621184216158038808086127859124156881728124490165576523451 "HTTP/2 200 OK"
2026-09-01 12:03:19,776 [INFO] HTTP Request: GET https://clob.polymarket.com/balance-allowance?signature_type=3&asset_type=CONDITIONAL&token_id=1209100588465112785678818703438506470483599541553020185250221908965218772872 "HTTP/2 200 OK"
2026-09-01 12:03:19,780 [INFO] 真實帳戶狀態：餘額 $48.04，持有部位 1 個，成交 30 筆
2026-09-01 12:03:30,142 [INFO] HTTP Request: GET https://clob.polymarket.com/balance-allowance?signature_type=3&asset_type=COLLATERAL "HTTP/2 200 OK"
2026-09-01 12:03:30,421 [INFO] HTTP Request: GET https://clob.polymarket.com/data/orders?next_cursor=MA%3D%3D "HTTP/2 200 OK"
2026-09-01 12:03:30,700 [INFO] HTTP Request: GET https://clob.polymarket.com/data/trades?next_cursor=MA%3D%3D "HTTP/2 200 OK"
2026-09-01 12:03:31,025 [INFO] HTTP Request: GET https://clob.polymarket.com/balance-allowance?signature_type=3&asset_type=CONDITIONAL&token_id=25733328574494573564106962933112715506635021858960967552608809708572094092689 "HTTP/2 200 OK"
2026-09-01 12:03:31,293 [INFO] HTTP Request: GET https://clob.polymarket.com/midpoint?token_id=25733328574494573564106962933112715506635021858960967552608809708572094092689 "HTTP/2 200 OK"
2026-09-01 12:03:31,564 [INFO] HTTP Request: GET https://clob.polymarket.com/balance-allowance?signature_type=3&asset_type=CONDITIONAL&token_id=73762761860659734030891197316041785328834920454117099289556533947788426778871 "HTTP/2 200 OK"
2026-09-01 12:03:31,852 [INFO] HTTP Request: GET https://clob.polymarket.com/balance-allowance?signature_type=3&asset_type=CONDITIONAL&token_id=57943863669306782178144283301840016735275708897993195729399951880990118580844 "HTTP/2 200 OK"
2026-09-01 12:03:32,124 [INFO] HTTP Request: GET https://clob.polymarket.com/balance-allowance?signature_type=3&asset_type=CONDITIONAL&token_id=47615282314988048962232377836944794674273525829834186465285313272647874396868 "HTTP/2 200 OK"
2026-09-01 12:03:32,399 [INFO] HTTP Request: GET https://clob.polymarket.com/balance-allowance?signature_type=3&asset_type=CONDITIONAL&token_id=40226981542536983444919787300677464823405496856507835248518908133696697843012 "HTTP/2 200 OK"
2026-09-01 12:03:32,675 [INFO] HTTP Request: GET https://clob.polymarket.com/balance-allowance?signature_type=3&asset_type=CONDITIONAL&token_id=26476877693084651121621184216158038808086127859124156881728124490165576523451 "HTTP/2 200 OK"
2026-09-01 12:03:32,947 [INFO] HTTP Request: GET https://clob.polymarket.com/balance-allowance?signature_type=3&asset_type=CONDITIONAL&token_id=1209100588465112785678818703438506470483599541553020185250221908965218772872 "HTTP/2 200 OK"
2026-09-01 12:03:32,951 [INFO] 真實帳戶狀態：餘額 $48.04，持有部位 1 個，成交 30 筆
2026-09-01 12:03:43,315 [INFO] HTTP Request: GET https://clob.polymarket.com/balance-allowance?signature_type=3&asset_type=COLLATERAL "HTTP/2 200 OK"
2026-09-01 12:03:43,585 [INFO] HTTP Request: GET https://clob.polymarket.com/data/orders?next_cursor=MA%3D%3D "HTTP/2 200 OK"
2026-09-01 12:03:43,873 [INFO] HTTP Request: GET https://clob.polymarket.com/data/trades?next_cursor=MA%3D%3D "HTTP/2 200 OK"
2026-09-01 12:03:44,607 [INFO] HTTP Request: GET https://clob.polymarket.com/balance-allowance?signature_type=3&asset_type=CONDITIONAL&token_id=25733328574494573564106962933112715506635021858960967552608809708572094092689 "HTTP/2 200 OK"
2026-09-01 12:03:44,875 [INFO] HTTP Request: GET https://clob.polymarket.com/midpoint?token_id=25733328574494573564106962933112715506635021858960967552608809708572094092689 "HTTP/2 200 OK"
2026-09-01 12:03:45,148 [INFO] HTTP Request: GET https://clob.polymarket.com/balance-allowance?signature_type=3&asset_type=CONDITIONAL&token_id=73762761860659734030891197316041785328834920454117099289556533947788426778871 "HTTP/2 200 OK"
2026-09-01 12:03:45,428 [INFO] HTTP Request: GET https://clob.polymarket.com/balance-allowance?signature_type=3&asset_type=CONDITIONAL&token_id=57943863669306782178144283301840016735275708897993195729399951880990118580844 "HTTP/2 200 OK"
2026-09-01 12:03:45,706 [INFO] HTTP Request: GET https://clob.polymarket.com/balance-allowance?signature_type=3&asset_type=CONDITIONAL&token_id=47615282314988048962232377836944794674273525829834186465285313272647874396868 "HTTP/2 200 OK"
2026-09-01 12:03:45,980 [INFO] HTTP Request: GET https://clob.polymarket.com/balance-allowance?signature_type=3&asset_type=CONDITIONAL&token_id=40226981542536983444919787300677464823405496856507835248518908133696697843012 "HTTP/2 200 OK"
2026-09-01 12:03:46,254 [INFO] HTTP Request: GET https://clob.polymarket.com/balance-allowance?signature_type=3&asset_type=CONDITIONAL&token_id=26476877693084651121621184216158038808086127859124156881728124490165576523451 "HTTP/2 200 OK"
2026-09-01 12:03:46,524 [INFO] HTTP Request: GET https://clob.polymarket.com/balance-allowance?signature_type=3&asset_type=CONDITIONAL&token_id=1209100588465112785678818703438506470483599541553020185250221908965218772872 "HTTP/2 200 OK"
2026-09-01 12:03:46,530 [INFO] 真實帳戶狀態：餘額 $48.04，持有部位 1 個，成交 30 筆
2026-09-01 12:03:56,902 [INFO] HTTP Request: GET https://clob.polymarket.com/balance-allowance?signature_type=3&asset_type=COLLATERAL "HTTP/2 200 OK"
2026-09-01 12:03:57,388 [INFO] HTTP Request: GET https://clob.polymarket.com/data/orders?next_cursor=MA%3D%3D "HTTP/2 200 OK"
2026-09-01 12:03:57,667 [INFO] HTTP Request: GET https://clob.polymarket.com/data/trades?next_cursor=MA%3D%3D "HTTP/2 200 OK"
2026-09-01 12:03:57,999 [INFO] HTTP Request: GET https://clob.polymarket.com/balance-allowance?signature_type=3&asset_type=CONDITIONAL&token_id=25733328574494573564106962933112715506635021858960967552608809708572094092689 "HTTP/2 200 OK"
2026-09-01 12:03:58,267 [INFO] HTTP Request: GET https://clob.polymarket.com/midpoint?token_id=25733328574494573564106962933112715506635021858960967552608809708572094092689 "HTTP/2 200 OK"
2026-09-01 12:03:58,538 [INFO] HTTP Request: GET https://clob.polymarket.com/balance-allowance?signature_type=3&asset_type=CONDITIONAL&token_id=73762761860659734030891197316041785328834920454117099289556533947788426778871 "HTTP/2 200 OK"
2026-09-01 12:03:58,810 [INFO] HTTP Request: GET https://clob.polymarket.com/balance-allowance?signature_type=3&asset_type=CONDITIONAL&token_id=57943863669306782178144283301840016735275708897993195729399951880990118580844 "HTTP/2 200 OK"
2026-09-01 12:03:59,088 [INFO] HTTP Request: GET https://clob.polymarket.com/balance-allowance?signature_type=3&asset_type=CONDITIONAL&token_id=47615282314988048962232377836944794674273525829834186465285313272647874396868 "HTTP/2 200 OK"
2026-09-01 12:03:59,367 [INFO] HTTP Request: GET https://clob.polymarket.com/balance-allowance?signature_type=3&asset_type=CONDITIONAL&token_id=40226981542536983444919787300677464823405496856507835248518908133696697843012 "HTTP/2 200 OK"
2026-09-01 12:03:59,638 [INFO] HTTP Request: GET https://clob.polymarket.com/balance-allowance?signature_type=3&asset_type=CONDITIONAL&token_id=26476877693084651121621184216158038808086127859124156881728124490165576523451 "HTTP/2 200 OK"
2026-09-01 12:03:59,918 [INFO] HTTP Request: GET https://clob.polymarket.com/balance-allowance?signature_type=3&asset_type=CONDITIONAL&token_id=1209100588465112785678818703438506470483599541553020185250221908965218772872 "HTTP/2 200 OK"
2026-09-01 12:03:59,923 [INFO] 真實帳戶狀態：餘額 $48.04，持有部位 1 個，成交 30 筆
2026-09-01 12:04:10,287 [INFO] HTTP Request: GET https://clob.polymarket.com/balance-allowance?signature_type=3&asset_type=COLLATERAL "HTTP/2 200 OK"
2026-09-01 12:04:10,563 [INFO] HTTP Request: GET https://clob.polymarket.com/data/orders?next_cursor=MA%3D%3D "HTTP/2 200 OK"
2026-09-01 12:04:10,850 [INFO] HTTP Request: GET https://clob.polymarket.com/data/trades?next_cursor=MA%3D%3D "HTTP/2 200 OK"
2026-09-01 12:04:11,578 [INFO] HTTP Request: GET https://clob.polymarket.com/balance-allowance?signature_type=3&asset_type=CONDITIONAL&token_id=25733328574494573564106962933112715506635021858960967552608809708572094092689 "HTTP/2 200 OK"
2026-09-01 12:04:11,845 [INFO] HTTP Request: GET https://clob.polymarket.com/midpoint?token_id=25733328574494573564106962933112715506635021858960967552608809708572094092689 "HTTP/2 200 OK"
2026-09-01 12:04:12,118 [INFO] HTTP Request: GET https://clob.polymarket.com/balance-allowance?signature_type=3&asset_type=CONDITIONAL&token_id=73762761860659734030891197316041785328834920454117099289556533947788426778871 "HTTP/2 200 OK"
2026-09-01 12:04:12,389 [INFO] HTTP Request: GET https://clob.polymarket.com/balance-allowance?signature_type=3&asset_type=CONDITIONAL&token_id=57943863669306782178144283301840016735275708897993195729399951880990118580844 "HTTP/2 200 OK"
2026-09-01 12:04:12,657 [INFO] HTTP Request: GET https://clob.polymarket.com/balance-allowance?signature_type=3&asset_type=CONDITIONAL&token_id=47615282314988048962232377836944794674273525829834186465285313272647874396868 "HTTP/2 200 OK"
2026-09-01 12:04:12,929 [INFO] HTTP Request: GET https://clob.polymarket.com/balance-allowance?signature_type=3&asset_type=CONDITIONAL&token_id=40226981542536983444919787300677464823405496856507835248518908133696697843012 "HTTP/2 200 OK"
2026-09-01 12:04:13,200 [INFO] HTTP Request: GET https://clob.polymarket.com/balance-allowance?signature_type=3&asset_type=CONDITIONAL&token_id=26476877693084651121621184216158038808086127859124156881728124490165576523451 "HTTP/2 200 OK"
2026-09-01 12:04:13,476 [INFO] HTTP Request: GET https://clob.polymarket.com/balance-allowance?signature_type=3&asset_type=CONDITIONAL&token_id=1209100588465112785678818703438506470483599541553020185250221908965218772872 "HTTP/2 200 OK"
2026-09-01 12:04:13,480 [INFO] 真實帳戶狀態：餘額 $48.04，持有部位 1 個，成交 30 筆
2026-09-01 12:04:23,881 [INFO] HTTP Request: GET https://clob.polymarket.com/balance-allowance?signature_type=3&asset_type=COLLATERAL "HTTP/2 200 OK"
2026-09-01 12:04:24,150 [INFO] HTTP Request: GET https://clob.polymarket.com/data/orders?next_cursor=MA%3D%3D "HTTP/2 200 OK"
2026-09-01 12:04:24,425 [INFO] HTTP Request: GET https://clob.polymarket.com/data/trades?next_cursor=MA%3D%3D "HTTP/2 200 OK"
2026-09-01 12:04:24,769 [INFO] HTTP Request: GET https://clob.polymarket.com/balance-allowance?signature_type=3&asset_type=CONDITIONAL&token_id=25733328574494573564106962933112715506635021858960967552608809708572094092689 "HTTP/2 200 OK"
2026-09-01 12:04:25,044 [INFO] HTTP Request: GET https://clob.polymarket.com/midpoint?token_id=25733328574494573564106962933112715506635021858960967552608809708572094092689 "HTTP/2 200 OK"
2026-09-01 12:04:25,314 [INFO] HTTP Request: GET https://clob.polymarket.com/balance-allowance?signature_type=3&asset_type=CONDITIONAL&token_id=73762761860659734030891197316041785328834920454117099289556533947788426778871 "HTTP/2 200 OK"
2026-09-01 12:04:25,599 [INFO] HTTP Request: GET https://clob.polymarket.com/balance-allowance?signature_type=3&asset_type=CONDITIONAL&token_id=57943863669306782178144283301840016735275708897993195729399951880990118580844 "HTTP/2 200 OK"
2026-09-01 12:04:25,882 [INFO] HTTP Request: GET https://clob.polymarket.com/balance-allowance?signature_type=3&asset_type=CONDITIONAL&token_id=47615282314988048962232377836944794674273525829834186465285313272647874396868 "HTTP/2 200 OK"
2026-09-01 12:04:26,154 [INFO] HTTP Request: GET https://clob.polymarket.com/balance-allowance?signature_type=3&asset_type=CONDITIONAL&token_id=40226981542536983444919787300677464823405496856507835248518908133696697843012 "HTTP/2 200 OK"
2026-09-01 12:04:26,439 [INFO] HTTP Request: GET https://clob.polymarket.com/balance-allowance?signature_type=3&asset_type=CONDITIONAL&token_id=26476877693084651121621184216158038808086127859124156881728124490165576523451 "HTTP/2 200 OK"
2026-09-01 12:04:26,723 [INFO] HTTP Request: GET https://clob.polymarket.com/balance-allowance?signature_type=3&asset_type=CONDITIONAL&token_id=1209100588465112785678818703438506470483599541553020185250221908965218772872 "HTTP/2 200 OK"
2026-09-01 12:04:26,727 [INFO] 真實帳戶狀態：餘額 $48.04，持有部位 1 個，成交 30 筆
2026-09-01 12:04:37,104 [INFO] HTTP Request: GET https://clob.polymarket.com/balance-allowance?signature_type=3&asset_type=COLLATERAL "HTTP/2 200 OK"
2026-09-01 12:04:37,599 [INFO] HTTP Request: GET https://clob.polymarket.com/data/orders?next_cursor=MA%3D%3D "HTTP/2 200 OK"
2026-09-01 12:04:37,879 [INFO] HTTP Request: GET https://clob.polymarket.com/data/trades?next_cursor=MA%3D%3D "HTTP/2 200 OK"
2026-09-01 12:04:38,202 [INFO] HTTP Request: GET https://clob.polymarket.com/balance-allowance?signature_type=3&asset_type=CONDITIONAL&token_id=25733328574494573564106962933112715506635021858960967552608809708572094092689 "HTTP/2 200 OK"
2026-09-01 12:04:38,470 [INFO] HTTP Request: GET https://clob.polymarket.com/midpoint?token_id=25733328574494573564106962933112715506635021858960967552608809708572094092689 "HTTP/2 200 OK"
2026-09-01 12:04:38,741 [INFO] HTTP Request: GET https://clob.polymarket.com/balance-allowance?signature_type=3&asset_type=CONDITIONAL&token_id=73762761860659734030891197316041785328834920454117099289556533947788426778871 "HTTP/2 200 OK"
2026-09-01 12:04:39,021 [INFO] HTTP Request: GET https://clob.polymarket.com/balance-allowance?signature_type=3&asset_type=CONDITIONAL&token_id=57943863669306782178144283301840016735275708897993195729399951880990118580844 "HTTP/2 200 OK"
2026-09-01 12:04:39,290 [INFO] HTTP Request: GET https://clob.polymarket.com/balance-allowance?signature_type=3&asset_type=CONDITIONAL&token_id=47615282314988048962232377836944794674273525829834186465285313272647874396868 "HTTP/2 200 OK"
2026-09-01 12:04:39,560 [INFO] HTTP Request: GET https://clob.polymarket.com/balance-allowance?signature_type=3&asset_type=CONDITIONAL&token_id=40226981542536983444919787300677464823405496856507835248518908133696697843012 "HTTP/2 200 OK"
2026-09-01 12:04:39,839 [INFO] HTTP Request: GET https://clob.polymarket.com/balance-allowance?signature_type=3&asset_type=CONDITIONAL&token_id=26476877693084651121621184216158038808086127859124156881728124490165576523451 "HTTP/2 200 OK"
2026-09-01 12:04:40,123 [INFO] HTTP Request: GET https://clob.polymarket.com/balance-allowance?signature_type=3&asset_type=CONDITIONAL&token_id=1209100588465112785678818703438506470483599541553020185250221908965218772872 "HTTP/2 200 OK"
2026-09-01 12:04:40,127 [INFO] 真實帳戶狀態：餘額 $48.04，持有部位 1 個，成交 30 筆
2026-09-01 12:04:50,496 [INFO] HTTP Request: GET https://clob.polymarket.com/balance-allowance?signature_type=3&asset_type=COLLATERAL "HTTP/2 200 OK"
2026-09-01 12:04:50,772 [INFO] HTTP Request: GET https://clob.polymarket.com/data/orders?next_cursor=MA%3D%3D "HTTP/2 200 OK"
2026-09-01 12:04:51,055 [INFO] HTTP Request: GET https://clob.polymarket.com/data/trades?next_cursor=MA%3D%3D "HTTP/2 200 OK"
2026-09-01 12:04:51,379 [INFO] HTTP Request: GET https://clob.polymarket.com/balance-allowance?signature_type=3&asset_type=CONDITIONAL&token_id=25733328574494573564106962933112715506635021858960967552608809708572094092689 "HTTP/2 200 OK"
2026-09-01 12:04:51,658 [INFO] HTTP Request: GET https://clob.polymarket.com/midpoint?token_id=25733328574494573564106962933112715506635021858960967552608809708572094092689 "HTTP/2 200 OK"
2026-09-01 12:04:51,935 [INFO] HTTP Request: GET https://clob.polymarket.com/balance-allowance?signature_type=3&asset_type=CONDITIONAL&token_id=73762761860659734030891197316041785328834920454117099289556533947788426778871 "HTTP/2 200 OK"
2026-09-01 12:04:52,206 [INFO] HTTP Request: GET https://clob.polymarket.com/balance-allowance?signature_type=3&asset_type=CONDITIONAL&token_id=57943863669306782178144283301840016735275708897993195729399951880990118580844 "HTTP/2 200 OK"
2026-09-01 12:04:52,484 [INFO] HTTP Request: GET https://clob.polymarket.com/balance-allowance?signature_type=3&asset_type=CONDITIONAL&token_id=47615282314988048962232377836944794674273525829834186465285313272647874396868 "HTTP/2 200 OK"
2026-09-01 12:04:52,755 [INFO] HTTP Request: GET https://clob.polymarket.com/balance-allowance?signature_type=3&asset_type=CONDITIONAL&token_id=40226981542536983444919787300677464823405496856507835248518908133696697843012 "HTTP/2 200 OK"
2026-09-01 12:04:53,026 [INFO] HTTP Request: GET https://clob.polymarket.com/balance-allowance?signature_type=3&asset_type=CONDITIONAL&token_id=26476877693084651121621184216158038808086127859124156881728124490165576523451 "HTTP/2 200 OK"
2026-09-01 12:04:53,297 [INFO] HTTP Request: GET https://clob.polymarket.com/balance-allowance?signature_type=3&asset_type=CONDITIONAL&token_id=1209100588465112785678818703438506470483599541553020185250221908965218772872 "HTTP/2 200 OK"
2026-09-01 12:04:53,301 [INFO] 真實帳戶狀態：餘額 $48.04，持有部位 1 個，成交 30 筆
2026-09-01 12:05:03,673 [INFO] HTTP Request: GET https://clob.polymarket.com/balance-allowance?signature_type=3&asset_type=COLLATERAL "HTTP/2 200 OK"
2026-09-01 12:05:03,948 [INFO] HTTP Request: GET https://clob.polymarket.com/data/orders?next_cursor=MA%3D%3D "HTTP/2 200 OK"
2026-09-01 12:05:04,230 [INFO] HTTP Request: GET https://clob.polymarket.com/data/trades?next_cursor=MA%3D%3D "HTTP/2 200 OK"
2026-09-01 12:05:04,559 [INFO] HTTP Request: GET https://clob.polymarket.com/balance-allowance?signature_type=3&asset_type=CONDITIONAL&token_id=25733328574494573564106962933112715506635021858960967552608809708572094092689 "HTTP/2 200 OK"
2026-09-01 12:05:04,831 [INFO] HTTP Request: GET https://clob.polymarket.com/midpoint?token_id=25733328574494573564106962933112715506635021858960967552608809708572094092689 "HTTP/2 200 OK"
2026-09-01 12:05:05,110 [INFO] HTTP Request: GET https://clob.polymarket.com/balance-allowance?signature_type=3&asset_type=CONDITIONAL&token_id=73762761860659734030891197316041785328834920454117099289556533947788426778871 "HTTP/2 200 OK"
2026-09-01 12:05:05,393 [INFO] HTTP Request: GET https://clob.polymarket.com/balance-allowance?signature_type=3&asset_type=CONDITIONAL&token_id=57943863669306782178144283301840016735275708897993195729399951880990118580844 "HTTP/2 200 OK"
2026-09-01 12:05:05,662 [INFO] HTTP Request: GET https://clob.polymarket.com/balance-allowance?signature_type=3&asset_type=CONDITIONAL&token_id=47615282314988048962232377836944794674273525829834186465285313272647874396868 "HTTP/2 200 OK"
2026-09-01 12:05:05,938 [INFO] HTTP Request: GET https://clob.polymarket.com/balance-allowance?signature_type=3&asset_type=CONDITIONAL&token_id=40226981542536983444919787300677464823405496856507835248518908133696697843012 "HTTP/2 200 OK"
2026-09-01 12:05:06,207 [INFO] HTTP Request: GET https://clob.polymarket.com/balance-allowance?signature_type=3&asset_type=CONDITIONAL&token_id=26476877693084651121621184216158038808086127859124156881728124490165576523451 "HTTP/2 200 OK"
2026-09-01 12:05:06,477 [INFO] HTTP Request: GET https://clob.polymarket.com/balance-allowance?signature_type=3&asset_type=CONDITIONAL&token_id=1209100588465112785678818703438506470483599541553020185250221908965218772872 "HTTP/2 200 OK"
2026-09-01 12:05:06,479 [INFO] 真實帳戶狀態：餘額 $48.04，持有部位 1 個，成交 30 筆
2026-09-01 12:05:16,844 [INFO] HTTP Request: GET https://clob.polymarket.com/balance-allowance?signature_type=3&asset_type=COLLATERAL "HTTP/2 200 OK"
2026-09-01 12:05:17,116 [INFO] HTTP Request: GET https://clob.polymarket.com/data/orders?next_cursor=MA%3D%3D "HTTP/2 200 OK"
2026-09-01 12:05:17,515 [INFO] HTTP Request: GET https://clob.polymarket.com/data/trades?next_cursor=MA%3D%3D "HTTP/2 200 OK"
2026-09-01 12:05:17,841 [INFO] HTTP Request: GET https://clob.polymarket.com/balance-allowance?signature_type=3&asset_type=CONDITIONAL&token_id=25733328574494573564106962933112715506635021858960967552608809708572094092689 "HTTP/2 200 OK"
2026-09-01 12:05:18,118 [INFO] HTTP Request: GET https://clob.polymarket.com/midpoint?token_id=25733328574494573564106962933112715506635021858960967552608809708572094092689 "HTTP/2 200 OK"
2026-09-01 12:05:18,395 [INFO] HTTP Request: GET https://clob.polymarket.com/balance-allowance?signature_type=3&asset_type=CONDITIONAL&token_id=73762761860659734030891197316041785328834920454117099289556533947788426778871 "HTTP/2 200 OK"
2026-09-01 12:05:18,682 [INFO] HTTP Request: GET https://clob.polymarket.com/balance-allowance?signature_type=3&asset_type=CONDITIONAL&token_id=57943863669306782178144283301840016735275708897993195729399951880990118580844 "HTTP/2 200 OK"
2026-09-01 12:05:18,957 [INFO] HTTP Request: GET https://clob.polymarket.com/balance-allowance?signature_type=3&asset_type=CONDITIONAL&token_id=47615282314988048962232377836944794674273525829834186465285313272647874396868 "HTTP/2 200 OK"
2026-09-01 12:05:19,227 [INFO] HTTP Request: GET https://clob.polymarket.com/balance-allowance?signature_type=3&asset_type=CONDITIONAL&token_id=40226981542536983444919787300677464823405496856507835248518908133696697843012 "HTTP/2 200 OK"
2026-09-01 12:05:19,497 [INFO] HTTP Request: GET https://clob.polymarket.com/balance-allowance?signature_type=3&asset_type=CONDITIONAL&token_id=26476877693084651121621184216158038808086127859124156881728124490165576523451 "HTTP/2 200 OK"
2026-09-01 12:05:19,769 [INFO] HTTP Request: GET https://clob.polymarket.com/balance-allowance?signature_type=3&asset_type=CONDITIONAL&token_id=1209100588465112785678818703438506470483599541553020185250221908965218772872 "HTTP/2 200 OK"
2026-09-01 12:05:19,772 [INFO] 真實帳戶狀態：餘額 $48.04，持有部位 1 個，成交 30 筆
2026-09-01 12:05:30,127 [INFO] HTTP Request: GET https://clob.polymarket.com/balance-allowance?signature_type=3&asset_type=COLLATERAL "HTTP/2 200 OK"
2026-09-01 12:05:30,405 [INFO] HTTP Request: GET https://clob.polymarket.com/data/orders?next_cursor=MA%3D%3D "HTTP/2 200 OK"
2026-09-01 12:05:30,692 [INFO] HTTP Request: GET https://clob.polymarket.com/data/trades?next_cursor=MA%3D%3D "HTTP/2 200 OK"
2026-09-01 12:05:31,020 [INFO] HTTP Request: GET https://clob.polymarket.com/balance-allowance?signature_type=3&asset_type=CONDITIONAL&token_id=25733328574494573564106962933112715506635021858960967552608809708572094092689 "HTTP/2 200 OK"
2026-09-01 12:05:31,290 [INFO] HTTP Request: GET https://clob.polymarket.com/midpoint?token_id=25733328574494573564106962933112715506635021858960967552608809708572094092689 "HTTP/2 200 OK"
2026-09-01 12:05:31,562 [INFO] HTTP Request: GET https://clob.polymarket.com/balance-allowance?signature_type=3&asset_type=CONDITIONAL&token_id=73762761860659734030891197316041785328834920454117099289556533947788426778871 "HTTP/2 200 OK"
2026-09-01 12:05:31,843 [INFO] HTTP Request: GET https://clob.polymarket.com/balance-allowance?signature_type=3&asset_type=CONDITIONAL&token_id=57943863669306782178144283301840016735275708897993195729399951880990118580844 "HTTP/2 200 OK"
2026-09-01 12:05:32,122 [INFO] HTTP Request: GET https://clob.polymarket.com/balance-allowance?signature_type=3&asset_type=CONDITIONAL&token_id=47615282314988048962232377836944794674273525829834186465285313272647874396868 "HTTP/2 200 OK"
2026-09-01 12:05:32,401 [INFO] HTTP Request: GET https://clob.polymarket.com/balance-allowance?signature_type=3&asset_type=CONDITIONAL&token_id=40226981542536983444919787300677464823405496856507835248518908133696697843012 "HTTP/2 200 OK"
2026-09-01 12:05:32,671 [INFO] HTTP Request: GET https://clob.polymarket.com/balance-allowance?signature_type=3&asset_type=CONDITIONAL&token_id=26476877693084651121621184216158038808086127859124156881728124490165576523451 "HTTP/2 200 OK"
2026-09-01 12:05:32,945 [INFO] HTTP Request: GET https://clob.polymarket.com/balance-allowance?signature_type=3&asset_type=CONDITIONAL&token_id=1209100588465112785678818703438506470483599541553020185250221908965218772872 "HTTP/2 200 OK"
2026-09-01 12:05:32,949 [INFO] 真實帳戶狀態：餘額 $48.04，持有部位 1 個，成交 30 筆
2026-09-01 12:05:43,327 [INFO] HTTP Request: GET https://clob.polymarket.com/balance-allowance?signature_type=3&asset_type=COLLATERAL "HTTP/2 200 OK"
2026-09-01 12:05:43,632 [INFO] HTTP Request: GET https://clob.polymarket.com/data/orders?next_cursor=MA%3D%3D "HTTP/2 200 OK"
2026-09-01 12:05:43,912 [INFO] HTTP Request: GET https://clob.polymarket.com/data/trades?next_cursor=MA%3D%3D "HTTP/2 200 OK"
2026-09-01 12:05:44,246 [INFO] HTTP Request: GET https://clob.polymarket.com/balance-allowance?signature_type=3&asset_type=CONDITIONAL&token_id=25733328574494573564106962933112715506635021858960967552608809708572094092689 "HTTP/2 200 OK"
2026-09-01 12:05:44,516 [INFO] HTTP Request: GET https://clob.polymarket.com/midpoint?token_id=25733328574494573564106962933112715506635021858960967552608809708572094092689 "HTTP/2 200 OK"
2026-09-01 12:05:44,794 [INFO] HTTP Request: GET https://clob.polymarket.com/balance-allowance?signature_type=3&asset_type=CONDITIONAL&token_id=73762761860659734030891197316041785328834920454117099289556533947788426778871 "HTTP/2 200 OK"
2026-09-01 12:05:45,074 [INFO] HTTP Request: GET https://clob.polymarket.com/balance-allowance?signature_type=3&asset_type=CONDITIONAL&token_id=57943863669306782178144283301840016735275708897993195729399951880990118580844 "HTTP/2 200 OK"
2026-09-01 12:05:45,352 [INFO] HTTP Request: GET https://clob.polymarket.com/balance-allowance?signature_type=3&asset_type=CONDITIONAL&token_id=47615282314988048962232377836944794674273525829834186465285313272647874396868 "HTTP/2 200 OK"
2026-09-01 12:05:45,640 [INFO] HTTP Request: GET https://clob.polymarket.com/balance-allowance?signature_type=3&asset_type=CONDITIONAL&token_id=40226981542536983444919787300677464823405496856507835248518908133696697843012 "HTTP/2 200 OK"
2026-09-01 12:05:45,919 [INFO] HTTP Request: GET https://clob.polymarket.com/balance-allowance?signature_type=3&asset_type=CONDITIONAL&token_id=26476877693084651121621184216158038808086127859124156881728124490165576523451 "HTTP/2 200 OK"
2026-09-01 12:05:46,215 [INFO] HTTP Request: GET https://clob.polymarket.com/balance-allowance?signature_type=3&asset_type=CONDITIONAL&token_id=1209100588465112785678818703438506470483599541553020185250221908965218772872 "HTTP/2 200 OK"
2026-09-01 12:05:46,218 [INFO] 真實帳戶狀態：餘額 $48.04，持有部位 1 個，成交 30 筆
2026-09-01 12:05:56,588 [INFO] HTTP Request: GET https://clob.polymarket.com/balance-allowance?signature_type=3&asset_type=COLLATERAL "HTTP/2 200 OK"
2026-09-01 12:05:56,867 [INFO] HTTP Request: GET https://clob.polymarket.com/data/orders?next_cursor=MA%3D%3D "HTTP/2 200 OK"
2026-09-01 12:05:57,167 [INFO] HTTP Request: GET https://clob.polymarket.com/data/trades?next_cursor=MA%3D%3D "HTTP/2 200 OK"
2026-09-01 12:05:57,509 [INFO] HTTP Request: GET https://clob.polymarket.com/balance-allowance?signature_type=3&asset_type=CONDITIONAL&token_id=87469275844464643981155407533839324142931345613048856190211009216034181841646 "HTTP/2 200 OK"
2026-09-01 12:05:57,791 [INFO] HTTP Request: GET https://clob.polymarket.com/midpoint?token_id=87469275844464643981155407533839324142931345613048856190211009216034181841646 "HTTP/2 200 OK"
2026-09-01 12:05:58,201 [INFO] HTTP Request: GET https://clob.polymarket.com/balance-allowance?signature_type=3&asset_type=CONDITIONAL&token_id=25733328574494573564106962933112715506635021858960967552608809708572094092689 "HTTP/2 200 OK"
2026-09-01 12:05:58,478 [INFO] HTTP Request: GET https://clob.polymarket.com/midpoint?token_id=25733328574494573564106962933112715506635021858960967552608809708572094092689 "HTTP/2 200 OK"
2026-09-01 12:05:58,767 [INFO] HTTP Request: GET https://clob.polymarket.com/balance-allowance?signature_type=3&asset_type=CONDITIONAL&token_id=73762761860659734030891197316041785328834920454117099289556533947788426778871 "HTTP/2 200 OK"
2026-09-01 12:05:59,073 [INFO] HTTP Request: GET https://clob.polymarket.com/balance-allowance?signature_type=3&asset_type=CONDITIONAL&token_id=57943863669306782178144283301840016735275708897993195729399951880990118580844 "HTTP/2 200 OK"
2026-09-01 12:05:59,352 [INFO] HTTP Request: GET https://clob.polymarket.com/balance-allowance?signature_type=3&asset_type=CONDITIONAL&token_id=47615282314988048962232377836944794674273525829834186465285313272647874396868 "HTTP/2 200 OK"
2026-09-01 12:05:59,635 [INFO] HTTP Request: GET https://clob.polymarket.com/balance-allowance?signature_type=3&asset_type=CONDITIONAL&token_id=40226981542536983444919787300677464823405496856507835248518908133696697843012 "HTTP/2 200 OK"
2026-09-01 12:05:59,915 [INFO] HTTP Request: GET https://clob.polymarket.com/balance-allowance?signature_type=3&asset_type=CONDITIONAL&token_id=26476877693084651121621184216158038808086127859124156881728124490165576523451 "HTTP/2 200 OK"
2026-09-01 12:05:59,920 [INFO] 真實帳戶狀態：餘額 $46.06，持有部位 2 個，成交 30 筆
2026-09-01 12:06:10,319 [INFO] HTTP Request: GET https://clob.polymarket.com/balance-allowance?signature_type=3&asset_type=COLLATERAL "HTTP/2 200 OK"
2026-09-01 12:06:10,596 [INFO] HTTP Request: GET https://clob.polymarket.com/data/orders?next_cursor=MA%3D%3D "HTTP/2 200 OK"
2026-09-01 12:06:10,876 [INFO] HTTP Request: GET https://clob.polymarket.com/data/trades?next_cursor=MA%3D%3D "HTTP/2 200 OK"
2026-09-01 12:06:11,221 [INFO] HTTP Request: GET https://clob.polymarket.com/balance-allowance?signature_type=3&asset_type=CONDITIONAL&token_id=87469275844464643981155407533839324142931345613048856190211009216034181841646 "HTTP/2 200 OK"
2026-09-01 12:06:11,496 [INFO] HTTP Request: GET https://clob.polymarket.com/midpoint?token_id=87469275844464643981155407533839324142931345613048856190211009216034181841646 "HTTP/2 200 OK"
2026-09-01 12:06:11,768 [INFO] HTTP Request: GET https://clob.polymarket.com/balance-allowance?signature_type=3&asset_type=CONDITIONAL&token_id=25733328574494573564106962933112715506635021858960967552608809708572094092689 "HTTP/2 200 OK"
2026-09-01 12:06:12,045 [INFO] HTTP Request: GET https://clob.polymarket.com/midpoint?token_id=25733328574494573564106962933112715506635021858960967552608809708572094092689 "HTTP/2 200 OK"
2026-09-01 12:06:12,324 [INFO] HTTP Request: GET https://clob.polymarket.com/balance-allowance?signature_type=3&asset_type=CONDITIONAL&token_id=73762761860659734030891197316041785328834920454117099289556533947788426778871 "HTTP/2 200 OK"
2026-09-01 12:06:12,598 [INFO] HTTP Request: GET https://clob.polymarket.com/balance-allowance?signature_type=3&asset_type=CONDITIONAL&token_id=57943863669306782178144283301840016735275708897993195729399951880990118580844 "HTTP/2 200 OK"
2026-09-01 12:06:12,873 [INFO] HTTP Request: GET https://clob.polymarket.com/balance-allowance?signature_type=3&asset_type=CONDITIONAL&token_id=47615282314988048962232377836944794674273525829834186465285313272647874396868 "HTTP/2 200 OK"
2026-09-01 12:06:13,154 [INFO] HTTP Request: GET https://clob.polymarket.com/balance-allowance?signature_type=3&asset_type=CONDITIONAL&token_id=40226981542536983444919787300677464823405496856507835248518908133696697843012 "HTTP/2 200 OK"
2026-09-01 12:06:13,486 [INFO] HTTP Request: GET https://clob.polymarket.com/balance-allowance?signature_type=3&asset_type=CONDITIONAL&token_id=26476877693084651121621184216158038808086127859124156881728124490165576523451 "HTTP/2 200 OK"
2026-09-01 12:06:13,490 [INFO] 真實帳戶狀態：餘額 $46.06，持有部位 2 個，成交 30 筆
2026-09-01 12:06:23,853 [INFO] HTTP Request: GET https://clob.polymarket.com/balance-allowance?signature_type=3&asset_type=COLLATERAL "HTTP/2 200 OK"
2026-09-01 12:06:24,126 [INFO] HTTP Request: GET https://clob.polymarket.com/data/orders?next_cursor=MA%3D%3D "HTTP/2 200 OK"
2026-09-01 12:06:24,403 [INFO] HTTP Request: GET https://clob.polymarket.com/data/trades?next_cursor=MA%3D%3D "HTTP/2 200 OK"
2026-09-01 12:06:24,731 [INFO] HTTP Request: GET https://clob.polymarket.com/balance-allowance?signature_type=3&asset_type=CONDITIONAL&token_id=87469275844464643981155407533839324142931345613048856190211009216034181841646 "HTTP/2 200 OK"
2026-09-01 12:06:25,008 [INFO] HTTP Request: GET https://clob.polymarket.com/midpoint?token_id=87469275844464643981155407533839324142931345613048856190211009216034181841646 "HTTP/2 200 OK"
2026-09-01 12:06:25,280 [INFO] HTTP Request: GET https://clob.polymarket.com/balance-allowance?signature_type=3&asset_type=CONDITIONAL&token_id=25733328574494573564106962933112715506635021858960967552608809708572094092689 "HTTP/2 200 OK"
2026-09-01 12:06:25,550 [INFO] HTTP Request: GET https://clob.polymarket.com/midpoint?token_id=25733328574494573564106962933112715506635021858960967552608809708572094092689 "HTTP/2 200 OK"
2026-09-01 12:06:25,823 [INFO] HTTP Request: GET https://clob.polymarket.com/balance-allowance?signature_type=3&asset_type=CONDITIONAL&token_id=73762761860659734030891197316041785328834920454117099289556533947788426778871 "HTTP/2 200 OK"
2026-09-01 12:06:26,097 [INFO] HTTP Request: GET https://clob.polymarket.com/balance-allowance?signature_type=3&asset_type=CONDITIONAL&token_id=57943863669306782178144283301840016735275708897993195729399951880990118580844 "HTTP/2 200 OK"
2026-09-01 12:06:26,371 [INFO] HTTP Request: GET https://clob.polymarket.com/balance-allowance?signature_type=3&asset_type=CONDITIONAL&token_id=47615282314988048962232377836944794674273525829834186465285313272647874396868 "HTTP/2 200 OK"
2026-09-01 12:06:26,661 [INFO] HTTP Request: GET https://clob.polymarket.com/balance-allowance?signature_type=3&asset_type=CONDITIONAL&token_id=40226981542536983444919787300677464823405496856507835248518908133696697843012 "HTTP/2 200 OK"
2026-09-01 12:06:26,932 [INFO] HTTP Request: GET https://clob.polymarket.com/balance-allowance?signature_type=3&asset_type=CONDITIONAL&token_id=26476877693084651121621184216158038808086127859124156881728124490165576523451 "HTTP/2 200 OK"
2026-09-01 12:06:26,935 [INFO] 真實帳戶狀態：餘額 $46.06，持有部位 2 個，成交 30 筆
2026-09-01 12:06:37,305 [INFO] HTTP Request: GET https://clob.polymarket.com/balance-allowance?signature_type=3&asset_type=COLLATERAL "HTTP/2 200 OK"
2026-09-01 12:06:37,578 [INFO] HTTP Request: GET https://clob.polymarket.com/data/orders?next_cursor=MA%3D%3D "HTTP/2 200 OK"
2026-09-01 12:06:37,860 [INFO] HTTP Request: GET https://clob.polymarket.com/data/trades?next_cursor=MA%3D%3D "HTTP/2 200 OK"
2026-09-01 12:06:38,192 [INFO] HTTP Request: GET https://clob.polymarket.com/balance-allowance?signature_type=3&asset_type=CONDITIONAL&token_id=87469275844464643981155407533839324142931345613048856190211009216034181841646 "HTTP/2 200 OK"
2026-09-01 12:06:38,464 [INFO] HTTP Request: GET https://clob.polymarket.com/midpoint?token_id=87469275844464643981155407533839324142931345613048856190211009216034181841646 "HTTP/2 200 OK"
2026-09-01 12:06:38,742 [INFO] HTTP Request: GET https://clob.polymarket.com/balance-allowance?signature_type=3&asset_type=CONDITIONAL&token_id=25733328574494573564106962933112715506635021858960967552608809708572094092689 "HTTP/2 200 OK"
2026-09-01 12:06:39,013 [INFO] HTTP Request: GET https://clob.polymarket.com/midpoint?token_id=25733328574494573564106962933112715506635021858960967552608809708572094092689 "HTTP/2 200 OK"
2026-09-01 12:06:39,287 [INFO] HTTP Request: GET https://clob.polymarket.com/balance-allowance?signature_type=3&asset_type=CONDITIONAL&token_id=73762761860659734030891197316041785328834920454117099289556533947788426778871 "HTTP/2 200 OK"
2026-09-01 12:06:39,559 [INFO] HTTP Request: GET https://clob.polymarket.com/balance-allowance?signature_type=3&asset_type=CONDITIONAL&token_id=57943863669306782178144283301840016735275708897993195729399951880990118580844 "HTTP/2 200 OK"
2026-09-01 12:06:39,830 [INFO] HTTP Request: GET https://clob.polymarket.com/balance-allowance?signature_type=3&asset_type=CONDITIONAL&token_id=47615282314988048962232377836944794674273525829834186465285313272647874396868 "HTTP/2 200 OK"
2026-09-01 12:06:40,102 [INFO] HTTP Request: GET https://clob.polymarket.com/balance-allowance?signature_type=3&asset_type=CONDITIONAL&token_id=40226981542536983444919787300677464823405496856507835248518908133696697843012 "HTTP/2 200 OK"
2026-09-01 12:06:40,371 [INFO] HTTP Request: GET https://clob.polymarket.com/balance-allowance?signature_type=3&asset_type=CONDITIONAL&token_id=26476877693084651121621184216158038808086127859124156881728124490165576523451 "HTTP/2 200 OK"
2026-09-01 12:06:40,374 [INFO] 真實帳戶狀態：餘額 $46.06，持有部位 2 個，成交 30 筆
2026-09-01 12:06:50,752 [INFO] HTTP Request: GET https://clob.polymarket.com/balance-allowance?signature_type=3&asset_type=COLLATERAL "HTTP/2 200 OK"
2026-09-01 12:06:51,022 [INFO] HTTP Request: GET https://clob.polymarket.com/data/orders?next_cursor=MA%3D%3D "HTTP/2 200 OK"
2026-09-01 12:06:51,314 [INFO] HTTP Request: GET https://clob.polymarket.com/data/trades?next_cursor=MA%3D%3D "HTTP/2 200 OK"
2026-09-01 12:06:51,641 [INFO] HTTP Request: GET https://clob.polymarket.com/balance-allowance?signature_type=3&asset_type=CONDITIONAL&token_id=87469275844464643981155407533839324142931345613048856190211009216034181841646 "HTTP/2 200 OK"
2026-09-01 12:06:51,912 [INFO] HTTP Request: GET https://clob.polymarket.com/midpoint?token_id=87469275844464643981155407533839324142931345613048856190211009216034181841646 "HTTP/2 200 OK"
2026-09-01 12:06:52,187 [INFO] HTTP Request: GET https://clob.polymarket.com/balance-allowance?signature_type=3&asset_type=CONDITIONAL&token_id=25733328574494573564106962933112715506635021858960967552608809708572094092689 "HTTP/2 200 OK"
2026-09-01 12:06:52,465 [INFO] HTTP Request: GET https://clob.polymarket.com/midpoint?token_id=25733328574494573564106962933112715506635021858960967552608809708572094092689 "HTTP/2 200 OK"
2026-09-01 12:06:52,748 [INFO] HTTP Request: GET https://clob.polymarket.com/balance-allowance?signature_type=3&asset_type=CONDITIONAL&token_id=73762761860659734030891197316041785328834920454117099289556533947788426778871 "HTTP/2 200 OK"
2026-09-01 12:06:53,022 [INFO] HTTP Request: GET https://clob.polymarket.com/balance-allowance?signature_type=3&asset_type=CONDITIONAL&token_id=57943863669306782178144283301840016735275708897993195729399951880990118580844 "HTTP/2 200 OK"
2026-09-01 12:06:53,297 [INFO] HTTP Request: GET https://clob.polymarket.com/balance-allowance?signature_type=3&asset_type=CONDITIONAL&token_id=47615282314988048962232377836944794674273525829834186465285313272647874396868 "HTTP/2 200 OK"
2026-09-01 12:06:53,570 [INFO] HTTP Request: GET https://clob.polymarket.com/balance-allowance?signature_type=3&asset_type=CONDITIONAL&token_id=40226981542536983444919787300677464823405496856507835248518908133696697843012 "HTTP/2 200 OK"
2026-09-01 12:06:53,845 [INFO] HTTP Request: GET https://clob.polymarket.com/balance-allowance?signature_type=3&asset_type=CONDITIONAL&token_id=26476877693084651121621184216158038808086127859124156881728124490165576523451 "HTTP/2 200 OK"
2026-09-01 12:06:53,849 [INFO] 真實帳戶狀態：餘額 $46.06，持有部位 2 個，成交 30 筆
2026-09-01 12:07:04,237 [INFO] HTTP Request: GET https://clob.polymarket.com/balance-allowance?signature_type=3&asset_type=COLLATERAL "HTTP/2 200 OK"
2026-09-01 12:07:04,506 [INFO] HTTP Request: GET https://clob.polymarket.com/data/orders?next_cursor=MA%3D%3D "HTTP/2 200 OK"
2026-09-01 12:07:04,806 [INFO] HTTP Request: GET https://clob.polymarket.com/data/trades?next_cursor=MA%3D%3D "HTTP/2 200 OK"
2026-09-01 12:07:05,137 [INFO] HTTP Request: GET https://clob.polymarket.com/balance-allowance?signature_type=3&asset_type=CONDITIONAL&token_id=87469275844464643981155407533839324142931345613048856190211009216034181841646 "HTTP/2 200 OK"
2026-09-01 12:07:05,417 [INFO] HTTP Request: GET https://clob.polymarket.com/midpoint?token_id=87469275844464643981155407533839324142931345613048856190211009216034181841646 "HTTP/2 200 OK"
2026-09-01 12:07:05,695 [INFO] HTTP Request: GET https://clob.polymarket.com/balance-allowance?signature_type=3&asset_type=CONDITIONAL&token_id=25733328574494573564106962933112715506635021858960967552608809708572094092689 "HTTP/2 200 OK"
2026-09-01 12:07:05,963 [INFO] HTTP Request: GET https://clob.polymarket.com/midpoint?token_id=25733328574494573564106962933112715506635021858960967552608809708572094092689 "HTTP/2 200 OK"
2026-09-01 12:07:06,236 [INFO] HTTP Request: GET https://clob.polymarket.com/balance-allowance?signature_type=3&asset_type=CONDITIONAL&token_id=73762761860659734030891197316041785328834920454117099289556533947788426778871 "HTTP/2 200 OK"
2026-09-01 12:07:06,525 [INFO] HTTP Request: GET https://clob.polymarket.com/balance-allowance?signature_type=3&asset_type=CONDITIONAL&token_id=57943863669306782178144283301840016735275708897993195729399951880990118580844 "HTTP/2 200 OK"
2026-09-01 12:07:06,797 [INFO] HTTP Request: GET https://clob.polymarket.com/balance-allowance?signature_type=3&asset_type=CONDITIONAL&token_id=47615282314988048962232377836944794674273525829834186465285313272647874396868 "HTTP/2 200 OK"
2026-09-01 12:07:07,067 [INFO] HTTP Request: GET https://clob.polymarket.com/balance-allowance?signature_type=3&asset_type=CONDITIONAL&token_id=40226981542536983444919787300677464823405496856507835248518908133696697843012 "HTTP/2 200 OK"
2026-09-01 12:07:07,344 [INFO] HTTP Request: GET https://clob.polymarket.com/balance-allowance?signature_type=3&asset_type=CONDITIONAL&token_id=26476877693084651121621184216158038808086127859124156881728124490165576523451 "HTTP/2 200 OK"
2026-09-01 12:07:07,348 [INFO] 真實帳戶狀態：餘額 $46.06，持有部位 2 個，成交 30 筆
2026-09-01 12:07:17,716 [INFO] HTTP Request: GET https://clob.polymarket.com/balance-allowance?signature_type=3&asset_type=COLLATERAL "HTTP/2 200 OK"
2026-09-01 12:07:18,208 [INFO] HTTP Request: GET https://clob.polymarket.com/data/orders?next_cursor=MA%3D%3D "HTTP/2 200 OK"
2026-09-01 12:07:18,491 [INFO] HTTP Request: GET https://clob.polymarket.com/data/trades?next_cursor=MA%3D%3D "HTTP/2 200 OK"
2026-09-01 12:07:18,816 [INFO] HTTP Request: GET https://clob.polymarket.com/balance-allowance?signature_type=3&asset_type=CONDITIONAL&token_id=87469275844464643981155407533839324142931345613048856190211009216034181841646 "HTTP/2 200 OK"
2026-09-01 12:07:19,084 [INFO] HTTP Request: GET https://clob.polymarket.com/midpoint?token_id=87469275844464643981155407533839324142931345613048856190211009216034181841646 "HTTP/2 200 OK"
2026-09-01 12:07:19,372 [INFO] HTTP Request: GET https://clob.polymarket.com/balance-allowance?signature_type=3&asset_type=CONDITIONAL&token_id=25733328574494573564106962933112715506635021858960967552608809708572094092689 "HTTP/2 200 OK"
2026-09-01 12:07:19,646 [INFO] HTTP Request: GET https://clob.polymarket.com/midpoint?token_id=25733328574494573564106962933112715506635021858960967552608809708572094092689 "HTTP/2 200 OK"
2026-09-01 12:07:19,918 [INFO] HTTP Request: GET https://clob.polymarket.com/balance-allowance?signature_type=3&asset_type=CONDITIONAL&token_id=73762761860659734030891197316041785328834920454117099289556533947788426778871 "HTTP/2 200 OK"
2026-09-01 12:07:20,194 [INFO] HTTP Request: GET https://clob.polymarket.com/balance-allowance?signature_type=3&asset_type=CONDITIONAL&token_id=57943863669306782178144283301840016735275708897993195729399951880990118580844 "HTTP/2 200 OK"
2026-09-01 12:07:20,468 [INFO] HTTP Request: GET https://clob.polymarket.com/balance-allowance?signature_type=3&asset_type=CONDITIONAL&token_id=47615282314988048962232377836944794674273525829834186465285313272647874396868 "HTTP/2 200 OK"
2026-09-01 12:07:20,741 [INFO] HTTP Request: GET https://clob.polymarket.com/balance-allowance?signature_type=3&asset_type=CONDITIONAL&token_id=40226981542536983444919787300677464823405496856507835248518908133696697843012 "HTTP/2 200 OK"
2026-09-01 12:07:21,017 [INFO] HTTP Request: GET https://clob.polymarket.com/balance-allowance?signature_type=3&asset_type=CONDITIONAL&token_id=26476877693084651121621184216158038808086127859124156881728124490165576523451 "HTTP/2 200 OK"
2026-09-01 12:07:21,021 [INFO] 真實帳戶狀態：餘額 $46.06，持有部位 2 個，成交 30 筆
2026-09-01 12:07:31,393 [INFO] HTTP Request: GET https://clob.polymarket.com/balance-allowance?signature_type=3&asset_type=COLLATERAL "HTTP/2 200 OK"
2026-09-01 12:07:31,670 [INFO] HTTP Request: GET https://clob.polymarket.com/data/orders?next_cursor=MA%3D%3D "HTTP/2 200 OK"
2026-09-01 12:07:31,951 [INFO] HTTP Request: GET https://clob.polymarket.com/data/trades?next_cursor=MA%3D%3D "HTTP/2 200 OK"
2026-09-01 12:07:32,277 [INFO] HTTP Request: GET https://clob.polymarket.com/balance-allowance?signature_type=3&asset_type=CONDITIONAL&token_id=87469275844464643981155407533839324142931345613048856190211009216034181841646 "HTTP/2 200 OK"
2026-09-01 12:07:32,547 [INFO] HTTP Request: GET https://clob.polymarket.com/midpoint?token_id=87469275844464643981155407533839324142931345613048856190211009216034181841646 "HTTP/2 200 OK"
2026-09-01 12:07:32,826 [INFO] HTTP Request: GET https://clob.polymarket.com/balance-allowance?signature_type=3&asset_type=CONDITIONAL&token_id=25733328574494573564106962933112715506635021858960967552608809708572094092689 "HTTP/2 200 OK"
2026-09-01 12:07:33,096 [INFO] HTTP Request: GET https://clob.polymarket.com/midpoint?token_id=25733328574494573564106962933112715506635021858960967552608809708572094092689 "HTTP/2 404 Not Found"
2026-09-01 12:07:33,097 [ERROR] [py_clob_client_v2] request error status=404 url=https://clob.polymarket.com/midpoint body={"error":"No orderbook exists for the requested token id"}

2026-09-01 12:07:33,368 [INFO] HTTP Request: GET https://clob.polymarket.com/balance-allowance?signature_type=3&asset_type=CONDITIONAL&token_id=73762761860659734030891197316041785328834920454117099289556533947788426778871 "HTTP/2 200 OK"
2026-09-01 12:07:33,649 [INFO] HTTP Request: GET https://clob.polymarket.com/balance-allowance?signature_type=3&asset_type=CONDITIONAL&token_id=57943863669306782178144283301840016735275708897993195729399951880990118580844 "HTTP/2 200 OK"
2026-09-01 12:07:34,026 [INFO] HTTP Request: GET https://clob.polymarket.com/balance-allowance?signature_type=3&asset_type=CONDITIONAL&token_id=47615282314988048962232377836944794674273525829834186465285313272647874396868 "HTTP/2 200 OK"
2026-09-01 12:07:34,300 [INFO] HTTP Request: GET https://clob.polymarket.com/balance-allowance?signature_type=3&asset_type=CONDITIONAL&token_id=40226981542536983444919787300677464823405496856507835248518908133696697843012 "HTTP/2 200 OK"
2026-09-01 12:07:34,571 [INFO] HTTP Request: GET https://clob.polymarket.com/balance-allowance?signature_type=3&asset_type=CONDITIONAL&token_id=26476877693084651121621184216158038808086127859124156881728124490165576523451 "HTTP/2 200 OK"
2026-09-01 12:07:34,576 [INFO] 真實帳戶狀態：餘額 $46.06，持有部位 1 個，成交 30 筆
2026-09-01 12:07:44,948 [INFO] HTTP Request: GET https://clob.polymarket.com/balance-allowance?signature_type=3&asset_type=COLLATERAL "HTTP/2 200 OK"
2026-09-01 12:07:45,218 [INFO] HTTP Request: GET https://clob.polymarket.com/data/orders?next_cursor=MA%3D%3D "HTTP/2 200 OK"
2026-09-01 12:07:45,494 [INFO] HTTP Request: GET https://clob.polymarket.com/data/trades?next_cursor=MA%3D%3D "HTTP/2 200 OK"
2026-09-01 12:07:45,822 [INFO] HTTP Request: GET https://clob.polymarket.com/balance-allowance?signature_type=3&asset_type=CONDITIONAL&token_id=87469275844464643981155407533839324142931345613048856190211009216034181841646 "HTTP/2 200 OK"
2026-09-01 12:07:46,092 [INFO] HTTP Request: GET https://clob.polymarket.com/midpoint?token_id=87469275844464643981155407533839324142931345613048856190211009216034181841646 "HTTP/2 200 OK"
2026-09-01 12:07:46,367 [INFO] HTTP Request: GET https://clob.polymarket.com/balance-allowance?signature_type=3&asset_type=CONDITIONAL&token_id=73762761860659734030891197316041785328834920454117099289556533947788426778871 "HTTP/2 200 OK"
2026-09-01 12:07:46,638 [INFO] HTTP Request: GET https://clob.polymarket.com/balance-allowance?signature_type=3&asset_type=CONDITIONAL&token_id=57943863669306782178144283301840016735275708897993195729399951880990118580844 "HTTP/2 200 OK"
2026-09-01 12:07:46,909 [INFO] HTTP Request: GET https://clob.polymarket.com/balance-allowance?signature_type=3&asset_type=CONDITIONAL&token_id=47615282314988048962232377836944794674273525829834186465285313272647874396868 "HTTP/2 200 OK"
2026-09-01 12:07:47,181 [INFO] HTTP Request: GET https://clob.polymarket.com/balance-allowance?signature_type=3&asset_type=CONDITIONAL&token_id=40226981542536983444919787300677464823405496856507835248518908133696697843012 "HTTP/2 200 OK"
2026-09-01 12:07:47,454 [INFO] HTTP Request: GET https://clob.polymarket.com/balance-allowance?signature_type=3&asset_type=CONDITIONAL&token_id=26476877693084651121621184216158038808086127859124156881728124490165576523451 "HTTP/2 200 OK"
2026-09-01 12:07:47,457 [INFO] 真實帳戶狀態：餘額 $46.06，持有部位 1 個，成交 30 筆
2026-09-01 12:07:57,821 [INFO] HTTP Request: GET https://clob.polymarket.com/balance-allowance?signature_type=3&asset_type=COLLATERAL "HTTP/2 200 OK"
2026-09-01 12:07:58,095 [INFO] HTTP Request: GET https://clob.polymarket.com/data/orders?next_cursor=MA%3D%3D "HTTP/2 200 OK"
2026-09-01 12:07:58,421 [INFO] HTTP Request: GET https://clob.polymarket.com/data/trades?next_cursor=MA%3D%3D "HTTP/2 200 OK"
2026-09-01 12:07:58,756 [INFO] HTTP Request: GET https://clob.polymarket.com/balance-allowance?signature_type=3&asset_type=CONDITIONAL&token_id=87469275844464643981155407533839324142931345613048856190211009216034181841646 "HTTP/2 200 OK"
2026-09-01 12:07:59,022 [INFO] HTTP Request: GET https://clob.polymarket.com/midpoint?token_id=87469275844464643981155407533839324142931345613048856190211009216034181841646 "HTTP/2 200 OK"
2026-09-01 12:07:59,296 [INFO] HTTP Request: GET https://clob.polymarket.com/balance-allowance?signature_type=3&asset_type=CONDITIONAL&token_id=73762761860659734030891197316041785328834920454117099289556533947788426778871 "HTTP/2 200 OK"
2026-09-01 12:07:59,571 [INFO] HTTP Request: GET https://clob.polymarket.com/balance-allowance?signature_type=3&asset_type=CONDITIONAL&token_id=57943863669306782178144283301840016735275708897993195729399951880990118580844 "HTTP/2 200 OK"
2026-09-01 12:07:59,845 [INFO] HTTP Request: GET https://clob.polymarket.com/balance-allowance?signature_type=3&asset_type=CONDITIONAL&token_id=47615282314988048962232377836944794674273525829834186465285313272647874396868 "HTTP/2 200 OK"
2026-09-01 12:08:00,116 [INFO] HTTP Request: GET https://clob.polymarket.com/balance-allowance?signature_type=3&asset_type=CONDITIONAL&token_id=40226981542536983444919787300677464823405496856507835248518908133696697843012 "HTTP/2 200 OK"
2026-09-01 12:08:00,386 [INFO] HTTP Request: GET https://clob.polymarket.com/balance-allowance?signature_type=3&asset_type=CONDITIONAL&token_id=26476877693084651121621184216158038808086127859124156881728124490165576523451 "HTTP/2 200 OK"
2026-09-01 12:08:00,389 [INFO] 真實帳戶狀態：餘額 $46.06，持有部位 1 個，成交 30 筆
2026-09-01 12:08:10,755 [INFO] HTTP Request: GET https://clob.polymarket.com/balance-allowance?signature_type=3&asset_type=COLLATERAL "HTTP/2 200 OK"
2026-09-01 12:08:11,037 [INFO] HTTP Request: GET https://clob.polymarket.com/data/orders?next_cursor=MA%3D%3D "HTTP/2 200 OK"
2026-09-01 12:08:11,317 [INFO] HTTP Request: GET https://clob.polymarket.com/data/trades?next_cursor=MA%3D%3D "HTTP/2 200 OK"
2026-09-01 12:08:11,654 [INFO] HTTP Request: GET https://clob.polymarket.com/balance-allowance?signature_type=3&asset_type=CONDITIONAL&token_id=87469275844464643981155407533839324142931345613048856190211009216034181841646 "HTTP/2 200 OK"
2026-09-01 12:08:11,933 [INFO] HTTP Request: GET https://clob.polymarket.com/midpoint?token_id=87469275844464643981155407533839324142931345613048856190211009216034181841646 "HTTP/2 200 OK"
2026-09-01 12:08:12,207 [INFO] HTTP Request: GET https://clob.polymarket.com/balance-allowance?signature_type=3&asset_type=CONDITIONAL&token_id=73762761860659734030891197316041785328834920454117099289556533947788426778871 "HTTP/2 200 OK"
2026-09-01 12:08:12,483 [INFO] HTTP Request: GET https://clob.polymarket.com/balance-allowance?signature_type=3&asset_type=CONDITIONAL&token_id=57943863669306782178144283301840016735275708897993195729399951880990118580844 "HTTP/2 200 OK"
2026-09-01 12:08:12,767 [INFO] HTTP Request: GET https://clob.polymarket.com/balance-allowance?signature_type=3&asset_type=CONDITIONAL&token_id=47615282314988048962232377836944794674273525829834186465285313272647874396868 "HTTP/2 200 OK"
2026-09-01 12:08:13,037 [INFO] HTTP Request: GET https://clob.polymarket.com/balance-allowance?signature_type=3&asset_type=CONDITIONAL&token_id=40226981542536983444919787300677464823405496856507835248518908133696697843012 "HTTP/2 200 OK"
2026-09-01 12:08:13,312 [INFO] HTTP Request: GET https://clob.polymarket.com/balance-allowance?signature_type=3&asset_type=CONDITIONAL&token_id=26476877693084651121621184216158038808086127859124156881728124490165576523451 "HTTP/2 200 OK"
2026-09-01 12:08:13,316 [INFO] 真實帳戶狀態：餘額 $46.06，持有部位 1 個，成交 30 筆
2026-09-01 12:08:23,702 [INFO] HTTP Request: GET https://clob.polymarket.com/balance-allowance?signature_type=3&asset_type=COLLATERAL "HTTP/2 200 OK"
2026-09-01 12:08:23,980 [INFO] HTTP Request: GET https://clob.polymarket.com/data/orders?next_cursor=MA%3D%3D "HTTP/2 200 OK"
2026-09-01 12:08:24,266 [INFO] HTTP Request: GET https://clob.polymarket.com/data/trades?next_cursor=MA%3D%3D "HTTP/2 200 OK"
2026-09-01 12:08:24,998 [INFO] HTTP Request: GET https://clob.polymarket.com/balance-allowance?signature_type=3&asset_type=CONDITIONAL&token_id=67225581639791542146677433330932315502316624859776065263784365377419792938599 "HTTP/2 200 OK"
2026-09-01 12:08:25,277 [INFO] HTTP Request: GET https://clob.polymarket.com/midpoint?token_id=67225581639791542146677433330932315502316624859776065263784365377419792938599 "HTTP/2 200 OK"
2026-09-01 12:08:25,556 [INFO] HTTP Request: GET https://clob.polymarket.com/balance-allowance?signature_type=3&asset_type=CONDITIONAL&token_id=87469275844464643981155407533839324142931345613048856190211009216034181841646 "HTTP/2 200 OK"
2026-09-01 12:08:25,839 [INFO] HTTP Request: GET https://clob.polymarket.com/midpoint?token_id=87469275844464643981155407533839324142931345613048856190211009216034181841646 "HTTP/2 200 OK"
2026-09-01 12:08:26,126 [INFO] HTTP Request: GET https://clob.polymarket.com/balance-allowance?signature_type=3&asset_type=CONDITIONAL&token_id=73762761860659734030891197316041785328834920454117099289556533947788426778871 "HTTP/2 200 OK"
2026-09-01 12:08:26,402 [INFO] HTTP Request: GET https://clob.polymarket.com/balance-allowance?signature_type=3&asset_type=CONDITIONAL&token_id=57943863669306782178144283301840016735275708897993195729399951880990118580844 "HTTP/2 200 OK"
2026-09-01 12:08:26,681 [INFO] HTTP Request: GET https://clob.polymarket.com/balance-allowance?signature_type=3&asset_type=CONDITIONAL&token_id=47615282314988048962232377836944794674273525829834186465285313272647874396868 "HTTP/2 200 OK"
2026-09-01 12:08:26,958 [INFO] HTTP Request: GET https://clob.polymarket.com/balance-allowance?signature_type=3&asset_type=CONDITIONAL&token_id=40226981542536983444919787300677464823405496856507835248518908133696697843012 "HTTP/2 200 OK"
2026-09-01 12:08:26,963 [INFO] 真實帳戶狀態：餘額 $43.62，持有部位 2 個，成交 30 筆
2026-09-01 12:08:37,331 [INFO] HTTP Request: GET https://clob.polymarket.com/balance-allowance?signature_type=3&asset_type=COLLATERAL "HTTP/2 200 OK"
2026-09-01 12:08:37,603 [INFO] HTTP Request: GET https://clob.polymarket.com/data/orders?next_cursor=MA%3D%3D "HTTP/2 200 OK"
2026-09-01 12:08:37,890 [INFO] HTTP Request: GET https://clob.polymarket.com/data/trades?next_cursor=MA%3D%3D "HTTP/2 200 OK"
2026-09-01 12:08:38,215 [INFO] HTTP Request: GET https://clob.polymarket.com/balance-allowance?signature_type=3&asset_type=CONDITIONAL&token_id=67225581639791542146677433330932315502316624859776065263784365377419792938599 "HTTP/2 200 OK"
2026-09-01 12:08:38,485 [INFO] HTTP Request: GET https://clob.polymarket.com/midpoint?token_id=67225581639791542146677433330932315502316624859776065263784365377419792938599 "HTTP/2 200 OK"
2026-09-01 12:08:38,767 [INFO] HTTP Request: GET https://clob.polymarket.com/balance-allowance?signature_type=3&asset_type=CONDITIONAL&token_id=87469275844464643981155407533839324142931345613048856190211009216034181841646 "HTTP/2 200 OK"
2026-09-01 12:08:39,041 [INFO] HTTP Request: GET https://clob.polymarket.com/midpoint?token_id=87469275844464643981155407533839324142931345613048856190211009216034181841646 "HTTP/2 200 OK"
2026-09-01 12:08:39,320 [INFO] HTTP Request: GET https://clob.polymarket.com/balance-allowance?signature_type=3&asset_type=CONDITIONAL&token_id=73762761860659734030891197316041785328834920454117099289556533947788426778871 "HTTP/2 200 OK"
2026-09-01 12:08:39,593 [INFO] HTTP Request: GET https://clob.polymarket.com/balance-allowance?signature_type=3&asset_type=CONDITIONAL&token_id=57943863669306782178144283301840016735275708897993195729399951880990118580844 "HTTP/2 200 OK"
2026-09-01 12:08:39,882 [INFO] HTTP Request: GET https://clob.polymarket.com/balance-allowance?signature_type=3&asset_type=CONDITIONAL&token_id=47615282314988048962232377836944794674273525829834186465285313272647874396868 "HTTP/2 200 OK"
2026-09-01 12:08:40,158 [INFO] HTTP Request: GET https://clob.polymarket.com/balance-allowance?signature_type=3&asset_type=CONDITIONAL&token_id=40226981542536983444919787300677464823405496856507835248518908133696697843012 "HTTP/2 200 OK"
2026-09-01 12:08:40,161 [INFO] 真實帳戶狀態：餘額 $43.62，持有部位 2 個，成交 30 筆
2026-09-01 12:08:50,536 [INFO] HTTP Request: GET https://clob.polymarket.com/balance-allowance?signature_type=3&asset_type=COLLATERAL "HTTP/2 200 OK"
2026-09-01 12:08:50,818 [INFO] HTTP Request: GET https://clob.polymarket.com/data/orders?next_cursor=MA%3D%3D "HTTP/2 200 OK"
2026-09-01 12:08:51,104 [INFO] HTTP Request: GET https://clob.polymarket.com/data/trades?next_cursor=MA%3D%3D "HTTP/2 200 OK"
2026-09-01 12:08:51,635 [INFO] HTTP Request: GET https://clob.polymarket.com/balance-allowance?signature_type=3&asset_type=CONDITIONAL&token_id=67225581639791542146677433330932315502316624859776065263784365377419792938599 "HTTP/2 200 OK"
2026-09-01 12:08:51,920 [INFO] HTTP Request: GET https://clob.polymarket.com/midpoint?token_id=67225581639791542146677433330932315502316624859776065263784365377419792938599 "HTTP/2 200 OK"
2026-09-01 12:08:52,193 [INFO] HTTP Request: GET https://clob.polymarket.com/balance-allowance?signature_type=3&asset_type=CONDITIONAL&token_id=87469275844464643981155407533839324142931345613048856190211009216034181841646 "HTTP/2 200 OK"
2026-09-01 12:08:52,463 [INFO] HTTP Request: GET https://clob.polymarket.com/midpoint?token_id=87469275844464643981155407533839324142931345613048856190211009216034181841646 "HTTP/2 200 OK"
2026-09-01 12:08:52,736 [INFO] HTTP Request: GET https://clob.polymarket.com/balance-allowance?signature_type=3&asset_type=CONDITIONAL&token_id=73762761860659734030891197316041785328834920454117099289556533947788426778871 "HTTP/2 200 OK"
2026-09-01 12:08:53,010 [INFO] HTTP Request: GET https://clob.polymarket.com/balance-allowance?signature_type=3&asset_type=CONDITIONAL&token_id=57943863669306782178144283301840016735275708897993195729399951880990118580844 "HTTP/2 200 OK"
2026-09-01 12:08:53,284 [INFO] HTTP Request: GET https://clob.polymarket.com/balance-allowance?signature_type=3&asset_type=CONDITIONAL&token_id=47615282314988048962232377836944794674273525829834186465285313272647874396868 "HTTP/2 200 OK"
2026-09-01 12:08:53,554 [INFO] HTTP Request: GET https://clob.polymarket.com/balance-allowance?signature_type=3&asset_type=CONDITIONAL&token_id=40226981542536983444919787300677464823405496856507835248518908133696697843012 "HTTP/2 200 OK"
2026-09-01 12:08:53,558 [INFO] 真實帳戶狀態：餘額 $43.62，持有部位 2 個，成交 30 筆
2026-09-01 12:09:03,929 [INFO] HTTP Request: GET https://clob.polymarket.com/balance-allowance?signature_type=3&asset_type=COLLATERAL "HTTP/2 200 OK"
2026-09-01 12:09:04,204 [INFO] HTTP Request: GET https://clob.polymarket.com/data/orders?next_cursor=MA%3D%3D "HTTP/2 200 OK"
2026-09-01 12:09:04,479 [INFO] HTTP Request: GET https://clob.polymarket.com/data/trades?next_cursor=MA%3D%3D "HTTP/2 200 OK"
2026-09-01 12:09:04,823 [INFO] HTTP Request: GET https://clob.polymarket.com/balance-allowance?signature_type=3&asset_type=CONDITIONAL&token_id=67225581639791542146677433330932315502316624859776065263784365377419792938599 "HTTP/2 200 OK"
2026-09-01 12:09:05,091 [INFO] HTTP Request: GET https://clob.polymarket.com/midpoint?token_id=67225581639791542146677433330932315502316624859776065263784365377419792938599 "HTTP/2 200 OK"
2026-09-01 12:09:05,368 [INFO] HTTP Request: GET https://clob.polymarket.com/balance-allowance?signature_type=3&asset_type=CONDITIONAL&token_id=87469275844464643981155407533839324142931345613048856190211009216034181841646 "HTTP/2 200 OK"
2026-09-01 12:09:05,641 [INFO] HTTP Request: GET https://clob.polymarket.com/midpoint?token_id=87469275844464643981155407533839324142931345613048856190211009216034181841646 "HTTP/2 200 OK"
2026-09-01 12:09:05,910 [INFO] HTTP Request: GET https://clob.polymarket.com/balance-allowance?signature_type=3&asset_type=CONDITIONAL&token_id=73762761860659734030891197316041785328834920454117099289556533947788426778871 "HTTP/2 200 OK"
2026-09-01 12:09:06,186 [INFO] HTTP Request: GET https://clob.polymarket.com/balance-allowance?signature_type=3&asset_type=CONDITIONAL&token_id=57943863669306782178144283301840016735275708897993195729399951880990118580844 "HTTP/2 200 OK"
2026-09-01 12:09:06,458 [INFO] HTTP Request: GET https://clob.polymarket.com/balance-allowance?signature_type=3&asset_type=CONDITIONAL&token_id=47615282314988048962232377836944794674273525829834186465285313272647874396868 "HTTP/2 200 OK"
2026-09-01 12:09:06,731 [INFO] HTTP Request: GET https://clob.polymarket.com/balance-allowance?signature_type=3&asset_type=CONDITIONAL&token_id=40226981542536983444919787300677464823405496856507835248518908133696697843012 "HTTP/2 200 OK"
2026-09-01 12:09:06,737 [INFO] 真實帳戶狀態：餘額 $43.62，持有部位 2 個，成交 30 筆
2026-09-01 12:09:17,109 [INFO] HTTP Request: GET https://clob.polymarket.com/balance-allowance?signature_type=3&asset_type=COLLATERAL "HTTP/2 200 OK"
2026-09-01 12:09:17,380 [INFO] HTTP Request: GET https://clob.polymarket.com/data/orders?next_cursor=MA%3D%3D "HTTP/2 200 OK"
2026-09-01 12:09:17,660 [INFO] HTTP Request: GET https://clob.polymarket.com/data/trades?next_cursor=MA%3D%3D "HTTP/2 200 OK"
2026-09-01 12:09:17,997 [INFO] HTTP Request: GET https://clob.polymarket.com/balance-allowance?signature_type=3&asset_type=CONDITIONAL&token_id=67225581639791542146677433330932315502316624859776065263784365377419792938599 "HTTP/2 200 OK"
2026-09-01 12:09:18,266 [INFO] HTTP Request: GET https://clob.polymarket.com/midpoint?token_id=67225581639791542146677433330932315502316624859776065263784365377419792938599 "HTTP/2 200 OK"
2026-09-01 12:09:18,538 [INFO] HTTP Request: GET https://clob.polymarket.com/balance-allowance?signature_type=3&asset_type=CONDITIONAL&token_id=87469275844464643981155407533839324142931345613048856190211009216034181841646 "HTTP/2 200 OK"
2026-09-01 12:09:18,814 [INFO] HTTP Request: GET https://clob.polymarket.com/midpoint?token_id=87469275844464643981155407533839324142931345613048856190211009216034181841646 "HTTP/2 200 OK"
2026-09-01 12:09:19,086 [INFO] HTTP Request: GET https://clob.polymarket.com/balance-allowance?signature_type=3&asset_type=CONDITIONAL&token_id=73762761860659734030891197316041785328834920454117099289556533947788426778871 "HTTP/2 200 OK"
2026-09-01 12:09:19,362 [INFO] HTTP Request: GET https://clob.polymarket.com/balance-allowance?signature_type=3&asset_type=CONDITIONAL&token_id=57943863669306782178144283301840016735275708897993195729399951880990118580844 "HTTP/2 200 OK"
2026-09-01 12:09:19,636 [INFO] HTTP Request: GET https://clob.polymarket.com/balance-allowance?signature_type=3&asset_type=CONDITIONAL&token_id=47615282314988048962232377836944794674273525829834186465285313272647874396868 "HTTP/2 200 OK"
2026-09-01 12:09:19,904 [INFO] HTTP Request: GET https://clob.polymarket.com/balance-allowance?signature_type=3&asset_type=CONDITIONAL&token_id=40226981542536983444919787300677464823405496856507835248518908133696697843012 "HTTP/2 200 OK"
2026-09-01 12:09:19,908 [INFO] 真實帳戶狀態：餘額 $43.62，持有部位 2 個，成交 30 筆
2026-09-01 12:09:30,272 [INFO] HTTP Request: GET https://clob.polymarket.com/balance-allowance?signature_type=3&asset_type=COLLATERAL "HTTP/2 200 OK"
2026-09-01 12:09:30,540 [INFO] HTTP Request: GET https://clob.polymarket.com/data/orders?next_cursor=MA%3D%3D "HTTP/2 200 OK"
2026-09-01 12:09:30,817 [INFO] HTTP Request: GET https://clob.polymarket.com/data/trades?next_cursor=MA%3D%3D "HTTP/2 200 OK"
2026-09-01 12:09:31,143 [INFO] HTTP Request: GET https://clob.polymarket.com/balance-allowance?signature_type=3&asset_type=CONDITIONAL&token_id=67225581639791542146677433330932315502316624859776065263784365377419792938599 "HTTP/2 200 OK"
2026-09-01 12:09:31,423 [INFO] HTTP Request: GET https://clob.polymarket.com/midpoint?token_id=67225581639791542146677433330932315502316624859776065263784365377419792938599 "HTTP/2 200 OK"
2026-09-01 12:09:31,697 [INFO] HTTP Request: GET https://clob.polymarket.com/balance-allowance?signature_type=3&asset_type=CONDITIONAL&token_id=87469275844464643981155407533839324142931345613048856190211009216034181841646 "HTTP/2 200 OK"
2026-09-01 12:09:31,978 [INFO] HTTP Request: GET https://clob.polymarket.com/midpoint?token_id=87469275844464643981155407533839324142931345613048856190211009216034181841646 "HTTP/2 200 OK"
2026-09-01 12:09:32,248 [INFO] HTTP Request: GET https://clob.polymarket.com/balance-allowance?signature_type=3&asset_type=CONDITIONAL&token_id=73762761860659734030891197316041785328834920454117099289556533947788426778871 "HTTP/2 200 OK"
2026-09-01 12:09:32,520 [INFO] HTTP Request: GET https://clob.polymarket.com/balance-allowance?signature_type=3&asset_type=CONDITIONAL&token_id=57943863669306782178144283301840016735275708897993195729399951880990118580844 "HTTP/2 200 OK"
2026-09-01 12:09:32,794 [INFO] HTTP Request: GET https://clob.polymarket.com/balance-allowance?signature_type=3&asset_type=CONDITIONAL&token_id=47615282314988048962232377836944794674273525829834186465285313272647874396868 "HTTP/2 200 OK"
2026-09-01 12:09:33,068 [INFO] HTTP Request: GET https://clob.polymarket.com/balance-allowance?signature_type=3&asset_type=CONDITIONAL&token_id=40226981542536983444919787300677464823405496856507835248518908133696697843012 "HTTP/2 200 OK"
2026-09-01 12:09:33,072 [INFO] 真實帳戶狀態：餘額 $43.62，持有部位 2 個，成交 30 筆
2026-09-01 12:09:43,454 [INFO] HTTP Request: GET https://clob.polymarket.com/balance-allowance?signature_type=3&asset_type=COLLATERAL "HTTP/2 200 OK"
2026-09-01 12:09:43,733 [INFO] HTTP Request: GET https://clob.polymarket.com/data/orders?next_cursor=MA%3D%3D "HTTP/2 200 OK"
2026-09-01 12:09:44,021 [INFO] HTTP Request: GET https://clob.polymarket.com/data/trades?next_cursor=MA%3D%3D "HTTP/2 200 OK"
2026-09-01 12:09:44,364 [INFO] HTTP Request: GET https://clob.polymarket.com/balance-allowance?signature_type=3&asset_type=CONDITIONAL&token_id=67225581639791542146677433330932315502316624859776065263784365377419792938599 "HTTP/2 200 OK"
2026-09-01 12:09:44,648 [INFO] HTTP Request: GET https://clob.polymarket.com/midpoint?token_id=67225581639791542146677433330932315502316624859776065263784365377419792938599 "HTTP/2 200 OK"
2026-09-01 12:09:44,929 [INFO] HTTP Request: GET https://clob.polymarket.com/balance-allowance?signature_type=3&asset_type=CONDITIONAL&token_id=87469275844464643981155407533839324142931345613048856190211009216034181841646 "HTTP/2 200 OK"
2026-09-01 12:09:45,226 [INFO] HTTP Request: GET https://clob.polymarket.com/midpoint?token_id=87469275844464643981155407533839324142931345613048856190211009216034181841646 "HTTP/2 200 OK"
2026-09-01 12:09:45,507 [INFO] HTTP Request: GET https://clob.polymarket.com/balance-allowance?signature_type=3&asset_type=CONDITIONAL&token_id=73762761860659734030891197316041785328834920454117099289556533947788426778871 "HTTP/2 200 OK"
2026-09-01 12:09:45,796 [INFO] HTTP Request: GET https://clob.polymarket.com/balance-allowance?signature_type=3&asset_type=CONDITIONAL&token_id=57943863669306782178144283301840016735275708897993195729399951880990118580844 "HTTP/2 200 OK"
2026-09-01 12:09:46,083 [INFO] HTTP Request: GET https://clob.polymarket.com/balance-allowance?signature_type=3&asset_type=CONDITIONAL&token_id=47615282314988048962232377836944794674273525829834186465285313272647874396868 "HTTP/2 200 OK"
2026-09-01 12:09:46,363 [INFO] HTTP Request: GET https://clob.polymarket.com/balance-allowance?signature_type=3&asset_type=CONDITIONAL&token_id=40226981542536983444919787300677464823405496856507835248518908133696697843012 "HTTP/2 200 OK"
2026-09-01 12:09:46,368 [INFO] 真實帳戶狀態：餘額 $43.62，持有部位 2 個，成交 30 筆
2026-09-01 12:09:56,732 [INFO] HTTP Request: GET https://clob.polymarket.com/balance-allowance?signature_type=3&asset_type=COLLATERAL "HTTP/2 200 OK"
2026-09-01 12:09:57,005 [INFO] HTTP Request: GET https://clob.polymarket.com/data/orders?next_cursor=MA%3D%3D "HTTP/2 200 OK"
2026-09-01 12:09:57,280 [INFO] HTTP Request: GET https://clob.polymarket.com/data/trades?next_cursor=MA%3D%3D "HTTP/2 200 OK"
2026-09-01 12:09:57,606 [INFO] HTTP Request: GET https://clob.polymarket.com/balance-allowance?signature_type=3&asset_type=CONDITIONAL&token_id=67225581639791542146677433330932315502316624859776065263784365377419792938599 "HTTP/2 200 OK"
2026-09-01 12:09:57,880 [INFO] HTTP Request: GET https://clob.polymarket.com/midpoint?token_id=67225581639791542146677433330932315502316624859776065263784365377419792938599 "HTTP/2 200 OK"
2026-09-01 12:09:58,168 [INFO] HTTP Request: GET https://clob.polymarket.com/balance-allowance?signature_type=3&asset_type=CONDITIONAL&token_id=87469275844464643981155407533839324142931345613048856190211009216034181841646 "HTTP/2 200 OK"
2026-09-01 12:09:58,461 [INFO] HTTP Request: GET https://clob.polymarket.com/midpoint?token_id=87469275844464643981155407533839324142931345613048856190211009216034181841646 "HTTP/2 200 OK"
2026-09-01 12:09:58,731 [INFO] HTTP Request: GET https://clob.polymarket.com/balance-allowance?signature_type=3&asset_type=CONDITIONAL&token_id=73762761860659734030891197316041785328834920454117099289556533947788426778871 "HTTP/2 200 OK"
2026-09-01 12:09:59,006 [INFO] HTTP Request: GET https://clob.polymarket.com/balance-allowance?signature_type=3&asset_type=CONDITIONAL&token_id=57943863669306782178144283301840016735275708897993195729399951880990118580844 "HTTP/2 200 OK"
2026-09-01 12:09:59,294 [INFO] HTTP Request: GET https://clob.polymarket.com/balance-allowance?signature_type=3&asset_type=CONDITIONAL&token_id=47615282314988048962232377836944794674273525829834186465285313272647874396868 "HTTP/2 200 OK"
2026-09-01 12:09:59,572 [INFO] HTTP Request: GET https://clob.polymarket.com/balance-allowance?signature_type=3&asset_type=CONDITIONAL&token_id=40226981542536983444919787300677464823405496856507835248518908133696697843012 "HTTP/2 200 OK"
2026-09-01 12:09:59,575 [INFO] 真實帳戶狀態：餘額 $43.62，持有部位 2 個，成交 30 筆
2026-09-01 12:10:09,966 [INFO] HTTP Request: GET https://clob.polymarket.com/balance-allowance?signature_type=3&asset_type=COLLATERAL "HTTP/2 200 OK"
2026-09-01 12:10:10,241 [INFO] HTTP Request: GET https://clob.polymarket.com/data/orders?next_cursor=MA%3D%3D "HTTP/2 200 OK"
2026-09-01 12:10:10,517 [INFO] HTTP Request: GET https://clob.polymarket.com/data/trades?next_cursor=MA%3D%3D "HTTP/2 200 OK"
2026-09-01 12:10:10,847 [INFO] HTTP Request: GET https://clob.polymarket.com/balance-allowance?signature_type=3&asset_type=CONDITIONAL&token_id=67225581639791542146677433330932315502316624859776065263784365377419792938599 "HTTP/2 200 OK"
2026-09-01 12:10:11,125 [INFO] HTTP Request: GET https://clob.polymarket.com/midpoint?token_id=67225581639791542146677433330932315502316624859776065263784365377419792938599 "HTTP/2 200 OK"
2026-09-01 12:10:11,405 [INFO] HTTP Request: GET https://clob.polymarket.com/balance-allowance?signature_type=3&asset_type=CONDITIONAL&token_id=87469275844464643981155407533839324142931345613048856190211009216034181841646 "HTTP/2 200 OK"
2026-09-01 12:10:11,742 [INFO] HTTP Request: GET https://clob.polymarket.com/midpoint?token_id=87469275844464643981155407533839324142931345613048856190211009216034181841646 "HTTP/2 200 OK"
2026-09-01 12:10:12,024 [INFO] HTTP Request: GET https://clob.polymarket.com/balance-allowance?signature_type=3&asset_type=CONDITIONAL&token_id=73762761860659734030891197316041785328834920454117099289556533947788426778871 "HTTP/2 200 OK"
2026-09-01 12:10:12,304 [INFO] HTTP Request: GET https://clob.polymarket.com/balance-allowance?signature_type=3&asset_type=CONDITIONAL&token_id=57943863669306782178144283301840016735275708897993195729399951880990118580844 "HTTP/2 200 OK"
2026-09-01 12:10:12,581 [INFO] HTTP Request: GET https://clob.polymarket.com/balance-allowance?signature_type=3&asset_type=CONDITIONAL&token_id=47615282314988048962232377836944794674273525829834186465285313272647874396868 "HTTP/2 200 OK"
2026-09-01 12:10:12,853 [INFO] HTTP Request: GET https://clob.polymarket.com/balance-allowance?signature_type=3&asset_type=CONDITIONAL&token_id=40226981542536983444919787300677464823405496856507835248518908133696697843012 "HTTP/2 200 OK"
2026-09-01 12:10:12,857 [INFO] 真實帳戶狀態：餘額 $43.62，持有部位 2 個，成交 30 筆
2026-09-01 12:10:23,222 [INFO] HTTP Request: GET https://clob.polymarket.com/balance-allowance?signature_type=3&asset_type=COLLATERAL "HTTP/2 200 OK"
2026-09-01 12:10:23,493 [INFO] HTTP Request: GET https://clob.polymarket.com/data/orders?next_cursor=MA%3D%3D "HTTP/2 200 OK"
2026-09-01 12:10:23,768 [INFO] HTTP Request: GET https://clob.polymarket.com/data/trades?next_cursor=MA%3D%3D "HTTP/2 200 OK"
2026-09-01 12:10:24,091 [INFO] HTTP Request: GET https://clob.polymarket.com/balance-allowance?signature_type=3&asset_type=CONDITIONAL&token_id=67225581639791542146677433330932315502316624859776065263784365377419792938599 "HTTP/2 200 OK"
2026-09-01 12:10:24,359 [INFO] HTTP Request: GET https://clob.polymarket.com/midpoint?token_id=67225581639791542146677433330932315502316624859776065263784365377419792938599 "HTTP/2 200 OK"
2026-09-01 12:10:24,629 [INFO] HTTP Request: GET https://clob.polymarket.com/balance-allowance?signature_type=3&asset_type=CONDITIONAL&token_id=87469275844464643981155407533839324142931345613048856190211009216034181841646 "HTTP/2 200 OK"
2026-09-01 12:10:24,906 [INFO] HTTP Request: GET https://clob.polymarket.com/midpoint?token_id=87469275844464643981155407533839324142931345613048856190211009216034181841646 "HTTP/2 200 OK"
2026-09-01 12:10:25,179 [INFO] HTTP Request: GET https://clob.polymarket.com/balance-allowance?signature_type=3&asset_type=CONDITIONAL&token_id=73762761860659734030891197316041785328834920454117099289556533947788426778871 "HTTP/2 200 OK"
2026-09-01 12:10:25,452 [INFO] HTTP Request: GET https://clob.polymarket.com/balance-allowance?signature_type=3&asset_type=CONDITIONAL&token_id=57943863669306782178144283301840016735275708897993195729399951880990118580844 "HTTP/2 200 OK"
2026-09-01 12:10:25,723 [INFO] HTTP Request: GET https://clob.polymarket.com/balance-allowance?signature_type=3&asset_type=CONDITIONAL&token_id=47615282314988048962232377836944794674273525829834186465285313272647874396868 "HTTP/2 200 OK"
2026-09-01 12:10:25,993 [INFO] HTTP Request: GET https://clob.polymarket.com/balance-allowance?signature_type=3&asset_type=CONDITIONAL&token_id=40226981542536983444919787300677464823405496856507835248518908133696697843012 "HTTP/2 200 OK"
2026-09-01 12:10:25,997 [INFO] 真實帳戶狀態：餘額 $43.62，持有部位 2 個，成交 30 筆
2026-09-01 12:10:36,373 [INFO] HTTP Request: GET https://clob.polymarket.com/balance-allowance?signature_type=3&asset_type=COLLATERAL "HTTP/2 200 OK"
2026-09-01 12:10:36,652 [INFO] HTTP Request: GET https://clob.polymarket.com/data/orders?next_cursor=MA%3D%3D "HTTP/2 200 OK"
2026-09-01 12:10:36,933 [INFO] HTTP Request: GET https://clob.polymarket.com/data/trades?next_cursor=MA%3D%3D "HTTP/2 200 OK"
2026-09-01 12:10:37,263 [INFO] HTTP Request: GET https://clob.polymarket.com/balance-allowance?signature_type=3&asset_type=CONDITIONAL&token_id=67225581639791542146677433330932315502316624859776065263784365377419792938599 "HTTP/2 200 OK"
2026-09-01 12:10:37,545 [INFO] HTTP Request: GET https://clob.polymarket.com/midpoint?token_id=67225581639791542146677433330932315502316624859776065263784365377419792938599 "HTTP/2 200 OK"
2026-09-01 12:10:37,817 [INFO] HTTP Request: GET https://clob.polymarket.com/balance-allowance?signature_type=3&asset_type=CONDITIONAL&token_id=87469275844464643981155407533839324142931345613048856190211009216034181841646 "HTTP/2 200 OK"
2026-09-01 12:10:38,092 [INFO] HTTP Request: GET https://clob.polymarket.com/midpoint?token_id=87469275844464643981155407533839324142931345613048856190211009216034181841646 "HTTP/2 200 OK"
2026-09-01 12:10:38,365 [INFO] HTTP Request: GET https://clob.polymarket.com/balance-allowance?signature_type=3&asset_type=CONDITIONAL&token_id=73762761860659734030891197316041785328834920454117099289556533947788426778871 "HTTP/2 200 OK"
2026-09-01 12:10:38,636 [INFO] HTTP Request: GET https://clob.polymarket.com/balance-allowance?signature_type=3&asset_type=CONDITIONAL&token_id=57943863669306782178144283301840016735275708897993195729399951880990118580844 "HTTP/2 200 OK"
2026-09-01 12:10:38,916 [INFO] HTTP Request: GET https://clob.polymarket.com/balance-allowance?signature_type=3&asset_type=CONDITIONAL&token_id=47615282314988048962232377836944794674273525829834186465285313272647874396868 "HTTP/2 200 OK"
2026-09-01 12:10:39,194 [INFO] HTTP Request: GET https://clob.polymarket.com/balance-allowance?signature_type=3&asset_type=CONDITIONAL&token_id=40226981542536983444919787300677464823405496856507835248518908133696697843012 "HTTP/2 200 OK"
2026-09-01 12:10:39,198 [INFO] 真實帳戶狀態：餘額 $43.62，持有部位 2 個，成交 30 筆
2026-09-01 12:10:49,563 [INFO] HTTP Request: GET https://clob.polymarket.com/balance-allowance?signature_type=3&asset_type=COLLATERAL "HTTP/2 200 OK"
2026-09-01 12:10:49,837 [INFO] HTTP Request: GET https://clob.polymarket.com/data/orders?next_cursor=MA%3D%3D "HTTP/2 200 OK"
2026-09-01 12:10:50,120 [INFO] HTTP Request: GET https://clob.polymarket.com/data/trades?next_cursor=MA%3D%3D "HTTP/2 200 OK"
2026-09-01 12:10:50,654 [INFO] HTTP Request: GET https://clob.polymarket.com/balance-allowance?signature_type=3&asset_type=CONDITIONAL&token_id=67225581639791542146677433330932315502316624859776065263784365377419792938599 "HTTP/2 200 OK"
2026-09-01 12:10:51,048 [INFO] HTTP Request: GET https://clob.polymarket.com/midpoint?token_id=67225581639791542146677433330932315502316624859776065263784365377419792938599 "HTTP/2 200 OK"
2026-09-01 12:10:51,323 [INFO] HTTP Request: GET https://clob.polymarket.com/balance-allowance?signature_type=3&asset_type=CONDITIONAL&token_id=87469275844464643981155407533839324142931345613048856190211009216034181841646 "HTTP/2 200 OK"
2026-09-01 12:10:51,596 [INFO] HTTP Request: GET https://clob.polymarket.com/midpoint?token_id=87469275844464643981155407533839324142931345613048856190211009216034181841646 "HTTP/2 200 OK"
2026-09-01 12:10:51,883 [INFO] HTTP Request: GET https://clob.polymarket.com/balance-allowance?signature_type=3&asset_type=CONDITIONAL&token_id=73762761860659734030891197316041785328834920454117099289556533947788426778871 "HTTP/2 200 OK"
2026-09-01 12:10:52,152 [INFO] HTTP Request: GET https://clob.polymarket.com/balance-allowance?signature_type=3&asset_type=CONDITIONAL&token_id=57943863669306782178144283301840016735275708897993195729399951880990118580844 "HTTP/2 200 OK"
2026-09-01 12:10:52,426 [INFO] HTTP Request: GET https://clob.polymarket.com/balance-allowance?signature_type=3&asset_type=CONDITIONAL&token_id=47615282314988048962232377836944794674273525829834186465285313272647874396868 "HTTP/2 200 OK"
2026-09-01 12:10:52,699 [INFO] HTTP Request: GET https://clob.polymarket.com/balance-allowance?signature_type=3&asset_type=CONDITIONAL&token_id=40226981542536983444919787300677464823405496856507835248518908133696697843012 "HTTP/2 200 OK"
2026-09-01 12:10:52,703 [INFO] 真實帳戶狀態：餘額 $43.62，持有部位 2 個，成交 30 筆
2026-09-01 12:11:03,084 [INFO] HTTP Request: GET https://clob.polymarket.com/balance-allowance?signature_type=3&asset_type=COLLATERAL "HTTP/2 200 OK"
2026-09-01 12:11:03,358 [INFO] HTTP Request: GET https://clob.polymarket.com/data/orders?next_cursor=MA%3D%3D "HTTP/2 200 OK"
2026-09-01 12:11:03,635 [INFO] HTTP Request: GET https://clob.polymarket.com/data/trades?next_cursor=MA%3D%3D "HTTP/2 200 OK"
2026-09-01 12:11:03,960 [INFO] HTTP Request: GET https://clob.polymarket.com/balance-allowance?signature_type=3&asset_type=CONDITIONAL&token_id=67225581639791542146677433330932315502316624859776065263784365377419792938599 "HTTP/2 200 OK"
2026-09-01 12:11:04,228 [INFO] HTTP Request: GET https://clob.polymarket.com/midpoint?token_id=67225581639791542146677433330932315502316624859776065263784365377419792938599 "HTTP/2 200 OK"
2026-09-01 12:11:04,520 [INFO] HTTP Request: GET https://clob.polymarket.com/balance-allowance?signature_type=3&asset_type=CONDITIONAL&token_id=87469275844464643981155407533839324142931345613048856190211009216034181841646 "HTTP/2 200 OK"
2026-09-01 12:11:04,827 [INFO] HTTP Request: GET https://clob.polymarket.com/midpoint?token_id=87469275844464643981155407533839324142931345613048856190211009216034181841646 "HTTP/2 200 OK"
2026-09-01 12:11:05,104 [INFO] HTTP Request: GET https://clob.polymarket.com/balance-allowance?signature_type=3&asset_type=CONDITIONAL&token_id=73762761860659734030891197316041785328834920454117099289556533947788426778871 "HTTP/2 200 OK"
2026-09-01 12:11:05,382 [INFO] HTTP Request: GET https://clob.polymarket.com/balance-allowance?signature_type=3&asset_type=CONDITIONAL&token_id=57943863669306782178144283301840016735275708897993195729399951880990118580844 "HTTP/2 200 OK"
2026-09-01 12:11:05,650 [INFO] HTTP Request: GET https://clob.polymarket.com/balance-allowance?signature_type=3&asset_type=CONDITIONAL&token_id=47615282314988048962232377836944794674273525829834186465285313272647874396868 "HTTP/2 200 OK"
2026-09-01 12:11:05,940 [INFO] HTTP Request: GET https://clob.polymarket.com/balance-allowance?signature_type=3&asset_type=CONDITIONAL&token_id=40226981542536983444919787300677464823405496856507835248518908133696697843012 "HTTP/2 200 OK"
2026-09-01 12:11:05,943 [INFO] 真實帳戶狀態：餘額 $43.62，持有部位 2 個，成交 30 筆
2026-09-01 12:11:16,307 [INFO] HTTP Request: GET https://clob.polymarket.com/balance-allowance?signature_type=3&asset_type=COLLATERAL "HTTP/2 200 OK"
2026-09-01 12:11:16,577 [INFO] HTTP Request: GET https://clob.polymarket.com/data/orders?next_cursor=MA%3D%3D "HTTP/2 200 OK"
2026-09-01 12:11:16,856 [INFO] HTTP Request: GET https://clob.polymarket.com/data/trades?next_cursor=MA%3D%3D "HTTP/2 200 OK"
2026-09-01 12:11:17,179 [INFO] HTTP Request: GET https://clob.polymarket.com/balance-allowance?signature_type=3&asset_type=CONDITIONAL&token_id=67225581639791542146677433330932315502316624859776065263784365377419792938599 "HTTP/2 200 OK"
2026-09-01 12:11:17,455 [INFO] HTTP Request: GET https://clob.polymarket.com/balance-allowance?signature_type=3&asset_type=CONDITIONAL&token_id=87469275844464643981155407533839324142931345613048856190211009216034181841646 "HTTP/2 200 OK"
2026-09-01 12:11:17,730 [INFO] HTTP Request: GET https://clob.polymarket.com/balance-allowance?signature_type=3&asset_type=CONDITIONAL&token_id=73762761860659734030891197316041785328834920454117099289556533947788426778871 "HTTP/2 200 OK"
2026-09-01 12:11:18,005 [INFO] HTTP Request: GET https://clob.polymarket.com/balance-allowance?signature_type=3&asset_type=CONDITIONAL&token_id=57943863669306782178144283301840016735275708897993195729399951880990118580844 "HTTP/2 200 OK"
2026-09-01 12:11:18,276 [INFO] HTTP Request: GET https://clob.polymarket.com/balance-allowance?signature_type=3&asset_type=CONDITIONAL&token_id=47615282314988048962232377836944794674273525829834186465285313272647874396868 "HTTP/2 200 OK"
2026-09-01 12:11:18,548 [INFO] HTTP Request: GET https://clob.polymarket.com/balance-allowance?signature_type=3&asset_type=CONDITIONAL&token_id=40226981542536983444919787300677464823405496856507835248518908133696697843012 "HTTP/2 200 OK"
2026-09-01 12:11:18,551 [INFO] 真實帳戶狀態：餘額 $48.76，持有部位 0 個，成交 30 筆
2026-09-01 12:11:28,930 [INFO] HTTP Request: GET https://clob.polymarket.com/balance-allowance?signature_type=3&asset_type=COLLATERAL "HTTP/2 200 OK"
2026-09-01 12:11:29,204 [INFO] HTTP Request: GET https://clob.polymarket.com/data/orders?next_cursor=MA%3D%3D "HTTP/2 200 OK"
2026-09-01 12:11:29,481 [INFO] HTTP Request: GET https://clob.polymarket.com/data/trades?next_cursor=MA%3D%3D "HTTP/2 200 OK"
2026-09-01 12:11:29,808 [INFO] HTTP Request: GET https://clob.polymarket.com/balance-allowance?signature_type=3&asset_type=CONDITIONAL&token_id=67225581639791542146677433330932315502316624859776065263784365377419792938599 "HTTP/2 200 OK"
2026-09-01 12:11:30,082 [INFO] HTTP Request: GET https://clob.polymarket.com/balance-allowance?signature_type=3&asset_type=CONDITIONAL&token_id=87469275844464643981155407533839324142931345613048856190211009216034181841646 "HTTP/2 200 OK"
2026-09-01 12:11:30,355 [INFO] HTTP Request: GET https://clob.polymarket.com/balance-allowance?signature_type=3&asset_type=CONDITIONAL&token_id=73762761860659734030891197316041785328834920454117099289556533947788426778871 "HTTP/2 200 OK"
2026-09-01 12:11:30,624 [INFO] HTTP Request: GET https://clob.polymarket.com/balance-allowance?signature_type=3&asset_type=CONDITIONAL&token_id=57943863669306782178144283301840016735275708897993195729399951880990118580844 "HTTP/2 200 OK"
2026-09-01 12:11:30,902 [INFO] HTTP Request: GET https://clob.polymarket.com/balance-allowance?signature_type=3&asset_type=CONDITIONAL&token_id=47615282314988048962232377836944794674273525829834186465285313272647874396868 "HTTP/2 200 OK"
2026-09-01 12:11:31,176 [INFO] HTTP Request: GET https://clob.polymarket.com/balance-allowance?signature_type=3&asset_type=CONDITIONAL&token_id=40226981542536983444919787300677464823405496856507835248518908133696697843012 "HTTP/2 200 OK"
2026-09-01 12:11:31,179 [INFO] 真實帳戶狀態：餘額 $48.76，持有部位 0 個，成交 30 筆
2026-09-01 12:11:41,549 [INFO] HTTP Request: GET https://clob.polymarket.com/balance-allowance?signature_type=3&asset_type=COLLATERAL "HTTP/2 200 OK"
2026-09-01 12:11:41,820 [INFO] HTTP Request: GET https://clob.polymarket.com/data/orders?next_cursor=MA%3D%3D "HTTP/2 200 OK"
2026-09-01 12:11:42,097 [INFO] HTTP Request: GET https://clob.polymarket.com/data/trades?next_cursor=MA%3D%3D "HTTP/2 200 OK"
2026-09-01 12:11:42,418 [INFO] HTTP Request: GET https://clob.polymarket.com/balance-allowance?signature_type=3&asset_type=CONDITIONAL&token_id=67225581639791542146677433330932315502316624859776065263784365377419792938599 "HTTP/2 200 OK"
2026-09-01 12:11:42,687 [INFO] HTTP Request: GET https://clob.polymarket.com/balance-allowance?signature_type=3&asset_type=CONDITIONAL&token_id=87469275844464643981155407533839324142931345613048856190211009216034181841646 "HTTP/2 200 OK"
2026-09-01 12:11:42,956 [INFO] HTTP Request: GET https://clob.polymarket.com/balance-allowance?signature_type=3&asset_type=CONDITIONAL&token_id=73762761860659734030891197316041785328834920454117099289556533947788426778871 "HTTP/2 200 OK"
2026-09-01 12:11:43,224 [INFO] HTTP Request: GET https://clob.polymarket.com/balance-allowance?signature_type=3&asset_type=CONDITIONAL&token_id=57943863669306782178144283301840016735275708897993195729399951880990118580844 "HTTP/2 200 OK"
2026-09-01 12:11:43,516 [INFO] HTTP Request: GET https://clob.polymarket.com/balance-allowance?signature_type=3&asset_type=CONDITIONAL&token_id=47615282314988048962232377836944794674273525829834186465285313272647874396868 "HTTP/2 200 OK"
2026-09-01 12:11:43,785 [INFO] HTTP Request: GET https://clob.polymarket.com/balance-allowance?signature_type=3&asset_type=CONDITIONAL&token_id=40226981542536983444919787300677464823405496856507835248518908133696697843012 "HTTP/2 200 OK"
2026-09-01 12:11:43,790 [INFO] 真實帳戶狀態：餘額 $48.76，持有部位 0 個，成交 30 筆
2026-09-01 12:11:54,154 [INFO] HTTP Request: GET https://clob.polymarket.com/balance-allowance?signature_type=3&asset_type=COLLATERAL "HTTP/2 200 OK"
2026-09-01 12:11:54,426 [INFO] HTTP Request: GET https://clob.polymarket.com/data/orders?next_cursor=MA%3D%3D "HTTP/2 200 OK"
2026-09-01 12:11:54,703 [INFO] HTTP Request: GET https://clob.polymarket.com/data/trades?next_cursor=MA%3D%3D "HTTP/2 200 OK"
2026-09-01 12:11:55,029 [INFO] HTTP Request: GET https://clob.polymarket.com/balance-allowance?signature_type=3&asset_type=CONDITIONAL&token_id=67225581639791542146677433330932315502316624859776065263784365377419792938599 "HTTP/2 200 OK"
2026-09-01 12:11:55,300 [INFO] HTTP Request: GET https://clob.polymarket.com/balance-allowance?signature_type=3&asset_type=CONDITIONAL&token_id=87469275844464643981155407533839324142931345613048856190211009216034181841646 "HTTP/2 200 OK"
2026-09-01 12:11:55,571 [INFO] HTTP Request: GET https://clob.polymarket.com/balance-allowance?signature_type=3&asset_type=CONDITIONAL&token_id=73762761860659734030891197316041785328834920454117099289556533947788426778871 "HTTP/2 200 OK"
2026-09-01 12:11:55,839 [INFO] HTTP Request: GET https://clob.polymarket.com/balance-allowance?signature_type=3&asset_type=CONDITIONAL&token_id=57943863669306782178144283301840016735275708897993195729399951880990118580844 "HTTP/2 200 OK"
2026-09-01 12:11:56,108 [INFO] HTTP Request: GET https://clob.polymarket.com/balance-allowance?signature_type=3&asset_type=CONDITIONAL&token_id=47615282314988048962232377836944794674273525829834186465285313272647874396868 "HTTP/2 200 OK"
2026-09-01 12:11:56,383 [INFO] HTTP Request: GET https://clob.polymarket.com/balance-allowance?signature_type=3&asset_type=CONDITIONAL&token_id=40226981542536983444919787300677464823405496856507835248518908133696697843012 "HTTP/2 200 OK"
2026-09-01 12:11:56,386 [INFO] 真實帳戶狀態：餘額 $48.76，持有部位 0 個，成交 30 筆
2026-09-01 12:12:06,749 [INFO] HTTP Request: GET https://clob.polymarket.com/balance-allowance?signature_type=3&asset_type=COLLATERAL "HTTP/2 200 OK"
2026-09-01 12:12:07,021 [INFO] HTTP Request: GET https://clob.polymarket.com/data/orders?next_cursor=MA%3D%3D "HTTP/2 200 OK"
2026-09-01 12:12:07,305 [INFO] HTTP Request: GET https://clob.polymarket.com/data/trades?next_cursor=MA%3D%3D "HTTP/2 200 OK"
2026-09-01 12:12:07,627 [INFO] HTTP Request: GET https://clob.polymarket.com/balance-allowance?signature_type=3&asset_type=CONDITIONAL&token_id=67225581639791542146677433330932315502316624859776065263784365377419792938599 "HTTP/2 200 OK"
2026-09-01 12:12:07,908 [INFO] HTTP Request: GET https://clob.polymarket.com/balance-allowance?signature_type=3&asset_type=CONDITIONAL&token_id=87469275844464643981155407533839324142931345613048856190211009216034181841646 "HTTP/2 200 OK"
2026-09-01 12:12:08,178 [INFO] HTTP Request: GET https://clob.polymarket.com/balance-allowance?signature_type=3&asset_type=CONDITIONAL&token_id=73762761860659734030891197316041785328834920454117099289556533947788426778871 "HTTP/2 200 OK"
2026-09-01 12:12:08,451 [INFO] HTTP Request: GET https://clob.polymarket.com/balance-allowance?signature_type=3&asset_type=CONDITIONAL&token_id=57943863669306782178144283301840016735275708897993195729399951880990118580844 "HTTP/2 200 OK"
2026-09-01 12:12:08,718 [INFO] HTTP Request: GET https://clob.polymarket.com/balance-allowance?signature_type=3&asset_type=CONDITIONAL&token_id=47615282314988048962232377836944794674273525829834186465285313272647874396868 "HTTP/2 200 OK"
2026-09-01 12:12:08,995 [INFO] HTTP Request: GET https://clob.polymarket.com/balance-allowance?signature_type=3&asset_type=CONDITIONAL&token_id=40226981542536983444919787300677464823405496856507835248518908133696697843012 "HTTP/2 200 OK"
2026-09-01 12:12:08,999 [INFO] 真實帳戶狀態：餘額 $48.76，持有部位 0 個，成交 30 筆
2026-09-01 12:12:19,359 [INFO] HTTP Request: GET https://clob.polymarket.com/balance-allowance?signature_type=3&asset_type=COLLATERAL "HTTP/2 200 OK"
2026-09-01 12:12:19,626 [INFO] HTTP Request: GET https://clob.polymarket.com/data/orders?next_cursor=MA%3D%3D "HTTP/2 200 OK"
2026-09-01 12:12:19,910 [INFO] HTTP Request: GET https://clob.polymarket.com/data/trades?next_cursor=MA%3D%3D "HTTP/2 200 OK"
2026-09-01 12:12:20,235 [INFO] HTTP Request: GET https://clob.polymarket.com/balance-allowance?signature_type=3&asset_type=CONDITIONAL&token_id=67225581639791542146677433330932315502316624859776065263784365377419792938599 "HTTP/2 200 OK"
2026-09-01 12:12:20,509 [INFO] HTTP Request: GET https://clob.polymarket.com/balance-allowance?signature_type=3&asset_type=CONDITIONAL&token_id=87469275844464643981155407533839324142931345613048856190211009216034181841646 "HTTP/2 200 OK"
2026-09-01 12:12:20,784 [INFO] HTTP Request: GET https://clob.polymarket.com/balance-allowance?signature_type=3&asset_type=CONDITIONAL&token_id=73762761860659734030891197316041785328834920454117099289556533947788426778871 "HTTP/2 200 OK"
2026-09-01 12:12:21,057 [INFO] HTTP Request: GET https://clob.polymarket.com/balance-allowance?signature_type=3&asset_type=CONDITIONAL&token_id=57943863669306782178144283301840016735275708897993195729399951880990118580844 "HTTP/2 200 OK"
2026-09-01 12:12:21,327 [INFO] HTTP Request: GET https://clob.polymarket.com/balance-allowance?signature_type=3&asset_type=CONDITIONAL&token_id=47615282314988048962232377836944794674273525829834186465285313272647874396868 "HTTP/2 200 OK"
2026-09-01 12:12:21,598 [INFO] HTTP Request: GET https://clob.polymarket.com/balance-allowance?signature_type=3&asset_type=CONDITIONAL&token_id=40226981542536983444919787300677464823405496856507835248518908133696697843012 "HTTP/2 200 OK"
2026-09-01 12:12:21,601 [INFO] 真實帳戶狀態：餘額 $48.76，持有部位 0 個，成交 30 筆
2026-09-01 12:12:31,963 [INFO] HTTP Request: GET https://clob.polymarket.com/balance-allowance?signature_type=3&asset_type=COLLATERAL "HTTP/2 200 OK"
2026-09-01 12:12:32,233 [INFO] HTTP Request: GET https://clob.polymarket.com/data/orders?next_cursor=MA%3D%3D "HTTP/2 200 OK"
2026-09-01 12:12:32,511 [INFO] HTTP Request: GET https://clob.polymarket.com/data/trades?next_cursor=MA%3D%3D "HTTP/2 200 OK"
2026-09-01 12:12:32,838 [INFO] HTTP Request: GET https://clob.polymarket.com/balance-allowance?signature_type=3&asset_type=CONDITIONAL&token_id=67225581639791542146677433330932315502316624859776065263784365377419792938599 "HTTP/2 200 OK"
2026-09-01 12:12:33,341 [INFO] HTTP Request: GET https://clob.polymarket.com/balance-allowance?signature_type=3&asset_type=CONDITIONAL&token_id=87469275844464643981155407533839324142931345613048856190211009216034181841646 "HTTP/2 200 OK"
2026-09-01 12:12:33,837 [INFO] HTTP Request: GET https://clob.polymarket.com/balance-allowance?signature_type=3&asset_type=CONDITIONAL&token_id=73762761860659734030891197316041785328834920454117099289556533947788426778871 "HTTP/2 200 OK"
2026-09-01 12:12:34,114 [INFO] HTTP Request: GET https://clob.polymarket.com/balance-allowance?signature_type=3&asset_type=CONDITIONAL&token_id=57943863669306782178144283301840016735275708897993195729399951880990118580844 "HTTP/2 200 OK"
2026-09-01 12:12:34,384 [INFO] HTTP Request: GET https://clob.polymarket.com/balance-allowance?signature_type=3&asset_type=CONDITIONAL&token_id=47615282314988048962232377836944794674273525829834186465285313272647874396868 "HTTP/2 200 OK"
2026-09-01 12:12:34,656 [INFO] HTTP Request: GET https://clob.polymarket.com/balance-allowance?signature_type=3&asset_type=CONDITIONAL&token_id=40226981542536983444919787300677464823405496856507835248518908133696697843012 "HTTP/2 200 OK"
2026-09-01 12:12:34,661 [INFO] 真實帳戶狀態：餘額 $48.76，持有部位 0 個，成交 30 筆
2026-09-01 12:12:45,050 [INFO] HTTP Request: GET https://clob.polymarket.com/balance-allowance?signature_type=3&asset_type=COLLATERAL "HTTP/2 200 OK"
2026-09-01 12:12:45,323 [INFO] HTTP Request: GET https://clob.polymarket.com/data/orders?next_cursor=MA%3D%3D "HTTP/2 200 OK"
2026-09-01 12:12:45,692 [INFO] HTTP Request: GET https://clob.polymarket.com/data/trades?next_cursor=MA%3D%3D "HTTP/2 200 OK"
2026-09-01 12:12:46,020 [INFO] HTTP Request: GET https://clob.polymarket.com/balance-allowance?signature_type=3&asset_type=CONDITIONAL&token_id=67225581639791542146677433330932315502316624859776065263784365377419792938599 "HTTP/2 200 OK"
2026-09-01 12:12:46,299 [INFO] HTTP Request: GET https://clob.polymarket.com/balance-allowance?signature_type=3&asset_type=CONDITIONAL&token_id=87469275844464643981155407533839324142931345613048856190211009216034181841646 "HTTP/2 200 OK"
2026-09-01 12:12:46,570 [INFO] HTTP Request: GET https://clob.polymarket.com/balance-allowance?signature_type=3&asset_type=CONDITIONAL&token_id=73762761860659734030891197316041785328834920454117099289556533947788426778871 "HTTP/2 200 OK"
2026-09-01 12:12:46,841 [INFO] HTTP Request: GET https://clob.polymarket.com/balance-allowance?signature_type=3&asset_type=CONDITIONAL&token_id=57943863669306782178144283301840016735275708897993195729399951880990118580844 "HTTP/2 200 OK"
2026-09-01 12:12:47,115 [INFO] HTTP Request: GET https://clob.polymarket.com/balance-allowance?signature_type=3&asset_type=CONDITIONAL&token_id=47615282314988048962232377836944794674273525829834186465285313272647874396868 "HTTP/2 200 OK"
2026-09-01 12:12:47,397 [INFO] HTTP Request: GET https://clob.polymarket.com/balance-allowance?signature_type=3&asset_type=CONDITIONAL&token_id=40226981542536983444919787300677464823405496856507835248518908133696697843012 "HTTP/2 200 OK"
2026-09-01 12:12:47,402 [INFO] 真實帳戶狀態：餘額 $48.76，持有部位 0 個，成交 30 筆
2026-09-01 12:12:57,769 [INFO] HTTP Request: GET https://clob.polymarket.com/balance-allowance?signature_type=3&asset_type=COLLATERAL "HTTP/2 200 OK"
2026-09-01 12:12:58,043 [INFO] HTTP Request: GET https://clob.polymarket.com/data/orders?next_cursor=MA%3D%3D "HTTP/2 200 OK"
2026-09-01 12:12:58,318 [INFO] HTTP Request: GET https://clob.polymarket.com/data/trades?next_cursor=MA%3D%3D "HTTP/2 200 OK"
2026-09-01 12:12:58,648 [INFO] HTTP Request: GET https://clob.polymarket.com/balance-allowance?signature_type=3&asset_type=CONDITIONAL&token_id=67225581639791542146677433330932315502316624859776065263784365377419792938599 "HTTP/2 200 OK"
2026-09-01 12:12:58,933 [INFO] HTTP Request: GET https://clob.polymarket.com/balance-allowance?signature_type=3&asset_type=CONDITIONAL&token_id=87469275844464643981155407533839324142931345613048856190211009216034181841646 "HTTP/2 200 OK"
2026-09-01 12:12:59,206 [INFO] HTTP Request: GET https://clob.polymarket.com/balance-allowance?signature_type=3&asset_type=CONDITIONAL&token_id=73762761860659734030891197316041785328834920454117099289556533947788426778871 "HTTP/2 200 OK"
2026-09-01 12:12:59,477 [INFO] HTTP Request: GET https://clob.polymarket.com/balance-allowance?signature_type=3&asset_type=CONDITIONAL&token_id=57943863669306782178144283301840016735275708897993195729399951880990118580844 "HTTP/2 200 OK"
2026-09-01 12:12:59,756 [INFO] HTTP Request: GET https://clob.polymarket.com/balance-allowance?signature_type=3&asset_type=CONDITIONAL&token_id=47615282314988048962232377836944794674273525829834186465285313272647874396868 "HTTP/2 200 OK"
2026-09-01 12:13:00,029 [INFO] HTTP Request: GET https://clob.polymarket.com/balance-allowance?signature_type=3&asset_type=CONDITIONAL&token_id=40226981542536983444919787300677464823405496856507835248518908133696697843012 "HTTP/2 200 OK"
2026-09-01 12:13:00,032 [INFO] 真實帳戶狀態：餘額 $48.76，持有部位 0 個，成交 30 筆
2026-09-01 12:13:10,403 [INFO] HTTP Request: GET https://clob.polymarket.com/balance-allowance?signature_type=3&asset_type=COLLATERAL "HTTP/2 200 OK"
2026-09-01 12:13:10,676 [INFO] HTTP Request: GET https://clob.polymarket.com/data/orders?next_cursor=MA%3D%3D "HTTP/2 200 OK"
2026-09-01 12:13:10,950 [INFO] HTTP Request: GET https://clob.polymarket.com/data/trades?next_cursor=MA%3D%3D "HTTP/2 200 OK"
2026-09-01 12:13:11,276 [INFO] HTTP Request: GET https://clob.polymarket.com/balance-allowance?signature_type=3&asset_type=CONDITIONAL&token_id=67225581639791542146677433330932315502316624859776065263784365377419792938599 "HTTP/2 200 OK"
2026-09-01 12:13:11,553 [INFO] HTTP Request: GET https://clob.polymarket.com/balance-allowance?signature_type=3&asset_type=CONDITIONAL&token_id=87469275844464643981155407533839324142931345613048856190211009216034181841646 "HTTP/2 200 OK"
2026-09-01 12:13:11,823 [INFO] HTTP Request: GET https://clob.polymarket.com/balance-allowance?signature_type=3&asset_type=CONDITIONAL&token_id=73762761860659734030891197316041785328834920454117099289556533947788426778871 "HTTP/2 200 OK"
2026-09-01 12:13:12,337 [INFO] HTTP Request: GET https://clob.polymarket.com/balance-allowance?signature_type=3&asset_type=CONDITIONAL&token_id=57943863669306782178144283301840016735275708897993195729399951880990118580844 "HTTP/2 200 OK"
2026-09-01 12:13:12,610 [INFO] HTTP Request: GET https://clob.polymarket.com/balance-allowance?signature_type=3&asset_type=CONDITIONAL&token_id=47615282314988048962232377836944794674273525829834186465285313272647874396868 "HTTP/2 200 OK"
2026-09-01 12:13:12,880 [INFO] HTTP Request: GET https://clob.polymarket.com/balance-allowance?signature_type=3&asset_type=CONDITIONAL&token_id=40226981542536983444919787300677464823405496856507835248518908133696697843012 "HTTP/2 200 OK"
2026-09-01 12:13:12,883 [INFO] 真實帳戶狀態：餘額 $48.76，持有部位 0 個，成交 30 筆
2026-09-01 12:13:23,232 [INFO] HTTP Request: GET https://clob.polymarket.com/balance-allowance?signature_type=3&asset_type=COLLATERAL "HTTP/2 200 OK"
2026-09-01 12:13:23,500 [INFO] HTTP Request: GET https://clob.polymarket.com/data/orders?next_cursor=MA%3D%3D "HTTP/2 200 OK"
2026-09-01 12:13:23,776 [INFO] HTTP Request: GET https://clob.polymarket.com/data/trades?next_cursor=MA%3D%3D "HTTP/2 200 OK"
2026-09-01 12:13:24,102 [INFO] HTTP Request: GET https://clob.polymarket.com/balance-allowance?signature_type=3&asset_type=CONDITIONAL&token_id=67225581639791542146677433330932315502316624859776065263784365377419792938599 "HTTP/2 200 OK"
2026-09-01 12:13:24,376 [INFO] HTTP Request: GET https://clob.polymarket.com/balance-allowance?signature_type=3&asset_type=CONDITIONAL&token_id=87469275844464643981155407533839324142931345613048856190211009216034181841646 "HTTP/2 200 OK"
2026-09-01 12:13:24,647 [INFO] HTTP Request: GET https://clob.polymarket.com/balance-allowance?signature_type=3&asset_type=CONDITIONAL&token_id=73762761860659734030891197316041785328834920454117099289556533947788426778871 "HTTP/2 200 OK"
2026-09-01 12:13:24,921 [INFO] HTTP Request: GET https://clob.polymarket.com/balance-allowance?signature_type=3&asset_type=CONDITIONAL&token_id=57943863669306782178144283301840016735275708897993195729399951880990118580844 "HTTP/2 200 OK"
2026-09-01 12:13:25,210 [INFO] HTTP Request: GET https://clob.polymarket.com/balance-allowance?signature_type=3&asset_type=CONDITIONAL&token_id=47615282314988048962232377836944794674273525829834186465285313272647874396868 "HTTP/2 200 OK"
2026-09-01 12:13:25,483 [INFO] HTTP Request: GET https://clob.polymarket.com/balance-allowance?signature_type=3&asset_type=CONDITIONAL&token_id=40226981542536983444919787300677464823405496856507835248518908133696697843012 "HTTP/2 200 OK"
2026-09-01 12:13:25,486 [INFO] 真實帳戶狀態：餘額 $48.76，持有部位 0 個，成交 30 筆
2026-09-01 12:13:35,866 [INFO] HTTP Request: GET https://clob.polymarket.com/balance-allowance?signature_type=3&asset_type=COLLATERAL "HTTP/2 200 OK"
2026-09-01 12:13:36,147 [INFO] HTTP Request: GET https://clob.polymarket.com/data/orders?next_cursor=MA%3D%3D "HTTP/2 200 OK"
2026-09-01 12:13:36,436 [INFO] HTTP Request: GET https://clob.polymarket.com/data/trades?next_cursor=MA%3D%3D "HTTP/2 200 OK"
2026-09-01 12:13:37,189 [INFO] HTTP Request: GET https://clob.polymarket.com/balance-allowance?signature_type=3&asset_type=CONDITIONAL&token_id=67225581639791542146677433330932315502316624859776065263784365377419792938599 "HTTP/2 200 OK"
2026-09-01 12:13:37,467 [INFO] HTTP Request: GET https://clob.polymarket.com/balance-allowance?signature_type=3&asset_type=CONDITIONAL&token_id=87469275844464643981155407533839324142931345613048856190211009216034181841646 "HTTP/2 200 OK"
2026-09-01 12:13:37,741 [INFO] HTTP Request: GET https://clob.polymarket.com/balance-allowance?signature_type=3&asset_type=CONDITIONAL&token_id=73762761860659734030891197316041785328834920454117099289556533947788426778871 "HTTP/2 200 OK"
2026-09-01 12:13:38,022 [INFO] HTTP Request: GET https://clob.polymarket.com/balance-allowance?signature_type=3&asset_type=CONDITIONAL&token_id=57943863669306782178144283301840016735275708897993195729399951880990118580844 "HTTP/2 200 OK"
2026-09-01 12:13:38,308 [INFO] HTTP Request: GET https://clob.polymarket.com/balance-allowance?signature_type=3&asset_type=CONDITIONAL&token_id=47615282314988048962232377836944794674273525829834186465285313272647874396868 "HTTP/2 200 OK"
2026-09-01 12:13:38,583 [INFO] HTTP Request: GET https://clob.polymarket.com/balance-allowance?signature_type=3&asset_type=CONDITIONAL&token_id=40226981542536983444919787300677464823405496856507835248518908133696697843012 "HTTP/2 200 OK"
2026-09-01 12:13:38,586 [INFO] 真實帳戶狀態：餘額 $48.76，持有部位 0 個，成交 30 筆
2026-09-01 12:13:48,958 [INFO] HTTP Request: GET https://clob.polymarket.com/balance-allowance?signature_type=3&asset_type=COLLATERAL "HTTP/2 200 OK"
2026-09-01 12:13:49,226 [INFO] HTTP Request: GET https://clob.polymarket.com/data/orders?next_cursor=MA%3D%3D "HTTP/2 200 OK"
2026-09-01 12:13:49,510 [INFO] HTTP Request: GET https://clob.polymarket.com/data/trades?next_cursor=MA%3D%3D "HTTP/2 200 OK"
2026-09-01 12:13:50,246 [INFO] HTTP Request: GET https://clob.polymarket.com/balance-allowance?signature_type=3&asset_type=CONDITIONAL&token_id=67225581639791542146677433330932315502316624859776065263784365377419792938599 "HTTP/2 200 OK"
2026-09-01 12:13:50,513 [INFO] HTTP Request: GET https://clob.polymarket.com/balance-allowance?signature_type=3&asset_type=CONDITIONAL&token_id=87469275844464643981155407533839324142931345613048856190211009216034181841646 "HTTP/2 200 OK"
2026-09-01 12:13:50,786 [INFO] HTTP Request: GET https://clob.polymarket.com/balance-allowance?signature_type=3&asset_type=CONDITIONAL&token_id=73762761860659734030891197316041785328834920454117099289556533947788426778871 "HTTP/2 200 OK"
2026-09-01 12:13:51,063 [INFO] HTTP Request: GET https://clob.polymarket.com/balance-allowance?signature_type=3&asset_type=CONDITIONAL&token_id=57943863669306782178144283301840016735275708897993195729399951880990118580844 "HTTP/2 200 OK"
2026-09-01 12:13:51,340 [INFO] HTTP Request: GET https://clob.polymarket.com/balance-allowance?signature_type=3&asset_type=CONDITIONAL&token_id=47615282314988048962232377836944794674273525829834186465285313272647874396868 "HTTP/2 200 OK"
2026-09-01 12:13:51,615 [INFO] HTTP Request: GET https://clob.polymarket.com/balance-allowance?signature_type=3&asset_type=CONDITIONAL&token_id=40226981542536983444919787300677464823405496856507835248518908133696697843012 "HTTP/2 200 OK"
2026-09-01 12:13:51,618 [INFO] 真實帳戶狀態：餘額 $48.76，持有部位 0 個，成交 30 筆
2026-09-01 12:14:01,980 [INFO] HTTP Request: GET https://clob.polymarket.com/balance-allowance?signature_type=3&asset_type=COLLATERAL "HTTP/2 200 OK"
2026-09-01 12:14:02,251 [INFO] HTTP Request: GET https://clob.polymarket.com/data/orders?next_cursor=MA%3D%3D "HTTP/2 200 OK"
2026-09-01 12:14:02,536 [INFO] HTTP Request: GET https://clob.polymarket.com/data/trades?next_cursor=MA%3D%3D "HTTP/2 200 OK"
2026-09-01 12:14:03,060 [INFO] HTTP Request: GET https://clob.polymarket.com/balance-allowance?signature_type=3&asset_type=CONDITIONAL&token_id=67225581639791542146677433330932315502316624859776065263784365377419792938599 "HTTP/2 200 OK"
2026-09-01 12:14:03,336 [INFO] HTTP Request: GET https://clob.polymarket.com/balance-allowance?signature_type=3&asset_type=CONDITIONAL&token_id=87469275844464643981155407533839324142931345613048856190211009216034181841646 "HTTP/2 200 OK"
2026-09-01 12:14:03,614 [INFO] HTTP Request: GET https://clob.polymarket.com/balance-allowance?signature_type=3&asset_type=CONDITIONAL&token_id=73762761860659734030891197316041785328834920454117099289556533947788426778871 "HTTP/2 200 OK"
2026-09-01 12:14:03,890 [INFO] HTTP Request: GET https://clob.polymarket.com/balance-allowance?signature_type=3&asset_type=CONDITIONAL&token_id=57943863669306782178144283301840016735275708897993195729399951880990118580844 "HTTP/2 200 OK"
2026-09-01 12:14:04,166 [INFO] HTTP Request: GET https://clob.polymarket.com/balance-allowance?signature_type=3&asset_type=CONDITIONAL&token_id=47615282314988048962232377836944794674273525829834186465285313272647874396868 "HTTP/2 200 OK"
2026-09-01 12:14:04,442 [INFO] HTTP Request: GET https://clob.polymarket.com/balance-allowance?signature_type=3&asset_type=CONDITIONAL&token_id=40226981542536983444919787300677464823405496856507835248518908133696697843012 "HTTP/2 200 OK"
2026-09-01 12:14:04,448 [INFO] 真實帳戶狀態：餘額 $48.76，持有部位 0 個，成交 30 筆
2026-09-01 12:14:14,814 [INFO] HTTP Request: GET https://clob.polymarket.com/balance-allowance?signature_type=3&asset_type=COLLATERAL "HTTP/2 200 OK"
2026-09-01 12:14:15,088 [INFO] HTTP Request: GET https://clob.polymarket.com/data/orders?next_cursor=MA%3D%3D "HTTP/2 200 OK"
2026-09-01 12:14:15,371 [INFO] HTTP Request: GET https://clob.polymarket.com/data/trades?next_cursor=MA%3D%3D "HTTP/2 200 OK"
2026-09-01 12:14:15,707 [INFO] HTTP Request: GET https://clob.polymarket.com/balance-allowance?signature_type=3&asset_type=CONDITIONAL&token_id=67225581639791542146677433330932315502316624859776065263784365377419792938599 "HTTP/2 200 OK"
2026-09-01 12:14:16,000 [INFO] HTTP Request: GET https://clob.polymarket.com/balance-allowance?signature_type=3&asset_type=CONDITIONAL&token_id=87469275844464643981155407533839324142931345613048856190211009216034181841646 "HTTP/2 200 OK"
2026-09-01 12:14:16,279 [INFO] HTTP Request: GET https://clob.polymarket.com/balance-allowance?signature_type=3&asset_type=CONDITIONAL&token_id=73762761860659734030891197316041785328834920454117099289556533947788426778871 "HTTP/2 200 OK"
2026-09-01 12:14:16,553 [INFO] HTTP Request: GET https://clob.polymarket.com/balance-allowance?signature_type=3&asset_type=CONDITIONAL&token_id=57943863669306782178144283301840016735275708897993195729399951880990118580844 "HTTP/2 200 OK"
2026-09-01 12:14:16,848 [INFO] HTTP Request: GET https://clob.polymarket.com/balance-allowance?signature_type=3&asset_type=CONDITIONAL&token_id=47615282314988048962232377836944794674273525829834186465285313272647874396868 "HTTP/2 200 OK"
2026-09-01 12:14:17,125 [INFO] HTTP Request: GET https://clob.polymarket.com/balance-allowance?signature_type=3&asset_type=CONDITIONAL&token_id=40226981542536983444919787300677464823405496856507835248518908133696697843012 "HTTP/2 200 OK"
2026-09-01 12:14:17,128 [INFO] 真實帳戶狀態：餘額 $48.76，持有部位 0 個，成交 30 筆
2026-09-01 12:14:27,487 [INFO] HTTP Request: GET https://clob.polymarket.com/balance-allowance?signature_type=3&asset_type=COLLATERAL "HTTP/2 200 OK"
2026-09-01 12:14:27,760 [INFO] HTTP Request: GET https://clob.polymarket.com/data/orders?next_cursor=MA%3D%3D "HTTP/2 200 OK"
2026-09-01 12:14:28,053 [INFO] HTTP Request: GET https://clob.polymarket.com/data/trades?next_cursor=MA%3D%3D "HTTP/2 200 OK"
2026-09-01 12:14:28,794 [INFO] HTTP Request: GET https://clob.polymarket.com/balance-allowance?signature_type=3&asset_type=CONDITIONAL&token_id=67225581639791542146677433330932315502316624859776065263784365377419792938599 "HTTP/2 200 OK"
2026-09-01 12:14:29,080 [INFO] HTTP Request: GET https://clob.polymarket.com/balance-allowance?signature_type=3&asset_type=CONDITIONAL&token_id=87469275844464643981155407533839324142931345613048856190211009216034181841646 "HTTP/2 200 OK"
2026-09-01 12:14:29,350 [INFO] HTTP Request: GET https://clob.polymarket.com/balance-allowance?signature_type=3&asset_type=CONDITIONAL&token_id=73762761860659734030891197316041785328834920454117099289556533947788426778871 "HTTP/2 200 OK"
2026-09-01 12:14:29,621 [INFO] HTTP Request: GET https://clob.polymarket.com/balance-allowance?signature_type=3&asset_type=CONDITIONAL&token_id=57943863669306782178144283301840016735275708897993195729399951880990118580844 "HTTP/2 200 OK"
2026-09-01 12:14:29,914 [INFO] HTTP Request: GET https://clob.polymarket.com/balance-allowance?signature_type=3&asset_type=CONDITIONAL&token_id=47615282314988048962232377836944794674273525829834186465285313272647874396868 "HTTP/2 200 OK"
2026-09-01 12:14:30,186 [INFO] HTTP Request: GET https://clob.polymarket.com/balance-allowance?signature_type=3&asset_type=CONDITIONAL&token_id=40226981542536983444919787300677464823405496856507835248518908133696697843012 "HTTP/2 200 OK"
2026-09-01 12:14:30,189 [INFO] 真實帳戶狀態：餘額 $48.76，持有部位 0 個，成交 30 筆
2026-09-01 12:14:40,547 [INFO] HTTP Request: GET https://clob.polymarket.com/balance-allowance?signature_type=3&asset_type=COLLATERAL "HTTP/2 200 OK"
2026-09-01 12:14:40,817 [INFO] HTTP Request: GET https://clob.polymarket.com/data/orders?next_cursor=MA%3D%3D "HTTP/2 200 OK"
2026-09-01 12:14:41,102 [INFO] HTTP Request: GET https://clob.polymarket.com/data/trades?next_cursor=MA%3D%3D "HTTP/2 200 OK"
2026-09-01 12:14:41,428 [INFO] HTTP Request: GET https://clob.polymarket.com/balance-allowance?signature_type=3&asset_type=CONDITIONAL&token_id=67225581639791542146677433330932315502316624859776065263784365377419792938599 "HTTP/2 200 OK"
2026-09-01 12:14:41,700 [INFO] HTTP Request: GET https://clob.polymarket.com/balance-allowance?signature_type=3&asset_type=CONDITIONAL&token_id=87469275844464643981155407533839324142931345613048856190211009216034181841646 "HTTP/2 200 OK"
2026-09-01 12:14:41,968 [INFO] HTTP Request: GET https://clob.polymarket.com/balance-allowance?signature_type=3&asset_type=CONDITIONAL&token_id=73762761860659734030891197316041785328834920454117099289556533947788426778871 "HTTP/2 200 OK"
2026-09-01 12:14:42,238 [INFO] HTTP Request: GET https://clob.polymarket.com/balance-allowance?signature_type=3&asset_type=CONDITIONAL&token_id=57943863669306782178144283301840016735275708897993195729399951880990118580844 "HTTP/2 200 OK"
2026-09-01 12:14:42,511 [INFO] HTTP Request: GET https://clob.polymarket.com/balance-allowance?signature_type=3&asset_type=CONDITIONAL&token_id=47615282314988048962232377836944794674273525829834186465285313272647874396868 "HTTP/2 200 OK"
2026-09-01 12:14:42,785 [INFO] HTTP Request: GET https://clob.polymarket.com/balance-allowance?signature_type=3&asset_type=CONDITIONAL&token_id=40226981542536983444919787300677464823405496856507835248518908133696697843012 "HTTP/2 200 OK"
2026-09-01 12:14:42,787 [INFO] 真實帳戶狀態：餘額 $48.76，持有部位 0 個，成交 30 筆
2026-09-01 12:14:53,151 [INFO] HTTP Request: GET https://clob.polymarket.com/balance-allowance?signature_type=3&asset_type=COLLATERAL "HTTP/2 200 OK"
2026-09-01 12:14:53,433 [INFO] HTTP Request: GET https://clob.polymarket.com/data/orders?next_cursor=MA%3D%3D "HTTP/2 200 OK"
2026-09-01 12:14:53,727 [INFO] HTTP Request: GET https://clob.polymarket.com/data/trades?next_cursor=MA%3D%3D "HTTP/2 200 OK"
2026-09-01 12:14:54,054 [INFO] HTTP Request: GET https://clob.polymarket.com/balance-allowance?signature_type=3&asset_type=CONDITIONAL&token_id=67225581639791542146677433330932315502316624859776065263784365377419792938599 "HTTP/2 200 OK"
2026-09-01 12:14:54,328 [INFO] HTTP Request: GET https://clob.polymarket.com/balance-allowance?signature_type=3&asset_type=CONDITIONAL&token_id=87469275844464643981155407533839324142931345613048856190211009216034181841646 "HTTP/2 200 OK"
2026-09-01 12:14:54,682 [INFO] HTTP Request: GET https://clob.polymarket.com/balance-allowance?signature_type=3&asset_type=CONDITIONAL&token_id=73762761860659734030891197316041785328834920454117099289556533947788426778871 "HTTP/2 200 OK"
2026-09-01 12:14:54,955 [INFO] HTTP Request: GET https://clob.polymarket.com/balance-allowance?signature_type=3&asset_type=CONDITIONAL&token_id=57943863669306782178144283301840016735275708897993195729399951880990118580844 "HTTP/2 200 OK"
2026-09-01 12:14:55,233 [INFO] HTTP Request: GET https://clob.polymarket.com/balance-allowance?signature_type=3&asset_type=CONDITIONAL&token_id=47615282314988048962232377836944794674273525829834186465285313272647874396868 "HTTP/2 200 OK"
2026-09-01 12:14:55,508 [INFO] HTTP Request: GET https://clob.polymarket.com/balance-allowance?signature_type=3&asset_type=CONDITIONAL&token_id=40226981542536983444919787300677464823405496856507835248518908133696697843012 "HTTP/2 200 OK"
2026-09-01 12:14:55,511 [INFO] 真實帳戶狀態：餘額 $48.76，持有部位 0 個，成交 30 筆
2026-09-01 12:15:05,878 [INFO] HTTP Request: GET https://clob.polymarket.com/balance-allowance?signature_type=3&asset_type=COLLATERAL "HTTP/2 200 OK"
2026-09-01 12:15:06,147 [INFO] HTTP Request: GET https://clob.polymarket.com/data/orders?next_cursor=MA%3D%3D "HTTP/2 200 OK"
2026-09-01 12:15:06,421 [INFO] HTTP Request: GET https://clob.polymarket.com/data/trades?next_cursor=MA%3D%3D "HTTP/2 200 OK"
2026-09-01 12:15:06,750 [INFO] HTTP Request: GET https://clob.polymarket.com/balance-allowance?signature_type=3&asset_type=CONDITIONAL&token_id=15973703456008608149628327279400304376677831241481409862293892521282420370782 "HTTP/2 200 OK"
2026-09-01 12:15:07,031 [INFO] HTTP Request: GET https://clob.polymarket.com/midpoint?token_id=15973703456008608149628327279400304376677831241481409862293892521282420370782 "HTTP/2 200 OK"
2026-09-01 12:15:07,309 [INFO] HTTP Request: GET https://clob.polymarket.com/balance-allowance?signature_type=3&asset_type=CONDITIONAL&token_id=67225581639791542146677433330932315502316624859776065263784365377419792938599 "HTTP/2 200 OK"
2026-09-01 12:15:07,577 [INFO] HTTP Request: GET https://clob.polymarket.com/balance-allowance?signature_type=3&asset_type=CONDITIONAL&token_id=87469275844464643981155407533839324142931345613048856190211009216034181841646 "HTTP/2 200 OK"
2026-09-01 12:15:07,851 [INFO] HTTP Request: GET https://clob.polymarket.com/balance-allowance?signature_type=3&asset_type=CONDITIONAL&token_id=73762761860659734030891197316041785328834920454117099289556533947788426778871 "HTTP/2 200 OK"
2026-09-01 12:15:08,128 [INFO] HTTP Request: GET https://clob.polymarket.com/balance-allowance?signature_type=3&asset_type=CONDITIONAL&token_id=57943863669306782178144283301840016735275708897993195729399951880990118580844 "HTTP/2 200 OK"
2026-09-01 12:15:08,405 [INFO] HTTP Request: GET https://clob.polymarket.com/balance-allowance?signature_type=3&asset_type=CONDITIONAL&token_id=47615282314988048962232377836944794674273525829834186465285313272647874396868 "HTTP/2 200 OK"
2026-09-01 12:15:08,681 [INFO] HTTP Request: GET https://clob.polymarket.com/balance-allowance?signature_type=3&asset_type=CONDITIONAL&token_id=40226981542536983444919787300677464823405496856507835248518908133696697843012 "HTTP/2 200 OK"
2026-09-01 12:15:08,684 [INFO] 真實帳戶狀態：餘額 $48.76，持有部位 1 個，成交 30 筆
2026-09-01 12:15:19,056 [INFO] HTTP Request: GET https://clob.polymarket.com/balance-allowance?signature_type=3&asset_type=COLLATERAL "HTTP/2 200 OK"
2026-09-01 12:15:19,332 [INFO] HTTP Request: GET https://clob.polymarket.com/data/orders?next_cursor=MA%3D%3D "HTTP/2 200 OK"
2026-09-01 12:15:19,626 [INFO] HTTP Request: GET https://clob.polymarket.com/data/trades?next_cursor=MA%3D%3D "HTTP/2 200 OK"
2026-09-01 12:15:19,950 [INFO] HTTP Request: GET https://clob.polymarket.com/balance-allowance?signature_type=3&asset_type=CONDITIONAL&token_id=15973703456008608149628327279400304376677831241481409862293892521282420370782 "HTTP/2 200 OK"
2026-09-01 12:15:20,218 [INFO] HTTP Request: GET https://clob.polymarket.com/midpoint?token_id=15973703456008608149628327279400304376677831241481409862293892521282420370782 "HTTP/2 200 OK"
2026-09-01 12:15:20,492 [INFO] HTTP Request: GET https://clob.polymarket.com/balance-allowance?signature_type=3&asset_type=CONDITIONAL&token_id=67225581639791542146677433330932315502316624859776065263784365377419792938599 "HTTP/2 200 OK"
2026-09-01 12:15:20,764 [INFO] HTTP Request: GET https://clob.polymarket.com/balance-allowance?signature_type=3&asset_type=CONDITIONAL&token_id=87469275844464643981155407533839324142931345613048856190211009216034181841646 "HTTP/2 200 OK"
2026-09-01 12:15:21,037 [INFO] HTTP Request: GET https://clob.polymarket.com/balance-allowance?signature_type=3&asset_type=CONDITIONAL&token_id=73762761860659734030891197316041785328834920454117099289556533947788426778871 "HTTP/2 200 OK"
2026-09-01 12:15:21,309 [INFO] HTTP Request: GET https://clob.polymarket.com/balance-allowance?signature_type=3&asset_type=CONDITIONAL&token_id=57943863669306782178144283301840016735275708897993195729399951880990118580844 "HTTP/2 200 OK"
2026-09-01 12:15:21,585 [INFO] HTTP Request: GET https://clob.polymarket.com/balance-allowance?signature_type=3&asset_type=CONDITIONAL&token_id=47615282314988048962232377836944794674273525829834186465285313272647874396868 "HTTP/2 200 OK"
2026-09-01 12:15:21,864 [INFO] HTTP Request: GET https://clob.polymarket.com/balance-allowance?signature_type=3&asset_type=CONDITIONAL&token_id=40226981542536983444919787300677464823405496856507835248518908133696697843012 "HTTP/2 200 OK"
2026-09-01 12:15:21,869 [INFO] 真實帳戶狀態：餘額 $46.87，持有部位 1 個，成交 30 筆
2026-09-01 12:15:32,233 [INFO] HTTP Request: GET https://clob.polymarket.com/balance-allowance?signature_type=3&asset_type=COLLATERAL "HTTP/2 200 OK"
2026-09-01 12:15:32,508 [INFO] HTTP Request: GET https://clob.polymarket.com/data/orders?next_cursor=MA%3D%3D "HTTP/2 200 OK"
2026-09-01 12:15:32,784 [INFO] HTTP Request: GET https://clob.polymarket.com/data/trades?next_cursor=MA%3D%3D "HTTP/2 200 OK"
2026-09-01 12:15:33,112 [INFO] HTTP Request: GET https://clob.polymarket.com/balance-allowance?signature_type=3&asset_type=CONDITIONAL&token_id=15973703456008608149628327279400304376677831241481409862293892521282420370782 "HTTP/2 200 OK"
2026-09-01 12:15:33,385 [INFO] HTTP Request: GET https://clob.polymarket.com/midpoint?token_id=15973703456008608149628327279400304376677831241481409862293892521282420370782 "HTTP/2 200 OK"
2026-09-01 12:15:33,657 [INFO] HTTP Request: GET https://clob.polymarket.com/balance-allowance?signature_type=3&asset_type=CONDITIONAL&token_id=67225581639791542146677433330932315502316624859776065263784365377419792938599 "HTTP/2 200 OK"
2026-09-01 12:15:33,931 [INFO] HTTP Request: GET https://clob.polymarket.com/balance-allowance?signature_type=3&asset_type=CONDITIONAL&token_id=87469275844464643981155407533839324142931345613048856190211009216034181841646 "HTTP/2 200 OK"
2026-09-01 12:15:34,207 [INFO] HTTP Request: GET https://clob.polymarket.com/balance-allowance?signature_type=3&asset_type=CONDITIONAL&token_id=73762761860659734030891197316041785328834920454117099289556533947788426778871 "HTTP/2 200 OK"
2026-09-01 12:15:34,487 [INFO] HTTP Request: GET https://clob.polymarket.com/balance-allowance?signature_type=3&asset_type=CONDITIONAL&token_id=57943863669306782178144283301840016735275708897993195729399951880990118580844 "HTTP/2 200 OK"
2026-09-01 12:15:34,764 [INFO] HTTP Request: GET https://clob.polymarket.com/balance-allowance?signature_type=3&asset_type=CONDITIONAL&token_id=47615282314988048962232377836944794674273525829834186465285313272647874396868 "HTTP/2 200 OK"
2026-09-01 12:15:35,039 [INFO] HTTP Request: GET https://clob.polymarket.com/balance-allowance?signature_type=3&asset_type=CONDITIONAL&token_id=40226981542536983444919787300677464823405496856507835248518908133696697843012 "HTTP/2 200 OK"
2026-09-01 12:15:35,045 [INFO] 真實帳戶狀態：餘額 $46.87，持有部位 1 個，成交 30 筆
2026-09-01 12:15:45,412 [INFO] HTTP Request: GET https://clob.polymarket.com/balance-allowance?signature_type=3&asset_type=COLLATERAL "HTTP/2 200 OK"
2026-09-01 12:15:45,679 [INFO] HTTP Request: GET https://clob.polymarket.com/data/orders?next_cursor=MA%3D%3D "HTTP/2 200 OK"
2026-09-01 12:15:45,952 [INFO] HTTP Request: GET https://clob.polymarket.com/data/trades?next_cursor=MA%3D%3D "HTTP/2 200 OK"
2026-09-01 12:15:46,282 [INFO] HTTP Request: GET https://clob.polymarket.com/balance-allowance?signature_type=3&asset_type=CONDITIONAL&token_id=15973703456008608149628327279400304376677831241481409862293892521282420370782 "HTTP/2 200 OK"
2026-09-01 12:15:46,554 [INFO] HTTP Request: GET https://clob.polymarket.com/midpoint?token_id=15973703456008608149628327279400304376677831241481409862293892521282420370782 "HTTP/2 200 OK"
2026-09-01 12:15:46,828 [INFO] HTTP Request: GET https://clob.polymarket.com/balance-allowance?signature_type=3&asset_type=CONDITIONAL&token_id=67225581639791542146677433330932315502316624859776065263784365377419792938599 "HTTP/2 200 OK"
2026-09-01 12:15:47,109 [INFO] HTTP Request: GET https://clob.polymarket.com/balance-allowance?signature_type=3&asset_type=CONDITIONAL&token_id=87469275844464643981155407533839324142931345613048856190211009216034181841646 "HTTP/2 200 OK"
2026-09-01 12:15:47,379 [INFO] HTTP Request: GET https://clob.polymarket.com/balance-allowance?signature_type=3&asset_type=CONDITIONAL&token_id=73762761860659734030891197316041785328834920454117099289556533947788426778871 "HTTP/2 200 OK"
2026-09-01 12:15:47,653 [INFO] HTTP Request: GET https://clob.polymarket.com/balance-allowance?signature_type=3&asset_type=CONDITIONAL&token_id=57943863669306782178144283301840016735275708897993195729399951880990118580844 "HTTP/2 200 OK"
2026-09-01 12:15:47,929 [INFO] HTTP Request: GET https://clob.polymarket.com/balance-allowance?signature_type=3&asset_type=CONDITIONAL&token_id=47615282314988048962232377836944794674273525829834186465285313272647874396868 "HTTP/2 200 OK"
2026-09-01 12:15:48,203 [INFO] HTTP Request: GET https://clob.polymarket.com/balance-allowance?signature_type=3&asset_type=CONDITIONAL&token_id=40226981542536983444919787300677464823405496856507835248518908133696697843012 "HTTP/2 200 OK"
2026-09-01 12:15:48,208 [INFO] 真實帳戶狀態：餘額 $46.87，持有部位 1 個，成交 30 筆
2026-09-01 12:15:58,572 [INFO] HTTP Request: GET https://clob.polymarket.com/balance-allowance?signature_type=3&asset_type=COLLATERAL "HTTP/2 200 OK"
2026-09-01 12:15:58,847 [INFO] HTTP Request: GET https://clob.polymarket.com/data/orders?next_cursor=MA%3D%3D "HTTP/2 200 OK"
2026-09-01 12:15:59,128 [INFO] HTTP Request: GET https://clob.polymarket.com/data/trades?next_cursor=MA%3D%3D "HTTP/2 200 OK"
2026-09-01 12:15:59,453 [INFO] HTTP Request: GET https://clob.polymarket.com/balance-allowance?signature_type=3&asset_type=CONDITIONAL&token_id=15973703456008608149628327279400304376677831241481409862293892521282420370782 "HTTP/2 200 OK"
2026-09-01 12:15:59,741 [INFO] HTTP Request: GET https://clob.polymarket.com/midpoint?token_id=15973703456008608149628327279400304376677831241481409862293892521282420370782 "HTTP/2 200 OK"
2026-09-01 12:16:00,013 [INFO] HTTP Request: GET https://clob.polymarket.com/balance-allowance?signature_type=3&asset_type=CONDITIONAL&token_id=67225581639791542146677433330932315502316624859776065263784365377419792938599 "HTTP/2 200 OK"
2026-09-01 12:16:00,297 [INFO] HTTP Request: GET https://clob.polymarket.com/balance-allowance?signature_type=3&asset_type=CONDITIONAL&token_id=87469275844464643981155407533839324142931345613048856190211009216034181841646 "HTTP/2 200 OK"
2026-09-01 12:16:00,576 [INFO] HTTP Request: GET https://clob.polymarket.com/balance-allowance?signature_type=3&asset_type=CONDITIONAL&token_id=73762761860659734030891197316041785328834920454117099289556533947788426778871 "HTTP/2 200 OK"
2026-09-01 12:16:00,857 [INFO] HTTP Request: GET https://clob.polymarket.com/balance-allowance?signature_type=3&asset_type=CONDITIONAL&token_id=57943863669306782178144283301840016735275708897993195729399951880990118580844 "HTTP/2 200 OK"
2026-09-01 12:16:01,128 [INFO] HTTP Request: GET https://clob.polymarket.com/balance-allowance?signature_type=3&asset_type=CONDITIONAL&token_id=47615282314988048962232377836944794674273525829834186465285313272647874396868 "HTTP/2 200 OK"
2026-09-01 12:16:01,399 [INFO] HTTP Request: GET https://clob.polymarket.com/balance-allowance?signature_type=3&asset_type=CONDITIONAL&token_id=40226981542536983444919787300677464823405496856507835248518908133696697843012 "HTTP/2 200 OK"
2026-09-01 12:16:01,402 [INFO] 真實帳戶狀態：餘額 $46.87，持有部位 1 個，成交 30 筆
2026-09-01 12:16:11,780 [INFO] HTTP Request: GET https://clob.polymarket.com/balance-allowance?signature_type=3&asset_type=COLLATERAL "HTTP/2 200 OK"
2026-09-01 12:16:12,052 [INFO] HTTP Request: GET https://clob.polymarket.com/data/orders?next_cursor=MA%3D%3D "HTTP/2 200 OK"
2026-09-01 12:16:12,337 [INFO] HTTP Request: GET https://clob.polymarket.com/data/trades?next_cursor=MA%3D%3D "HTTP/2 200 OK"
2026-09-01 12:16:12,663 [INFO] HTTP Request: GET https://clob.polymarket.com/balance-allowance?signature_type=3&asset_type=CONDITIONAL&token_id=15973703456008608149628327279400304376677831241481409862293892521282420370782 "HTTP/2 200 OK"
2026-09-01 12:16:12,936 [INFO] HTTP Request: GET https://clob.polymarket.com/midpoint?token_id=15973703456008608149628327279400304376677831241481409862293892521282420370782 "HTTP/2 200 OK"
2026-09-01 12:16:13,217 [INFO] HTTP Request: GET https://clob.polymarket.com/balance-allowance?signature_type=3&asset_type=CONDITIONAL&token_id=67225581639791542146677433330932315502316624859776065263784365377419792938599 "HTTP/2 200 OK"
2026-09-01 12:16:13,491 [INFO] HTTP Request: GET https://clob.polymarket.com/balance-allowance?signature_type=3&asset_type=CONDITIONAL&token_id=87469275844464643981155407533839324142931345613048856190211009216034181841646 "HTTP/2 200 OK"
2026-09-01 12:16:13,767 [INFO] HTTP Request: GET https://clob.polymarket.com/balance-allowance?signature_type=3&asset_type=CONDITIONAL&token_id=73762761860659734030891197316041785328834920454117099289556533947788426778871 "HTTP/2 200 OK"
2026-09-01 12:16:14,040 [INFO] HTTP Request: GET https://clob.polymarket.com/balance-allowance?signature_type=3&asset_type=CONDITIONAL&token_id=57943863669306782178144283301840016735275708897993195729399951880990118580844 "HTTP/2 200 OK"
2026-09-01 12:16:14,322 [INFO] HTTP Request: GET https://clob.polymarket.com/balance-allowance?signature_type=3&asset_type=CONDITIONAL&token_id=47615282314988048962232377836944794674273525829834186465285313272647874396868 "HTTP/2 200 OK"
2026-09-01 12:16:14,602 [INFO] HTTP Request: GET https://clob.polymarket.com/balance-allowance?signature_type=3&asset_type=CONDITIONAL&token_id=40226981542536983444919787300677464823405496856507835248518908133696697843012 "HTTP/2 200 OK"
2026-09-01 12:16:14,605 [INFO] 真實帳戶狀態：餘額 $46.87，持有部位 1 個，成交 30 筆
2026-09-01 12:16:24,977 [INFO] HTTP Request: GET https://clob.polymarket.com/balance-allowance?signature_type=3&asset_type=COLLATERAL "HTTP/2 200 OK"
2026-09-01 12:16:25,249 [INFO] HTTP Request: GET https://clob.polymarket.com/data/orders?next_cursor=MA%3D%3D "HTTP/2 200 OK"
2026-09-01 12:16:25,527 [INFO] HTTP Request: GET https://clob.polymarket.com/data/trades?next_cursor=MA%3D%3D "HTTP/2 200 OK"
2026-09-01 12:16:25,853 [INFO] HTTP Request: GET https://clob.polymarket.com/balance-allowance?signature_type=3&asset_type=CONDITIONAL&token_id=15973703456008608149628327279400304376677831241481409862293892521282420370782 "HTTP/2 200 OK"
2026-09-01 12:16:26,131 [INFO] HTTP Request: GET https://clob.polymarket.com/midpoint?token_id=15973703456008608149628327279400304376677831241481409862293892521282420370782 "HTTP/2 200 OK"
2026-09-01 12:16:26,405 [INFO] HTTP Request: GET https://clob.polymarket.com/balance-allowance?signature_type=3&asset_type=CONDITIONAL&token_id=67225581639791542146677433330932315502316624859776065263784365377419792938599 "HTTP/2 200 OK"
2026-09-01 12:16:26,676 [INFO] HTTP Request: GET https://clob.polymarket.com/balance-allowance?signature_type=3&asset_type=CONDITIONAL&token_id=87469275844464643981155407533839324142931345613048856190211009216034181841646 "HTTP/2 200 OK"
2026-09-01 12:16:26,950 [INFO] HTTP Request: GET https://clob.polymarket.com/balance-allowance?signature_type=3&asset_type=CONDITIONAL&token_id=73762761860659734030891197316041785328834920454117099289556533947788426778871 "HTTP/2 200 OK"
2026-09-01 12:16:27,233 [INFO] HTTP Request: GET https://clob.polymarket.com/balance-allowance?signature_type=3&asset_type=CONDITIONAL&token_id=57943863669306782178144283301840016735275708897993195729399951880990118580844 "HTTP/2 200 OK"
2026-09-01 12:16:27,510 [INFO] HTTP Request: GET https://clob.polymarket.com/balance-allowance?signature_type=3&asset_type=CONDITIONAL&token_id=47615282314988048962232377836944794674273525829834186465285313272647874396868 "HTTP/2 200 OK"
2026-09-01 12:16:27,787 [INFO] HTTP Request: GET https://clob.polymarket.com/balance-allowance?signature_type=3&asset_type=CONDITIONAL&token_id=40226981542536983444919787300677464823405496856507835248518908133696697843012 "HTTP/2 200 OK"
2026-09-01 12:16:27,791 [INFO] 真實帳戶狀態：餘額 $46.87，持有部位 1 個，成交 30 筆
2026-09-01 12:16:38,163 [INFO] HTTP Request: GET https://clob.polymarket.com/balance-allowance?signature_type=3&asset_type=COLLATERAL "HTTP/2 200 OK"
2026-09-01 12:16:38,434 [INFO] HTTP Request: GET https://clob.polymarket.com/data/orders?next_cursor=MA%3D%3D "HTTP/2 200 OK"
2026-09-01 12:16:38,732 [INFO] HTTP Request: GET https://clob.polymarket.com/data/trades?next_cursor=MA%3D%3D "HTTP/2 200 OK"
2026-09-01 12:16:39,487 [INFO] HTTP Request: GET https://clob.polymarket.com/balance-allowance?signature_type=3&asset_type=CONDITIONAL&token_id=15973703456008608149628327279400304376677831241481409862293892521282420370782 "HTTP/2 200 OK"
2026-09-01 12:16:39,771 [INFO] HTTP Request: GET https://clob.polymarket.com/midpoint?token_id=15973703456008608149628327279400304376677831241481409862293892521282420370782 "HTTP/2 200 OK"
2026-09-01 12:16:40,047 [INFO] HTTP Request: GET https://clob.polymarket.com/balance-allowance?signature_type=3&asset_type=CONDITIONAL&token_id=67225581639791542146677433330932315502316624859776065263784365377419792938599 "HTTP/2 200 OK"
2026-09-01 12:16:40,320 [INFO] HTTP Request: GET https://clob.polymarket.com/balance-allowance?signature_type=3&asset_type=CONDITIONAL&token_id=87469275844464643981155407533839324142931345613048856190211009216034181841646 "HTTP/2 200 OK"
2026-09-01 12:16:40,597 [INFO] HTTP Request: GET https://clob.polymarket.com/balance-allowance?signature_type=3&asset_type=CONDITIONAL&token_id=73762761860659734030891197316041785328834920454117099289556533947788426778871 "HTTP/2 200 OK"
2026-09-01 12:16:40,872 [INFO] HTTP Request: GET https://clob.polymarket.com/balance-allowance?signature_type=3&asset_type=CONDITIONAL&token_id=57943863669306782178144283301840016735275708897993195729399951880990118580844 "HTTP/2 200 OK"
2026-09-01 12:16:41,149 [INFO] HTTP Request: GET https://clob.polymarket.com/balance-allowance?signature_type=3&asset_type=CONDITIONAL&token_id=47615282314988048962232377836944794674273525829834186465285313272647874396868 "HTTP/2 200 OK"
2026-09-01 12:16:41,437 [INFO] HTTP Request: GET https://clob.polymarket.com/balance-allowance?signature_type=3&asset_type=CONDITIONAL&token_id=40226981542536983444919787300677464823405496856507835248518908133696697843012 "HTTP/2 200 OK"
2026-09-01 12:16:41,440 [INFO] 真實帳戶狀態：餘額 $46.87，持有部位 1 個，成交 30 筆
2026-09-01 12:16:51,804 [INFO] HTTP Request: GET https://clob.polymarket.com/balance-allowance?signature_type=3&asset_type=COLLATERAL "HTTP/2 200 OK"
2026-09-01 12:16:52,095 [INFO] HTTP Request: GET https://clob.polymarket.com/data/orders?next_cursor=MA%3D%3D "HTTP/2 200 OK"
2026-09-01 12:16:52,383 [INFO] HTTP Request: GET https://clob.polymarket.com/data/trades?next_cursor=MA%3D%3D "HTTP/2 200 OK"
2026-09-01 12:16:52,721 [INFO] HTTP Request: GET https://clob.polymarket.com/balance-allowance?signature_type=3&asset_type=CONDITIONAL&token_id=15973703456008608149628327279400304376677831241481409862293892521282420370782 "HTTP/2 200 OK"
2026-09-01 12:16:53,004 [INFO] HTTP Request: GET https://clob.polymarket.com/midpoint?token_id=15973703456008608149628327279400304376677831241481409862293892521282420370782 "HTTP/2 200 OK"
2026-09-01 12:16:53,295 [INFO] HTTP Request: GET https://clob.polymarket.com/balance-allowance?signature_type=3&asset_type=CONDITIONAL&token_id=67225581639791542146677433330932315502316624859776065263784365377419792938599 "HTTP/2 200 OK"
2026-09-01 12:16:53,576 [INFO] HTTP Request: GET https://clob.polymarket.com/balance-allowance?signature_type=3&asset_type=CONDITIONAL&token_id=87469275844464643981155407533839324142931345613048856190211009216034181841646 "HTTP/2 200 OK"
2026-09-01 12:16:53,863 [INFO] HTTP Request: GET https://clob.polymarket.com/balance-allowance?signature_type=3&asset_type=CONDITIONAL&token_id=73762761860659734030891197316041785328834920454117099289556533947788426778871 "HTTP/2 200 OK"
2026-09-01 12:16:54,149 [INFO] HTTP Request: GET https://clob.polymarket.com/balance-allowance?signature_type=3&asset_type=CONDITIONAL&token_id=57943863669306782178144283301840016735275708897993195729399951880990118580844 "HTTP/2 200 OK"
2026-09-01 12:16:54,431 [INFO] HTTP Request: GET https://clob.polymarket.com/balance-allowance?signature_type=3&asset_type=CONDITIONAL&token_id=47615282314988048962232377836944794674273525829834186465285313272647874396868 "HTTP/2 200 OK"
2026-09-01 12:16:54,709 [INFO] HTTP Request: GET https://clob.polymarket.com/balance-allowance?signature_type=3&asset_type=CONDITIONAL&token_id=40226981542536983444919787300677464823405496856507835248518908133696697843012 "HTTP/2 200 OK"
2026-09-01 12:16:54,713 [INFO] 真實帳戶狀態：餘額 $46.87，持有部位 1 個，成交 30 筆
2026-09-01 12:17:05,089 [INFO] HTTP Request: GET https://clob.polymarket.com/balance-allowance?signature_type=3&asset_type=COLLATERAL "HTTP/2 200 OK"
2026-09-01 12:17:05,506 [INFO] HTTP Request: GET https://clob.polymarket.com/data/orders?next_cursor=MA%3D%3D "HTTP/2 200 OK"
2026-09-01 12:17:05,883 [INFO] HTTP Request: GET https://clob.polymarket.com/data/trades?next_cursor=MA%3D%3D "HTTP/2 200 OK"
2026-09-01 12:17:06,219 [INFO] HTTP Request: GET https://clob.polymarket.com/balance-allowance?signature_type=3&asset_type=CONDITIONAL&token_id=15973703456008608149628327279400304376677831241481409862293892521282420370782 "HTTP/2 200 OK"
2026-09-01 12:17:06,496 [INFO] HTTP Request: GET https://clob.polymarket.com/midpoint?token_id=15973703456008608149628327279400304376677831241481409862293892521282420370782 "HTTP/2 200 OK"
2026-09-01 12:17:06,773 [INFO] HTTP Request: GET https://clob.polymarket.com/balance-allowance?signature_type=3&asset_type=CONDITIONAL&token_id=67225581639791542146677433330932315502316624859776065263784365377419792938599 "HTTP/2 200 OK"
2026-09-01 12:17:07,050 [INFO] HTTP Request: GET https://clob.polymarket.com/balance-allowance?signature_type=3&asset_type=CONDITIONAL&token_id=87469275844464643981155407533839324142931345613048856190211009216034181841646 "HTTP/2 200 OK"
2026-09-01 12:17:07,330 [INFO] HTTP Request: GET https://clob.polymarket.com/balance-allowance?signature_type=3&asset_type=CONDITIONAL&token_id=73762761860659734030891197316041785328834920454117099289556533947788426778871 "HTTP/2 200 OK"
2026-09-01 12:17:07,616 [INFO] HTTP Request: GET https://clob.polymarket.com/balance-allowance?signature_type=3&asset_type=CONDITIONAL&token_id=57943863669306782178144283301840016735275708897993195729399951880990118580844 "HTTP/2 200 OK"
2026-09-01 12:17:07,897 [INFO] HTTP Request: GET https://clob.polymarket.com/balance-allowance?signature_type=3&asset_type=CONDITIONAL&token_id=47615282314988048962232377836944794674273525829834186465285313272647874396868 "HTTP/2 200 OK"
2026-09-01 12:17:08,175 [INFO] HTTP Request: GET https://clob.polymarket.com/balance-allowance?signature_type=3&asset_type=CONDITIONAL&token_id=40226981542536983444919787300677464823405496856507835248518908133696697843012 "HTTP/2 200 OK"
2026-09-01 12:17:08,178 [INFO] 真實帳戶狀態：餘額 $46.87，持有部位 1 個，成交 30 筆
2026-09-01 12:17:18,586 [INFO] HTTP Request: GET https://clob.polymarket.com/balance-allowance?signature_type=3&asset_type=COLLATERAL "HTTP/2 200 OK"
2026-09-01 12:17:18,867 [INFO] HTTP Request: GET https://clob.polymarket.com/data/orders?next_cursor=MA%3D%3D "HTTP/2 200 OK"
2026-09-01 12:17:19,181 [INFO] HTTP Request: GET https://clob.polymarket.com/data/trades?next_cursor=MA%3D%3D "HTTP/2 200 OK"
2026-09-01 12:17:19,518 [INFO] HTTP Request: GET https://clob.polymarket.com/balance-allowance?signature_type=3&asset_type=CONDITIONAL&token_id=15973703456008608149628327279400304376677831241481409862293892521282420370782 "HTTP/2 200 OK"
2026-09-01 12:17:19,801 [INFO] HTTP Request: GET https://clob.polymarket.com/midpoint?token_id=15973703456008608149628327279400304376677831241481409862293892521282420370782 "HTTP/2 200 OK"
2026-09-01 12:17:20,090 [INFO] HTTP Request: GET https://clob.polymarket.com/balance-allowance?signature_type=3&asset_type=CONDITIONAL&token_id=67225581639791542146677433330932315502316624859776065263784365377419792938599 "HTTP/2 200 OK"
2026-09-01 12:17:20,388 [INFO] HTTP Request: GET https://clob.polymarket.com/balance-allowance?signature_type=3&asset_type=CONDITIONAL&token_id=87469275844464643981155407533839324142931345613048856190211009216034181841646 "HTTP/2 200 OK"
2026-09-01 12:17:20,679 [INFO] HTTP Request: GET https://clob.polymarket.com/balance-allowance?signature_type=3&asset_type=CONDITIONAL&token_id=73762761860659734030891197316041785328834920454117099289556533947788426778871 "HTTP/2 200 OK"
2026-09-01 12:17:20,989 [INFO] HTTP Request: GET https://clob.polymarket.com/balance-allowance?signature_type=3&asset_type=CONDITIONAL&token_id=57943863669306782178144283301840016735275708897993195729399951880990118580844 "HTTP/2 200 OK"
2026-09-01 12:17:21,277 [INFO] HTTP Request: GET https://clob.polymarket.com/balance-allowance?signature_type=3&asset_type=CONDITIONAL&token_id=47615282314988048962232377836944794674273525829834186465285313272647874396868 "HTTP/2 200 OK"
2026-09-01 12:17:21,574 [INFO] HTTP Request: GET https://clob.polymarket.com/balance-allowance?signature_type=3&asset_type=CONDITIONAL&token_id=40226981542536983444919787300677464823405496856507835248518908133696697843012 "HTTP/2 200 OK"
2026-09-01 12:17:21,580 [INFO] 真實帳戶狀態：餘額 $46.87，持有部位 1 個，成交 30 筆
2026-09-01 12:17:31,949 [INFO] HTTP Request: GET https://clob.polymarket.com/balance-allowance?signature_type=3&asset_type=COLLATERAL "HTTP/2 200 OK"
2026-09-01 12:17:32,225 [INFO] HTTP Request: GET https://clob.polymarket.com/data/orders?next_cursor=MA%3D%3D "HTTP/2 200 OK"
2026-09-01 12:17:32,523 [INFO] HTTP Request: GET https://clob.polymarket.com/data/trades?next_cursor=MA%3D%3D "HTTP/2 200 OK"
2026-09-01 12:17:33,391 [INFO] HTTP Request: GET https://clob.polymarket.com/balance-allowance?signature_type=3&asset_type=CONDITIONAL&token_id=15973703456008608149628327279400304376677831241481409862293892521282420370782 "HTTP/2 200 OK"
2026-09-01 12:17:33,665 [INFO] HTTP Request: GET https://clob.polymarket.com/midpoint?token_id=15973703456008608149628327279400304376677831241481409862293892521282420370782 "HTTP/2 200 OK"
2026-09-01 12:17:33,942 [INFO] HTTP Request: GET https://clob.polymarket.com/balance-allowance?signature_type=3&asset_type=CONDITIONAL&token_id=67225581639791542146677433330932315502316624859776065263784365377419792938599 "HTTP/2 200 OK"
2026-09-01 12:17:34,219 [INFO] HTTP Request: GET https://clob.polymarket.com/balance-allowance?signature_type=3&asset_type=CONDITIONAL&token_id=87469275844464643981155407533839324142931345613048856190211009216034181841646 "HTTP/2 200 OK"
2026-09-01 12:17:34,504 [INFO] HTTP Request: GET https://clob.polymarket.com/balance-allowance?signature_type=3&asset_type=CONDITIONAL&token_id=73762761860659734030891197316041785328834920454117099289556533947788426778871 "HTTP/2 200 OK"
2026-09-01 12:17:34,779 [INFO] HTTP Request: GET https://clob.polymarket.com/balance-allowance?signature_type=3&asset_type=CONDITIONAL&token_id=57943863669306782178144283301840016735275708897993195729399951880990118580844 "HTTP/2 200 OK"
2026-09-01 12:17:35,063 [INFO] HTTP Request: GET https://clob.polymarket.com/balance-allowance?signature_type=3&asset_type=CONDITIONAL&token_id=47615282314988048962232377836944794674273525829834186465285313272647874396868 "HTTP/2 200 OK"
2026-09-01 12:17:35,344 [INFO] HTTP Request: GET https://clob.polymarket.com/balance-allowance?signature_type=3&asset_type=CONDITIONAL&token_id=40226981542536983444919787300677464823405496856507835248518908133696697843012 "HTTP/2 200 OK"
2026-09-01 12:17:35,348 [INFO] 真實帳戶狀態：餘額 $46.87，持有部位 1 個，成交 30 筆
2026-09-01 12:17:45,709 [INFO] HTTP Request: GET https://clob.polymarket.com/balance-allowance?signature_type=3&asset_type=COLLATERAL "HTTP/2 200 OK"
2026-09-01 12:17:45,985 [INFO] HTTP Request: GET https://clob.polymarket.com/data/orders?next_cursor=MA%3D%3D "HTTP/2 200 OK"
2026-09-01 12:17:46,263 [INFO] HTTP Request: GET https://clob.polymarket.com/data/trades?next_cursor=MA%3D%3D "HTTP/2 200 OK"
2026-09-01 12:17:46,586 [INFO] HTTP Request: GET https://clob.polymarket.com/balance-allowance?signature_type=3&asset_type=CONDITIONAL&token_id=15973703456008608149628327279400304376677831241481409862293892521282420370782 "HTTP/2 200 OK"
2026-09-01 12:17:46,925 [INFO] HTTP Request: GET https://clob.polymarket.com/midpoint?token_id=15973703456008608149628327279400304376677831241481409862293892521282420370782 "HTTP/2 200 OK"
2026-09-01 12:17:47,197 [INFO] HTTP Request: GET https://clob.polymarket.com/balance-allowance?signature_type=3&asset_type=CONDITIONAL&token_id=67225581639791542146677433330932315502316624859776065263784365377419792938599 "HTTP/2 200 OK"
2026-09-01 12:17:47,468 [INFO] HTTP Request: GET https://clob.polymarket.com/balance-allowance?signature_type=3&asset_type=CONDITIONAL&token_id=87469275844464643981155407533839324142931345613048856190211009216034181841646 "HTTP/2 200 OK"
2026-09-01 12:17:47,739 [INFO] HTTP Request: GET https://clob.polymarket.com/balance-allowance?signature_type=3&asset_type=CONDITIONAL&token_id=73762761860659734030891197316041785328834920454117099289556533947788426778871 "HTTP/2 200 OK"
2026-09-01 12:17:48,031 [INFO] HTTP Request: GET https://clob.polymarket.com/balance-allowance?signature_type=3&asset_type=CONDITIONAL&token_id=57943863669306782178144283301840016735275708897993195729399951880990118580844 "HTTP/2 200 OK"
2026-09-01 12:17:48,301 [INFO] HTTP Request: GET https://clob.polymarket.com/balance-allowance?signature_type=3&asset_type=CONDITIONAL&token_id=47615282314988048962232377836944794674273525829834186465285313272647874396868 "HTTP/2 200 OK"
2026-09-01 12:17:48,578 [INFO] HTTP Request: GET https://clob.polymarket.com/balance-allowance?signature_type=3&asset_type=CONDITIONAL&token_id=40226981542536983444919787300677464823405496856507835248518908133696697843012 "HTTP/2 200 OK"
2026-09-01 12:17:48,582 [INFO] 真實帳戶狀態：餘額 $46.87，持有部位 1 個，成交 30 筆
2026-09-01 12:17:58,930 [INFO] HTTP Request: GET https://clob.polymarket.com/balance-allowance?signature_type=3&asset_type=COLLATERAL "HTTP/2 200 OK"
2026-09-01 12:17:59,200 [INFO] HTTP Request: GET https://clob.polymarket.com/data/orders?next_cursor=MA%3D%3D "HTTP/2 200 OK"
2026-09-01 12:17:59,484 [INFO] HTTP Request: GET https://clob.polymarket.com/data/trades?next_cursor=MA%3D%3D "HTTP/2 200 OK"
2026-09-01 12:17:59,818 [INFO] HTTP Request: GET https://clob.polymarket.com/balance-allowance?signature_type=3&asset_type=CONDITIONAL&token_id=15973703456008608149628327279400304376677831241481409862293892521282420370782 "HTTP/2 200 OK"
2026-09-01 12:18:00,089 [INFO] HTTP Request: GET https://clob.polymarket.com/midpoint?token_id=15973703456008608149628327279400304376677831241481409862293892521282420370782 "HTTP/2 200 OK"
2026-09-01 12:18:00,361 [INFO] HTTP Request: GET https://clob.polymarket.com/balance-allowance?signature_type=3&asset_type=CONDITIONAL&token_id=67225581639791542146677433330932315502316624859776065263784365377419792938599 "HTTP/2 200 OK"
2026-09-01 12:18:00,639 [INFO] HTTP Request: GET https://clob.polymarket.com/balance-allowance?signature_type=3&asset_type=CONDITIONAL&token_id=87469275844464643981155407533839324142931345613048856190211009216034181841646 "HTTP/2 200 OK"
2026-09-01 12:18:00,913 [INFO] HTTP Request: GET https://clob.polymarket.com/balance-allowance?signature_type=3&asset_type=CONDITIONAL&token_id=73762761860659734030891197316041785328834920454117099289556533947788426778871 "HTTP/2 200 OK"
2026-09-01 12:18:01,195 [INFO] HTTP Request: GET https://clob.polymarket.com/balance-allowance?signature_type=3&asset_type=CONDITIONAL&token_id=57943863669306782178144283301840016735275708897993195729399951880990118580844 "HTTP/2 200 OK"
2026-09-01 12:18:01,467 [INFO] HTTP Request: GET https://clob.polymarket.com/balance-allowance?signature_type=3&asset_type=CONDITIONAL&token_id=47615282314988048962232377836944794674273525829834186465285313272647874396868 "HTTP/2 200 OK"
2026-09-01 12:18:01,747 [INFO] HTTP Request: GET https://clob.polymarket.com/balance-allowance?signature_type=3&asset_type=CONDITIONAL&token_id=40226981542536983444919787300677464823405496856507835248518908133696697843012 "HTTP/2 200 OK"
2026-09-01 12:18:01,777 [INFO] 真實帳戶狀態：餘額 $46.87，持有部位 1 個，成交 30 筆
2026-09-01 12:18:12,175 [INFO] HTTP Request: GET https://clob.polymarket.com/balance-allowance?signature_type=3&asset_type=COLLATERAL "HTTP/2 200 OK"
2026-09-01 12:18:12,466 [INFO] HTTP Request: GET https://clob.polymarket.com/data/orders?next_cursor=MA%3D%3D "HTTP/2 200 OK"
2026-09-01 12:18:12,755 [INFO] HTTP Request: GET https://clob.polymarket.com/data/trades?next_cursor=MA%3D%3D "HTTP/2 200 OK"
2026-09-01 12:18:13,188 [INFO] HTTP Request: GET https://clob.polymarket.com/balance-allowance?signature_type=3&asset_type=CONDITIONAL&token_id=15973703456008608149628327279400304376677831241481409862293892521282420370782 "HTTP/2 200 OK"
2026-09-01 12:18:13,482 [INFO] HTTP Request: GET https://clob.polymarket.com/midpoint?token_id=15973703456008608149628327279400304376677831241481409862293892521282420370782 "HTTP/2 200 OK"
2026-09-01 12:18:13,772 [INFO] HTTP Request: GET https://clob.polymarket.com/balance-allowance?signature_type=3&asset_type=CONDITIONAL&token_id=67225581639791542146677433330932315502316624859776065263784365377419792938599 "HTTP/2 200 OK"
2026-09-01 12:18:14,062 [INFO] HTTP Request: GET https://clob.polymarket.com/balance-allowance?signature_type=3&asset_type=CONDITIONAL&token_id=87469275844464643981155407533839324142931345613048856190211009216034181841646 "HTTP/2 200 OK"
2026-09-01 12:18:14,343 [INFO] HTTP Request: GET https://clob.polymarket.com/balance-allowance?signature_type=3&asset_type=CONDITIONAL&token_id=73762761860659734030891197316041785328834920454117099289556533947788426778871 "HTTP/2 200 OK"
2026-09-01 12:18:14,639 [INFO] HTTP Request: GET https://clob.polymarket.com/balance-allowance?signature_type=3&asset_type=CONDITIONAL&token_id=57943863669306782178144283301840016735275708897993195729399951880990118580844 "HTTP/2 200 OK"
2026-09-01 12:18:14,926 [INFO] HTTP Request: GET https://clob.polymarket.com/balance-allowance?signature_type=3&asset_type=CONDITIONAL&token_id=47615282314988048962232377836944794674273525829834186465285313272647874396868 "HTTP/2 200 OK"
2026-09-01 12:18:15,206 [INFO] HTTP Request: GET https://clob.polymarket.com/balance-allowance?signature_type=3&asset_type=CONDITIONAL&token_id=40226981542536983444919787300677464823405496856507835248518908133696697843012 "HTTP/2 200 OK"
2026-09-01 12:18:15,212 [INFO] 真實帳戶狀態：餘額 $46.87，持有部位 1 個，成交 30 筆
2026-09-01 12:18:25,571 [INFO] HTTP Request: GET https://clob.polymarket.com/balance-allowance?signature_type=3&asset_type=COLLATERAL "HTTP/2 200 OK"
2026-09-01 12:18:25,840 [INFO] HTTP Request: GET https://clob.polymarket.com/data/orders?next_cursor=MA%3D%3D "HTTP/2 200 OK"
2026-09-01 12:18:26,113 [INFO] HTTP Request: GET https://clob.polymarket.com/data/trades?next_cursor=MA%3D%3D "HTTP/2 200 OK"
2026-09-01 12:18:26,436 [INFO] HTTP Request: GET https://clob.polymarket.com/balance-allowance?signature_type=3&asset_type=CONDITIONAL&token_id=15973703456008608149628327279400304376677831241481409862293892521282420370782 "HTTP/2 200 OK"
2026-09-01 12:18:26,729 [INFO] HTTP Request: GET https://clob.polymarket.com/midpoint?token_id=15973703456008608149628327279400304376677831241481409862293892521282420370782 "HTTP/2 200 OK"
2026-09-01 12:18:27,070 [INFO] HTTP Request: GET https://clob.polymarket.com/balance-allowance?signature_type=3&asset_type=CONDITIONAL&token_id=67225581639791542146677433330932315502316624859776065263784365377419792938599 "HTTP/2 200 OK"
2026-09-01 12:18:27,342 [INFO] HTTP Request: GET https://clob.polymarket.com/balance-allowance?signature_type=3&asset_type=CONDITIONAL&token_id=87469275844464643981155407533839324142931345613048856190211009216034181841646 "HTTP/2 200 OK"
2026-09-01 12:18:27,614 [INFO] HTTP Request: GET https://clob.polymarket.com/balance-allowance?signature_type=3&asset_type=CONDITIONAL&token_id=73762761860659734030891197316041785328834920454117099289556533947788426778871 "HTTP/2 200 OK"
2026-09-01 12:18:27,885 [INFO] HTTP Request: GET https://clob.polymarket.com/balance-allowance?signature_type=3&asset_type=CONDITIONAL&token_id=57943863669306782178144283301840016735275708897993195729399951880990118580844 "HTTP/2 200 OK"
2026-09-01 12:18:28,159 [INFO] HTTP Request: GET https://clob.polymarket.com/balance-allowance?signature_type=3&asset_type=CONDITIONAL&token_id=47615282314988048962232377836944794674273525829834186465285313272647874396868 "HTTP/2 200 OK"
2026-09-01 12:18:28,429 [INFO] HTTP Request: GET https://clob.polymarket.com/balance-allowance?signature_type=3&asset_type=CONDITIONAL&token_id=40226981542536983444919787300677464823405496856507835248518908133696697843012 "HTTP/2 200 OK"
2026-09-01 12:18:28,431 [INFO] 真實帳戶狀態：餘額 $46.87，持有部位 1 個，成交 30 筆
2026-09-01 12:18:38,805 [INFO] HTTP Request: GET https://clob.polymarket.com/balance-allowance?signature_type=3&asset_type=COLLATERAL "HTTP/2 200 OK"
2026-09-01 12:18:39,078 [INFO] HTTP Request: GET https://clob.polymarket.com/data/orders?next_cursor=MA%3D%3D "HTTP/2 200 OK"
2026-09-01 12:18:39,362 [INFO] HTTP Request: GET https://clob.polymarket.com/data/trades?next_cursor=MA%3D%3D "HTTP/2 200 OK"
2026-09-01 12:18:39,713 [INFO] HTTP Request: GET https://clob.polymarket.com/balance-allowance?signature_type=3&asset_type=CONDITIONAL&token_id=15973703456008608149628327279400304376677831241481409862293892521282420370782 "HTTP/2 200 OK"
2026-09-01 12:18:39,994 [INFO] HTTP Request: GET https://clob.polymarket.com/midpoint?token_id=15973703456008608149628327279400304376677831241481409862293892521282420370782 "HTTP/2 200 OK"
2026-09-01 12:18:40,275 [INFO] HTTP Request: GET https://clob.polymarket.com/balance-allowance?signature_type=3&asset_type=CONDITIONAL&token_id=67225581639791542146677433330932315502316624859776065263784365377419792938599 "HTTP/2 200 OK"
2026-09-01 12:18:40,558 [INFO] HTTP Request: GET https://clob.polymarket.com/balance-allowance?signature_type=3&asset_type=CONDITIONAL&token_id=87469275844464643981155407533839324142931345613048856190211009216034181841646 "HTTP/2 200 OK"
2026-09-01 12:18:40,847 [INFO] HTTP Request: GET https://clob.polymarket.com/balance-allowance?signature_type=3&asset_type=CONDITIONAL&token_id=73762761860659734030891197316041785328834920454117099289556533947788426778871 "HTTP/2 200 OK"
2026-09-01 12:18:41,128 [INFO] HTTP Request: GET https://clob.polymarket.com/balance-allowance?signature_type=3&asset_type=CONDITIONAL&token_id=57943863669306782178144283301840016735275708897993195729399951880990118580844 "HTTP/2 200 OK"
2026-09-01 12:18:41,425 [INFO] HTTP Request: GET https://clob.polymarket.com/balance-allowance?signature_type=3&asset_type=CONDITIONAL&token_id=47615282314988048962232377836944794674273525829834186465285313272647874396868 "HTTP/2 200 OK"
2026-09-01 12:18:41,711 [INFO] HTTP Request: GET https://clob.polymarket.com/balance-allowance?signature_type=3&asset_type=CONDITIONAL&token_id=40226981542536983444919787300677464823405496856507835248518908133696697843012 "HTTP/2 200 OK"
2026-09-01 12:18:41,717 [INFO] 真實帳戶狀態：餘額 $46.87，持有部位 1 個，成交 30 筆
2026-09-01 12:18:52,207 [INFO] HTTP Request: GET https://clob.polymarket.com/balance-allowance?signature_type=3&asset_type=COLLATERAL "HTTP/2 200 OK"
2026-09-01 12:18:52,477 [INFO] HTTP Request: GET https://clob.polymarket.com/data/orders?next_cursor=MA%3D%3D "HTTP/2 200 OK"
2026-09-01 12:18:52,753 [INFO] HTTP Request: GET https://clob.polymarket.com/data/trades?next_cursor=MA%3D%3D "HTTP/2 200 OK"
2026-09-01 12:18:53,083 [INFO] HTTP Request: GET https://clob.polymarket.com/balance-allowance?signature_type=3&asset_type=CONDITIONAL&token_id=15973703456008608149628327279400304376677831241481409862293892521282420370782 "HTTP/2 200 OK"
2026-09-01 12:18:53,351 [INFO] HTTP Request: GET https://clob.polymarket.com/midpoint?token_id=15973703456008608149628327279400304376677831241481409862293892521282420370782 "HTTP/2 200 OK"
2026-09-01 12:18:53,622 [INFO] HTTP Request: GET https://clob.polymarket.com/balance-allowance?signature_type=3&asset_type=CONDITIONAL&token_id=67225581639791542146677433330932315502316624859776065263784365377419792938599 "HTTP/2 200 OK"
2026-09-01 12:18:53,893 [INFO] HTTP Request: GET https://clob.polymarket.com/balance-allowance?signature_type=3&asset_type=CONDITIONAL&token_id=87469275844464643981155407533839324142931345613048856190211009216034181841646 "HTTP/2 200 OK"
2026-09-01 12:18:54,168 [INFO] HTTP Request: GET https://clob.polymarket.com/balance-allowance?signature_type=3&asset_type=CONDITIONAL&token_id=73762761860659734030891197316041785328834920454117099289556533947788426778871 "HTTP/2 200 OK"
2026-09-01 12:18:54,437 [INFO] HTTP Request: GET https://clob.polymarket.com/balance-allowance?signature_type=3&asset_type=CONDITIONAL&token_id=57943863669306782178144283301840016735275708897993195729399951880990118580844 "HTTP/2 200 OK"
2026-09-01 12:18:54,707 [INFO] HTTP Request: GET https://clob.polymarket.com/balance-allowance?signature_type=3&asset_type=CONDITIONAL&token_id=47615282314988048962232377836944794674273525829834186465285313272647874396868 "HTTP/2 200 OK"
2026-09-01 12:18:54,981 [INFO] HTTP Request: GET https://clob.polymarket.com/balance-allowance?signature_type=3&asset_type=CONDITIONAL&token_id=40226981542536983444919787300677464823405496856507835248518908133696697843012 "HTTP/2 200 OK"
2026-09-01 12:18:54,986 [INFO] 真實帳戶狀態：餘額 $46.87，持有部位 1 個，成交 30 筆
2026-09-01 12:19:05,471 [INFO] HTTP Request: GET https://clob.polymarket.com/balance-allowance?signature_type=3&asset_type=COLLATERAL "HTTP/2 200 OK"
2026-09-01 12:19:05,738 [INFO] HTTP Request: GET https://clob.polymarket.com/data/orders?next_cursor=MA%3D%3D "HTTP/2 200 OK"
2026-09-01 12:19:06,014 [INFO] HTTP Request: GET https://clob.polymarket.com/data/trades?next_cursor=MA%3D%3D "HTTP/2 200 OK"
2026-09-01 12:19:06,349 [INFO] HTTP Request: GET https://clob.polymarket.com/balance-allowance?signature_type=3&asset_type=CONDITIONAL&token_id=15973703456008608149628327279400304376677831241481409862293892521282420370782 "HTTP/2 200 OK"
